# percent estimate error for cds; TTS: 5%-90%, sampling interval size = 30 sec 
0.05,0.1,0.2,0.3,0.4,0.5,0.6,0.7,0.8,0.9,Transcript
4.515,12.395,3.996,9.276,2.475,6.961,9.079,3.908,1.676,5.18,A1
3.613,12.846,3.247,11.662,1.809,7.006,5.013,0.043,2.263,0.363,A1
21.414,3.951,5.096,5.887,15.507,3.715,8.205,5.932,8.217,3.32,A1
13.421,7.39,2.193,5.379,1.908,0.828,0.145,10.591,3.13,2.5,A1
3.951,0.107,11.211,9.746,3.165,0.378,1.763,4.673,0.957,1.54,A1
13.748,18.426,12.096,0.464,4.529,0.017,1.753,0.606,0.126,0.075,A1
28.854,1.573,4.656,1.46,12.519,1.46,2.194,0.856,3.2,3.144,A1
10.152,2.768,7.531,0.062,1.781,0.738,5.528,0.513,0.908,0.093,A1
12.632,19.847,1.246,4.241,6.615,3.613,8.224,0.993,0.302,0.469,A1
5.079,3.94,5.321,4.692,5.6,4.492,9.671,1.21,6.004,2.719,A1
3.827,6.657,5.518,9.238,4.94,1.02,5.847,4.198,3.169,1.629,A1
3.602,0.964,2.119,6.702,5.701,8.494,0.588,4.552,1.263,1.484,A1
6.082,0.276,0.259,3.031,0.713,1.539,1.272,0.038,4.771,3.458,A1
10.039,20.174,0.259,4.308,6.631,13.59,1.789,3.549,2.644,7.811,A1
5.868,1.359,1.387,6.965,1.781,3.275,0.212,3.621,8.999,0.859,A1
12.519,4.56,1.995,0.276,0.273,9.96,1.33,0.126,4.067,1.36,A1
4.628,12.226,2.345,0.212,3.839,0.4,3.585,3.28,2.009,9.169,A1
2.937,5.981,7.953,3.113,5.236,0.457,0.99,3.722,5.462,2.418,A1
12.97,14.605,4.504,11.174,1.232,0.502,2.08,0.977,3.458,1.479,A1
13.872,0.006,0.795,4.861,2.601,0.276,1.208,1.069,2.07,1.541,A1
25.033,0.107,4.43,9.231,1.26,0.964,6.824,4.689,2.465,4.008,A1
4.391,0.163,2.26,5.406,6.251,5.225,2.982,4.149,0.685,1.039,A1
23.003,22.823,10.039,17.487,1.333,3.151,2.129,2.611,12.487,0.445,A1
9.475,0.908,8.038,5.18,8.139,6.623,3.761,5.478,0.713,1.165,A1
18.494,11.831,10.591,1.178,3.994,2.17,0.765,2.241,4.081,3.82,A1
20.512,18.832,7.491,1.084,7.7,3.196,4.459,3.07,4.003,8.493,A1
12.294,8.675,11.409,16.528,0.6,4.109,3.179,2.523,2.333,2.362,A1
32.8,2.204,13.1,1.873,2.796,3.061,0.551,2.37,0.579,4.854,A1
1.122,25.81,4.825,1.723,1.767,0.907,4.919,6.71,0.607,4.985,A1
16.239,16.284,0.671,10.648,0.302,5.36,2.683,0.875,9.21,0.264,A1
3.951,0.952,19.086,4.372,5.222,2.835,0.192,0.59,6.455,0.626,A1
15.337,2.531,7.784,10.058,0.53,1.054,2.042,2.958,3.994,4.523,A1
6.082,19.903,2.249,0.276,3.165,3.805,1.283,1.879,6.117,2.111,A1
12.632,15.563,3.292,3.444,5.234,8.979,5.368,5.406,3.285,0.207,A1
22.654,23.33,1.02,7.39,2.221,1.944,2.954,1.793,0.255,3.608,A1
6.646,14.379,4.165,5.605,5.854,1.076,5.483,4.206,0.861,2.243,A1
0.006,14.041,0.119,7.36,2.869,1.111,1.883,4.657,1.375,0.508,A1
0.457,12.169,8.646,5.687,2.996,1.652,3.254,0.582,2.897,0.638,A1
6.77,10.659,7.773,0.107,3.475,5.969,3.658,9.279,4.891,3.527,A1
10.377,27.287,1.612,3.144,2.049,3.072,0.21,0.263,3.677,3.188,A1
18.37,12.914,5.152,0.915,2.475,3.602,0.09,2.631,7.604,8.631,A1
23.556,2.475,2.136,4.09,6.11,3.568,1.612,1.858,2.749,1.879,A1
9.363,8.799,5.22,4.56,0.555,4.673,0.549,5.465,0.823,0.933,A1
3.489,8.618,0.558,2.85,5.532,2.35,3.404,2.619,1.382,1.723,A1
11.617,12.226,2.446,9.577,0.812,0.333,3.5,1.798,3.63,6.395,A1
46.779,19.159,5.462,9.746,4.546,1.663,2.277,1.769,1.453,1.315,A1
7.672,15.157,1.528,10.742,4.36,3.241,6.721,7.523,3.648,5.023,A1
8.122,25.416,0.333,3.621,3.038,4.053,5.349,2.743,0.999,3.395,A1
0.445,1.573,7.953,3.5,5.84,6.364,1.45,0.856,1.418,5.7,A1
5.293,0.062,11.702,3.669,7.333,3.422,5.455,6.984,5.37,8.794,A1
21.538,11.843,4.74,10.415,3.193,10.343,2.542,7.402,0.509,8.612,A1
9.802,12.564,1.206,8.506,2.754,6.882,4.729,0.288,3.228,7.541,A1
17.919,2.711,6.234,1.404,0.119,5.338,1.086,3.924,7.418,6.383,A1
9.926,12.35,4.757,4.29,3.19,8.235,10.169,6.621,2.531,3.507,A1
20.737,7.277,1.753,5.856,1.697,2.238,1.169,2.929,4.997,5.255,A1
18.257,4.121,9.222,4.459,0.333,3.41,2.204,3.022,6.815,4.021,A1
4.966,12.62,7.153,11.474,4.602,4.402,1.096,5.409,1.904,0.333,A1
16.115,0.851,0.682,3.658,8.323,6.984,4.506,5.091,1.502,1.929,A1
33.251,2.193,7.942,7.754,13.536,5.214,8.055,2.276,1.52,2.192,A1
3.951,7.277,4.853,2.392,6.646,0.4,5.304,0.179,0.978,2.449,A1
26.148,12.519,1.33,11.098,4.433,0.299,0.041,11.187,1.044,8.492,A1
6.77,8.122,8.506,12.113,0.076,0.073,5.847,3.07,0.156,1.103,A1
26.599,8.404,3.923,6.589,8.421,2.847,7.942,0.682,7.026,0.402,A1
13.985,1.189,2.7,4.646,0.428,6.894,2.88,5.301,10.225,0.921,A1
9.802,15.721,10.704,2.242,7.982,11.798,0.427,0.542,4.109,6.533,A1
7.322,6.375,6.77,4.071,1.263,6.972,6.028,1.769,3.553,4.403,A1
1.359,21.369,5.783,2.598,1.401,5.958,3.761,2.708,6.73,3.439,A1
14.65,7.221,4.222,6.27,6.265,2.407,0.041,5.72,3.32,7.98,A1
5.191,11.888,13.438,6.007,1.02,6.025,1.03,3.497,1.323,5.186,A1
9.351,3.264,8.816,2.598,4.123,2.362,1.46,9.536,3.064,3.495,A1
10.817,10.76,14.548,6.608,7.615,1.787,6.824,2.434,5.173,4.053,A1
1.685,3.996,3.912,8.374,0.121,7.333,1.236,4.415,11.162,5.217,A1
19.046,14.593,4.515,4.936,12.057,4.447,4.814,6.074,4.292,3.594,A1
1.359,2.7,5.445,6.57,5.772,8.438,4.306,3.146,3.517,0.445,A1
19.621,1.291,7.181,5.248,2.686,6.488,5.896,7.314,0.333,4.779,A1
6.432,12.0,2.035,1.31,5.758,5.27,0.004,4.028,3.933,1.991,A1
12.406,10.478,6.093,3.188,0.062,4.966,3.902,1.23,1.481,2.819,A1
45.877,5.631,14.83,1.603,1.189,4.707,7.266,0.553,10.655,3.977,A1
11.831,6.984,3.884,0.043,11.888,0.828,5.462,2.587,1.302,1.71,A1
31.221,23.556,3.811,4.008,0.344,1.178,6.927,0.381,4.003,8.399,A1
3.726,13.184,6.347,0.1,2.235,1.246,12.93,4.04,3.796,2.492,A1
23.217,2.305,13.804,10.892,4.123,5.09,0.475,0.449,2.627,4.003,A1
21.075,0.051,3.63,5.398,5.487,5.451,3.527,2.816,4.271,5.831,A1
3.264,6.262,5.321,1.479,7.745,5.924,2.625,1.83,5.814,1.817,A1
26.836,9.859,5.772,1.903,10.366,2.272,3.32,3.28,8.153,0.319,A1
9.915,2.091,9.436,3.264,2.066,3.647,4.43,7.346,3.637,2.956,A1
27.163,37.14,11.69,9.934,4.349,5.958,4.682,3.642,5.293,0.188,A1
25.934,4.346,6.138,4.196,3.148,0.051,8.957,2.611,3.884,3.859,A1
2.598,9.238,5.586,4.139,3.669,9.103,0.908,6.13,2.989,5.555,A1
10.704,5.856,4.898,8.592,0.471,1.437,2.805,2.574,4.342,2.881,A1
22.766,1.415,3.754,4.459,6.262,2.576,1.65,1.995,0.154,0.4,A1
33.6,10.208,2.148,5.811,7.361,3.275,3.453,0.703,6.61,4.403,A1
21.301,5.687,3.996,0.483,3.515,0.152,4.137,3.449,2.834,2.099,A1
1.911,8.968,1.967,4.259,1.669,6.454,3.837,3.006,5.582,9.151,A1
2.26,4.898,0.4,10.208,6.406,9.554,0.109,2.196,1.316,3.043,A1
26.148,2.925,0.023,12.5,1.922,0.817,3.649,3.811,0.83,5.023,A1
14.436,12.914,4.757,5.83,4.321,1.257,0.135,3.006,2.559,0.057,A1
23.003,4.233,2.542,4.947,0.995,1.978,2.418,1.347,1.58,1.215,A1
4.955,8.618,4.008,4.936,3.965,2.869,8.694,6.042,2.761,2.387,A1
5.53,0.062,3.01,2.711,7.167,7.773,0.569,0.65,1.502,1.327,A1
21.129,12.769,9.248,3.321,8.344,2.774,1.382,0.649,6.698,0.022,A2
26.393,19.902,9.636,5.15,3.873,3.915,1.888,1.74,8.094,2.546,A2
4.311,16.773,0.241,9.455,2.114,3.807,2.869,4.166,2.64,3.645,A2
25.003,9.218,9.573,5.409,2.794,3.743,2.137,2.743,2.969,0.338,A2
0.596,0.661,6.472,1.384,0.774,1.565,0.953,0.91,8.99,0.659,A2
2.374,0.919,6.988,12.081,4.198,4.651,2.759,0.181,1.898,1.974,A2
6.02,6.312,14.771,0.179,1.161,1.048,9.186,7.143,0.846,2.611,A2
10.768,10.509,3.017,5.236,3.986,4.595,4.139,1.083,1.801,2.187,A2
3.794,15.059,18.578,3.416,7.636,9.403,7.849,1.138,0.776,2.718,A2
10.54,10.509,7.927,3.106,1.113,2.878,4.074,6.211,3.235,3.243,A2
5.086,2.533,0.919,8.904,1.161,1.857,0.34,7.837,0.8,6.866,A2
2.662,6.02,3.76,2.073,18.742,6.575,2.318,3.17,0.54,0.847,A2
27.297,4.44,3.534,1.737,11.169,0.235,0.026,5.383,1.47,3.043,A2
15.963,2.469,6.926,3.394,0.275,10.204,0.727,0.105,1.145,1.176,A2
6.149,13.415,0.951,14.069,1.581,7.285,7.505,0.937,2.283,6.786,A2
22.549,2.374,11.024,13.889,6.649,1.922,0.727,1.177,2.923,0.344,A2
5.215,2.374,14.028,0.941,6.635,1.612,0.491,0.741,5.019,2.654,A2
3.308,2.826,2.374,4.246,9.781,1.457,5.172,8.886,0.306,1.657,A2
17.483,4.44,12.898,10.38,5.877,1.754,5.14,5.273,3.252,4.053,A2
14.9,9.024,3.792,1.75,10.509,5.68,2.027,0.144,5.423,4.914,A2
0.209,6.377,8.282,10.617,5.764,5.206,3.601,1.768,1.688,2.612,A2
19.807,0.144,6.765,12.016,3.439,0.635,6.678,5.522,5.197,6.472,A2
1.629,9.055,14.19,8.013,1.244,3.472,3.792,2.678,1.357,3.38,A2
49.668,8.538,0.919,3.588,1.422,0.312,8.508,0.981,5.158,7.855,A2
4.182,2.21,5.57,2.017,4.325,6.653,1.726,4.957,3.486,0.496,A2
4.729,2.955,1.5,4.505,5.81,1.849,5.968,2.081,0.967,3.086,A2
20.582,4.182,0.306,1.199,3.857,3.45,2.221,1.454,6.208,0.395,A2
7.798,0.661,2.664,10.682,1.599,5.671,4.15,5.187,1.002,7.577,A2
1.083,1.728,7.053,1.319,6.91,9.76,11.037,7.65,0.865,0.682,A2
5.731,20.548,0.889,2.331,1.839,6.317,2.632,2.496,2.164,2.756,A2
5.473,7.539,5.279,0.501,0.082,9.67,5.667,3.502,3.689,6.829,A2
19.678,11.96,8.344,14.061,6.407,2.542,4.311,5.31,4.624,3.127,A2
19.032,0.144,6.762,9.175,2.969,10.217,0.846,8.335,1.962,2.697,A2
16.32,1.018,1.888,6.623,8.556,2.314,2.406,8.425,3.921,3.911,A2
14.284,1.952,11.185,11.198,5.247,2.443,2.073,2.291,3.744,0.509,A2
15.963,10.281,0.693,7.755,7.362,0.377,2.417,2.042,0.889,1.506,A2
12.606,5.731,5.15,5.71,0.758,7.479,4.838,0.836,7.111,3.832,A2
11.185,18.804,2.568,5.697,3.808,11.87,0.62,4.858,0.322,2.261,A2
18.029,0.114,6.536,7.582,4.327,3.876,5.094,7.53,0.023,3.773,A2
4.698,5.374,10.992,6.278,3.211,3.846,3.932,3.638,4.906,0.618,A2
14.254,27.069,2.598,0.898,2.568,0.777,0.489,4.348,3.139,0.094,A2
18.516,0.08,7.376,12.907,2.842,0.609,7.58,8.951,0.491,0.187,A2
8.443,13.251,0.628,5.051,3.841,0.854,7.139,1.35,1.962,3.07,A2
18.933,5.181,1.694,2.878,0.451,6.79,6.547,5.003,6.434,2.031,A2
3.794,4.44,3.698,6.127,7.265,4.793,1.492,2.745,6.974,0.403,A2
19.708,15.834,4.15,1.242,4.359,3.127,0.469,4.043,4.884,2.969,A2
15.834,12.64,4.182,0.209,2.259,6.984,2.393,9.255,6.03,0.709,A2
39.952,5.99,0.499,6.98,9.718,7.501,1.212,0.928,1.139,0.666,A2
8.99,0.984,4.924,11.271,3.421,3.605,4.169,4.025,1.123,5.495,A2
17.999,2.146,1.339,1.823,0.322,0.217,3.945,2.429,3.163,1.507,A2
0.953,15.963,2.888,2.921,7.489,4.651,1.565,1.156,0.064,2.769,A2
16.092,12.67,2.921,3.579,1.228,1.87,0.351,2.669,3.657,2.863,A2
7.699,7.733,4.117,12.369,1.888,5.628,6.074,1.249,2.227,1.434,A2
17.741,3.278,4.599,6.149,1.016,5.632,2.867,1.202,0.962,4.11,A2
23.294,3.213,1.825,10.596,2.097,1.832,6.278,4.645,0.104,5.696,A2
5.891,7.281,6.668,3.558,0.34,1.38,3.609,0.216,4.624,8.05,A2
14.93,0.437,11.928,7.281,2.761,3.463,5.094,0.612,0.429,0.324,A2
10.639,1.212,5.955,7.871,4.47,8.796,5.624,3.437,0.628,4.124,A2
23.81,13.092,1.567,15.64,6.488,7.268,0.803,4.265,1.688,0.058,A2
19.032,4.922,9.087,1.629,4.422,5.219,4.074,3.585,5.261,3.825,A2
10.509,2.116,1.21,6.786,6.391,3.85,4.677,1.018,1.952,1.549,A2
1.341,1.857,1.373,2.253,3.811,8.357,0.973,4.12,5.253,6.657,A2
5.861,19.902,2.792,4.599,6.716,2.632,1.608,5.999,4.349,0.501,A2
4.341,1.823,3.149,10.066,14.123,0.312,2.996,0.013,1.292,0.589,A2
8.473,4.793,2.051,4.698,0.177,6.769,11.478,6.103,2.019,0.481,A2
19.807,2.568,8.215,0.05,1.986,1.225,0.112,4.209,0.824,3.249,A2
0.05,3.149,2.535,5.353,6.682,3.162,4.063,1.848,2.785,2.827,A2
2.792,0.953,1.212,4.685,0.275,0.05,3.878,2.828,2.097,0.065,A2
0.209,13.544,3.472,13.768,0.742,7.191,1.123,0.799,0.784,1.714,A2
14.125,0.532,3.308,5.159,9.17,1.793,0.618,2.678,3.574,2.295,A2
23.165,6.73,0.727,0.351,4.15,2.219,0.435,4.053,5.068,3.516,A2
20.065,7.182,21.516,8.258,0.243,13.342,5.107,6.417,0.104,2.885,A2
28.102,25.003,8.538,4.096,3.084,1.771,8.086,4.883,0.429,1.012,A2
25.618,15.158,5.473,3.48,10.023,5.021,2.309,2.706,3.534,2.453,A2
17.224,9.507,9.412,8.831,4.922,3.82,0.564,0.538,8.788,0.975,A2
9.089,4.341,7.311,2.124,4.099,5.142,3.825,0.363,7.911,0.566,A2
13.897,16.544,4.051,11.723,4.65,9.158,0.319,2.921,12.339,3.5,A2
17.483,14.414,0.146,1.672,3.211,6.975,9.625,6.331,2.323,5.424,A2
5.344,5.086,7.604,8.021,3.794,0.269,6.28,1.159,1.389,2.926,A2
4.182,15.447,0.372,1.651,5.778,5.706,1.384,1.627,0.332,2.783,A2
19.032,3.05,0.663,3.459,2.598,3.153,0.844,2.411,3.768,0.941,A2
8.96,12.64,3.116,3.041,4.858,6.338,6.807,0.043,4.381,1.305,A2
9.765,1.147,9.894,8.818,5.891,5.512,0.846,4.274,5.328,4.104,A2
0.953,10.41,12.154,5.912,2.017,7.996,3.921,4.376,1.777,0.035,A2
5.503,3.213,8.409,1.285,3.552,5.654,1.78,0.76,1.099,1.07,A2
26.811,12.283,8.282,0.609,16.415,0.557,2.027,2.033,2.907,7.016,A2
10.122,1.212,5.213,5.344,3.907,7.105,7.216,6.414,1.543,1.443,A2
6.924,2.985,1.276,0.544,14.706,1.418,1.631,1.86,3.663,3.342,A2
5.99,2.439,6.442,10.983,0.919,5.576,0.682,1.202,2.501,2.144,A2
9.347,7.087,3.568,2.619,1.726,7.634,0.846,3.186,7.903,1.147,A2
16.609,9.735,4.147,2.189,3.663,7.053,3.106,0.762,1.793,0.517,A2
8.99,15.417,0.243,0.006,10.445,1.651,7.389,1.839,3.601,0.058,A2
6.149,10.152,1.758,10.014,0.499,0.45,1.287,0.372,1.791,1.764,A2
12.059,4.698,11.22,10.927,16.109,1.487,6.807,3.105,1.766,0.56,A2
9.248,0.114,1.436,1.728,6.827,0.583,2.092,2.091,0.322,5.302,A2
27.456,1.922,4.311,4.212,2.792,8.964,3.956,0.421,7.682,3.573,A2
1.857,16.514,5.116,7.884,6.908,1.707,8.032,4.449,2.105,0.704,A2
15.188,5.051,3.631,3.287,3.615,2.081,3.05,4.12,0.267,1.565,A2
12.477,19.42,4.115,0.136,1.615,11.121,2.815,0.695,2.872,0.143,A2
18.804,21.839,0.727,11.637,5.891,1.341,4.774,2.423,4.204,0.568,A2
12.212,13.12,4.982,7.718,14.145,2.038,1.599,9.487,2.007,1.747,A3
17.529,5.546,3.992,1.067,0.223,0.582,2.744,4.271,1.815,3.787,A3
21.222,14.966,12.827,20.025,9.556,4.936,1.069,1.633,7.481,6.146,A3
20.196,4.623,12.761,4.197,11.197,5.612,7.255,10.761,1.326,1.671,A3
21.237,6.248,7.684,2.659,10.673,0.669,6.024,3.347,2.084,2.948,A3
2.366,3.802,8.622,16.724,5.11,2.843,0.708,10.438,1.149,8.755,A3
8.52,23.39,11.273,6.366,7.033,0.808,5.291,4.564,0.646,10.476,A3
3.582,4.315,6.402,7.118,3.556,3.207,0.386,0.008,2.018,5.132,A3
30.467,13.222,14.196,8.622,6.597,11.33,2.197,1.853,5.623,6.112,A3
11.802,1.238,1.084,1.717,3.813,5.71,0.351,7.758,2.033,4.265,A3
1.531,9.238,1.084,0.281,5.392,4.151,2.007,5.823,5.635,1.303,A3
6.674,19.186,10.93,3.7,3.915,6.469,3.018,1.765,12.135,2.423,A3
17.75,1.531,1.546,9.374,16.581,3.72,4.041,2.351,8.966,2.955,A3
3.187,10.468,12.197,8.505,4.505,4.13,8.349,7.889,10.238,6.191,A3
17.94,28.005,0.469,1.717,12.068,5.469,0.264,1.838,2.123,4.634,A3
9.75,15.068,7.494,10.332,2.315,1.874,8.007,0.71,3.261,4.049,A3
3.582,5.633,0.572,3.939,3.966,8.91,10.436,6.469,5.661,4.235,A3
8.315,6.674,8.058,20.109,0.531,4.095,4.418,0.286,4.787,1.645,A3
8.915,3.084,3.084,0.744,6.71,2.536,12.793,6.908,11.338,1.132,A3
20.196,7.187,0.213,4.965,4.684,12.566,2.471,8.168,3.059,8.167,A3
3.597,4.315,5.428,12.265,9.992,0.767,14.81,5.048,9.302,2.42,A3
16.914,5.135,5.479,2.727,5.571,7.248,0.418,2.542,6.315,3.901,A3
64.5,7.171,10.007,0.095,2.931,7.664,7.496,5.765,9.186,4.531,A3
18.57,23.185,4.402,2.967,11.673,0.813,5.257,3.744,3.825,0.213,A3
14.468,12.725,7.597,10.487,12.186,1.9,3.597,0.93,3.031,2.742,A3
8.725,11.391,3.751,8.178,7.571,6.494,5.718,7.699,6.405,4.452,A3
19.786,6.264,6.351,13.496,8.581,5.12,1.529,2.805,8.225,3.358,A3
33.544,8.71,10.35,0.418,2.556,3.105,3.069,2.659,4.518,5.428,A3
11.376,2.059,6.607,0.95,6.223,4.459,5.855,4.109,3.264,0.099,A3
3.992,3.187,18.263,11.391,9.802,4.048,0.967,8.021,2.225,1.77,A3
7.699,14.453,10.812,0.726,9.135,2.551,3.785,1.546,0.749,2.34,A3
25.544,7.597,4.315,2.64,0.428,9.135,2.454,0.095,3.828,4.338,A3
2.982,12.212,17.888,3.65,4.648,2.797,6.966,0.139,3.736,2.207,A3
16.519,27.903,12.145,8.554,14.058,8.915,2.725,4.607,4.982,4.3,A3
2.351,2.572,6.915,7.923,7.033,2.141,2.761,6.293,1.084,4.053,A3
30.467,16.006,1.377,3.069,0.238,2.884,5.445,9.692,10.043,8.007,A3
14.878,2.982,0.505,5.12,0.274,11.684,2.691,6.029,2.505,2.435,A3
8.11,14.453,2.572,4.881,0.249,1.572,0.657,4.329,5.033,0.277,A3
0.931,0.095,7.187,3.274,0.531,9.592,0.999,9.047,2.659,0.631,A3
28.416,0.315,15.853,0.539,4.648,8.217,9.323,6.161,1.879,6.829,A3
9.12,11.802,20.006,14.024,3.674,10.925,9.086,5.531,1.982,0.361,A3
6.879,14.981,17.376,5.975,1.623,8.725,11.255,12.24,3.21,4.19,A3
0.71,13.34,4.623,6.009,6.223,0.808,4.708,5.823,0.879,1.474,A3
4.212,19.888,9.171,0.232,11.53,1.628,4.009,5.545,2.159,2.921,A3
5.633,0.403,5.289,7.905,5.033,6.966,2.965,0.213,0.62,1.542,A3
16.914,14.761,10.263,5.804,6.812,0.849,12.383,4.314,2.687,0.323,A3
17.135,12.725,19.596,4.847,1.982,4.464,7.274,13.237,5.353,0.441,A3
26.775,12.812,1.582,15.152,1.008,1.546,0.469,4.095,5.725,0.152,A3
33.733,2.674,16.35,5.496,8.838,2.941,14.248,5.106,2.61,0.372,A3
9.135,1.854,7.648,7.289,4.607,7.356,0.777,5.765,11.071,0.687,A3
22.657,25.119,9.479,2.23,3.582,0.131,4.026,6.702,5.392,5.246,A3
14.043,5.751,23.99,3.924,7.956,0.541,7.272,2.264,0.992,4.851,A3
0.3,6.059,2.813,19.938,5.494,3.397,3.665,2.41,3.12,1.831,A3
23.698,18.247,6.622,8.334,0.956,1.813,2.606,0.08,1.928,1.352,A3
23.288,10.145,0.161,3.324,1.187,0.52,4.676,1.853,0.185,0.494,A3
28.416,32.195,1.12,23.956,0.813,2.084,3.665,8.285,1.597,1.519,A3
14.658,14.468,13.801,13.135,5.069,10.925,0.64,5.677,6.364,1.671,A3
15.478,10.571,3.341,11.665,0.469,9.34,5.426,4.696,11.417,2.75,A3
5.853,20.621,7.069,7.768,0.161,4.423,6.195,0.959,6.21,5.975,A3
3.802,13.75,7.597,8.573,0.802,0.71,7.821,7.348,3.889,5.781,A3
5.018,9.94,6.043,1.667,2.992,1.469,4.026,4.608,2.723,6.48,A3
14.673,5.853,1.956,1.17,10.299,9.607,2.708,6.088,2.418,3.597,A3
15.478,10.043,15.581,4.554,18.776,0.52,2.366,0.197,0.48,2.032,A3
10.161,27.375,2.351,13.545,2.29,2.243,13.632,0.828,4.123,2.852,A3
25.544,33.646,3.479,0.027,8.033,7.33,13.425,0.433,3.21,4.395,A3
10.35,16.504,4.674,3.324,7.043,0.731,0.334,11.523,0.428,0.144,A3
5.238,22.862,7.069,1.341,6.11,2.126,0.828,0.857,1.992,5.044,A3
15.083,3.274,5.648,4.197,4.007,5.156,0.897,4.974,5.148,4.064,A3
33.733,11.376,1.033,5.135,9.161,3.336,2.982,6.995,9.261,4.767,A3
7.289,10.058,5.597,1.307,5.146,10.166,4.298,2.586,1.12,0.714,A3
28.195,13.648,6.094,9.154,4.187,7.474,5.734,1.517,1.969,1.968,A3
10.571,14.863,3.736,6.043,0.008,5.1,3.683,8.885,1.39,3.263,A3
17.324,4.418,11.186,2.879,4.915,2.797,3.992,8.11,6.02,4.087,A3
3.582,0.213,11.94,4.505,2.325,5.141,6.127,2.044,4.607,1.774,A3
3.187,13.34,3.992,10.385,2.3,9.797,5.411,0.168,1.274,2.674,A3
6.248,23.185,7.494,8.349,4.659,3.992,3.888,2.337,6.953,0.528,A3
15.904,2.982,4.556,2.693,14.904,3.925,7.479,0.945,0.62,9.431,A3
12.212,16.196,8.146,14.419,4.187,5.346,2.554,0.975,1.774,3.445,A3
29.016,13.427,8.879,1.394,2.941,3.064,6.744,7.055,2.354,1.398,A3
14.248,4.315,19.478,1.58,0.418,7.474,4.315,3.656,5.107,5.188,A3
16.094,8.402,9.238,1.956,11.043,10.489,4.693,0.3,2.62,0.577,A3
30.246,9.648,21.991,9.067,1.572,2.372,1.324,7.172,0.62,0.448,A3
7.699,20.006,9.084,4.862,4.623,2.064,5.153,1.707,1.149,7.996,A3
34.759,9.735,2.864,0.11,8.222,7.064,6.265,6.732,0.02,1.029,A3
1.751,4.623,0.762,8.334,6.582,7.992,2.896,6.673,9.533,1.69,A3
33.133,2.059,12.197,1.291,6.828,0.767,3.052,1.487,1.559,2.025,A3
12.212,18.878,15.324,8.896,0.403,4.156,5.153,2.996,3.52,7.654,A3
7.289,5.325,7.597,7.631,8.069,0.008,2.727,8.49,4.661,1.656,A3
12.812,4.007,17.837,9.052,5.941,4.377,6.195,7.626,3.507,4.554,A3
41.938,6.146,1.187,0.35,1.71,3.623,8.195,2.278,3.787,0.049,A3
13.427,17.017,5.428,7.187,8.376,3.664,6.06,0.389,0.354,4.858,A3
6.659,8.007,0.095,8.725,1.12,1.182,0.932,3.245,1.277,2.841,A3
20.621,2.674,12.776,13.188,1.033,3.433,0.454,2.439,6.469,5.052,A3
24.708,1.12,6.761,6.229,7.212,0.603,11.086,9.355,8.492,3.95,A3
18.965,6.248,9.597,4.965,5.505,5.325,2.691,5.883,8.11,0.186,A3
11.597,8.197,2.864,3.939,12.212,3.295,3.084,6.409,7.738,3.096,A3
6.059,6.161,0.095,10.366,12.34,1.977,9.016,0.315,3.789,5.432,A3
16.724,26.657,8.658,1.086,4.607,6.264,4.966,5.223,8.748,4.418,A3
8.299,11.084,10.315,1.067,2.402,5.018,2.488,8.548,4.966,4.885,A3
3.377,27.185,9.069,10.043,1.11,7.515,13.716,3.406,2.531,4.349,A3
12.36,8.573,0.185,21.954,6.203,4.91,0.739,14.664,0.104,7.879,B1
13.899,28.059,14.807,5.495,10.897,12.267,0.277,20.887,3.513,1.602,B1
4.571,1.493,20.748,1.842,21.556,4.294,19.85,10.178,5.129,8.135,B1
35.97,6.049,1.416,17.398,13.976,9.374,5.213,7.166,6.28,3.631,B1
46.837,18.424,1.185,4.212,11.805,6.819,1.354,12.223,12.71,0.559,B1
7.742,1.493,4.187,9.948,8.165,5.156,9.589,8.529,1.932,9.11,B1
26.212,9.958,4.587,3.853,1.47,19.378,12.052,0.745,3.744,0.44,B1
17.593,23.965,9.435,10.164,0.431,3.155,10.471,7.676,4.456,3.853,B1
12.267,23.903,9.805,1.38,1.201,9.497,1.483,6.643,2.47,1.141,B1
16.577,1.339,14.961,21.851,5.433,4.633,4.741,13.367,5.703,5.108,B1
21.287,5.279,7.034,11.19,11.498,5.249,2.201,1.124,0.454,0.765,B1
7.958,1.893,2.047,9.548,2.032,10.697,5.7,6.731,1.912,12.113,B1
10.205,39.295,8.496,3.802,3.686,2.447,16.361,20.737,9.42,7.427,B1
28.059,8.05,6.434,4.407,9.551,0.877,6.572,2.267,7.954,1.893,B1
20.671,6.819,17.27,12.524,2.586,4.048,15.079,8.468,4.86,2.143,B1
3.34,27.136,3.417,22.374,4.471,1.0,11.051,7.962,7.704,4.982,B1
33.908,9.343,5.972,1.339,1.493,5.064,10.908,2.768,16.438,5.82,B1
39.357,19.04,6.434,10.831,10.574,1.893,7.316,1.097,12.109,9.076,B1
2.724,9.589,6.803,9.343,4.01,7.988,1.534,2.289,2.301,4.075,B1
7.434,12.575,4.571,13.18,5.048,4.787,10.6,0.943,14.688,1.39,B1
12.267,19.501,5.572,11.949,14.153,2.386,5.433,0.728,1.412,3.142,B1
0.569,29.198,4.648,1.842,7.742,3.248,10.702,15.521,11.19,9.435,B1
13.191,20.887,8.804,0.713,3.009,4.479,3.135,0.723,4.625,6.983,B1
42.835,0.97,5.202,6.162,2.532,3.586,15.258,8.947,1.624,4.435,B1
65.615,22.672,4.664,16.002,1.955,5.618,14.653,3.762,5.222,11.47,B1
34.216,13.899,1.354,9.907,17.554,1.0,6.187,4.264,6.972,6.528,B1
38.125,6.203,2.432,2.673,7.742,10.328,3.073,10.886,1.354,1.363,B1
15.038,8.881,16.361,8.111,3.725,1.308,6.187,5.011,2.224,4.588,B1
8.973,0.2,1.57,2.314,2.47,9.497,11.6,2.944,4.552,3.648,B1
26.12,17.439,6.28,13.806,11.69,14.176,2.673,0.086,5.495,5.187,B1
53.825,2.509,10.743,4.366,10.882,2.971,6.829,9.721,0.893,0.371,B1
5.495,7.126,4.356,11.857,7.588,10.082,3.083,4.395,4.225,1.295,B1
25.596,8.666,6.28,3.083,6.588,9.62,10.846,7.804,6.645,5.946,B1
3.032,8.727,9.343,4.664,6.395,3.956,3.391,12.579,0.531,5.04,B1
41.912,2.663,23.365,1.688,9.689,16.177,6.085,1.471,5.803,13.892,B1
17.193,2.109,6.649,4.623,6.665,6.849,6.152,1.427,1.224,1.449,B1
28.367,7.28,21.656,13.499,8.727,4.541,4.905,6.994,4.029,10.181,B1
48.899,37.91,4.279,7.752,5.549,3.309,3.494,7.936,3.548,2.553,B1
5.895,4.664,19.732,0.508,7.049,12.298,7.008,4.048,3.317,2.776,B1
20.887,3.032,10.651,8.214,0.508,8.45,1.996,14.686,5.01,2.297,B1
36.371,11.744,5.957,5.084,14.191,11.19,1.201,0.156,0.623,4.058,B1
35.663,0.108,7.958,2.252,12.513,0.477,6.485,4.461,2.974,7.246,B1
6.511,12.729,5.818,12.062,8.55,1.801,6.675,0.987,7.53,4.606,B1
30.522,0.816,22.903,12.78,2.932,12.421,4.689,10.574,1.493,8.768,B1
11.128,1.739,10.343,8.05,15.861,0.292,1.611,5.367,4.221,10.044,B1
14.207,18.116,15.823,4.407,0.954,9.312,1.878,8.837,2.84,5.946,B1
27.967,36.371,5.341,1.842,8.704,4.294,0.97,5.345,6.145,2.023,B1
20.671,7.28,1.893,11.693,11.344,0.539,3.022,1.124,3.375,3.039,B1
13.806,9.343,11.575,12.78,9.227,8.265,2.083,1.317,2.874,0.176,B1
8.881,18.824,15.499,6.049,5.918,1.124,4.305,5.099,10.516,2.553,B1
38.433,17.747,12.19,2.355,2.201,2.201,0.277,7.104,7.63,5.399,B1
39.972,8.881,9.42,4.305,15.576,3.494,0.149,11.326,0.777,0.115,B1
33.908,8.265,5.033,21.194,17.208,9.681,2.868,6.489,6.534,5.769,B1
1.493,18.116,5.572,13.447,9.743,7.465,6.562,2.372,4.417,5.467,B1
40.68,15.9,7.357,14.063,3.263,2.078,5.931,4.312,4.533,3.552,B1
3.34,8.111,17.346,3.33,6.819,9.097,9.64,9.035,3.763,0.337,B1
8.881,8.419,2.663,8.409,2.455,3.278,3.597,4.044,9.32,4.742,B1
24.581,11.959,0.277,9.805,14.168,3.063,9.409,2.927,2.066,2.245,B1
47.761,1.801,5.51,8.727,12.344,2.694,0.995,6.159,8.935,3.791,B1
32.061,13.283,11.805,6.931,2.763,5.556,0.893,7.676,2.124,5.177,B1
16.054,36.432,9.666,2.673,2.009,5.464,4.638,5.433,5.61,0.679,B1
32.369,22.672,12.129,3.33,1.585,11.251,1.621,0.992,3.859,12.753,B1
23.134,37.202,10.359,1.852,6.434,3.74,4.638,2.773,6.341,1.876,B1
5.895,37.971,9.189,4.52,10.32,4.017,5.433,3.916,5.934,2.639,B1
1.893,22.426,12.052,1.544,17.554,14.915,3.15,3.608,1.474,0.706,B1
23.134,0.262,3.817,2.663,7.688,4.264,9.794,11.128,3.898,9.196,B1
5.895,15.438,5.649,10.728,4.51,4.602,2.519,0.965,0.277,11.976,B1
33.816,15.192,13.976,5.495,11.628,2.509,3.509,7.478,6.53,4.681,B1
21.81,6.572,8.127,0.918,6.588,14.484,1.236,0.196,5.914,4.476,B1
12.36,21.595,16.669,7.701,10.728,2.478,9.086,9.607,5.072,3.323,B1
41.604,1.893,2.493,4.253,7.303,9.805,4.289,6.704,6.784,2.287,B1
34.431,24.673,34.524,0.723,9.958,5.833,4.546,4.088,10.439,4.39,B1
26.428,2.57,12.96,8.06,9.42,9.466,7.742,16.845,1.662,5.392,B1
43.759,30.522,13.191,7.332,4.841,4.633,15.217,5.561,9.439,9.121,B1
4.048,19.748,11.975,16.31,9.781,13.191,15.464,8.463,3.259,3.511,B1
4.264,31.045,6.665,13.96,6.588,11.467,2.15,0.464,4.167,0.73,B1
0.97,15.653,8.034,18.26,7.111,11.682,4.484,15.148,6.322,0.337,B1
16.885,16.423,0.646,7.034,9.012,2.386,12.847,1.229,1.05,3.733,B1
12.267,19.901,0.416,6.511,2.07,5.187,0.108,1.361,6.938,13.088,B1
30.429,10.266,17.423,2.006,14.537,2.509,10.959,0.569,0.797,1.373,B1
37.602,15.746,22.133,14.36,3.34,12.729,0.508,12.074,4.394,1.192,B1
75.773,7.896,25.196,1.585,3.817,15.499,3.073,0.442,2.57,1.756,B1
14.73,23.503,24.273,0.159,8.265,11.067,6.152,1.207,7.534,4.075,B1
51.762,9.958,9.281,9.753,9.166,4.725,4.058,7.61,11.398,9.179,B1
12.575,9.897,2.124,1.75,5.187,10.451,0.79,1.717,0.508,4.783,B1
2.416,5.125,18.809,1.134,8.473,6.603,3.443,5.121,6.88,8.802,B1
7.958,3.956,6.572,4.982,3.879,0.169,10.718,4.62,7.088,0.074,B1
7.342,25.658,24.196,0.262,6.842,9.805,0.236,0.222,7.592,5.649,B1
53.609,9.497,15.038,4.725,6.395,8.265,2.673,3.388,7.03,4.948,B1
19.347,7.434,5.88,10.872,2.432,10.513,0.826,0.508,5.453,4.041,B1
19.132,27.043,3.74,0.723,2.432,6.757,3.443,1.761,1.797,2.56,B1
2.416,14.422,4.125,0.313,0.108,7.988,3.776,1.251,0.435,4.647,B1
13.899,24.827,14.207,14.001,1.354,3.894,13.601,7.562,6.222,0.799,B1
14.822,5.741,17.193,20.271,0.123,2.232,4.638,3.384,2.955,7.588,B1
4.972,22.118,9.881,0.159,12.69,5.002,10.872,5.917,0.95,0.063,B1
5.895,42.219,2.032,0.108,7.55,6.972,12.909,6.155,5.591,0.125,B1
0.354,33.6,8.05,3.083,6.534,4.879,11.036,3.538,0.165,4.913,B1
36.278,11.344,20.286,8.317,10.382,3.771,3.417,0.394,1.839,1.637,B1
1.493,8.819,5.664,5.238,3.263,10.174,2.355,8.402,3.763,5.296,B1
24.981,20.517,6.495,8.922,3.455,18.455,0.174,5.367,9.435,3.066,B1
37.956,17.266,19.858,3.976,4.613,12.203,7.93,7.625,6.426,4.84,B2
5.504,23.845,4.507,28.63,12.033,13.917,9.192,0.676,6.607,9.026,B2
37.401,2.713,14.874,11.175,19.16,0.042,0.742,12.226,2.514,6.944,B2
44.18,32.417,13.877,9.89,8.75,1.956,5.46,15.358,4.588,3.422,B2
19.858,2.869,2.115,6.368,1.423,3.59,5.793,6.188,9.491,7.874,B2
0.875,4.464,11.086,4.198,0.769,1.194,4.331,4.578,6.233,8.118,B2
8.052,11.84,1.274,3.909,7.604,9.093,6.8,13.235,3.286,16.048,B2
35.962,10.289,15.03,6.258,11.286,16.465,2.104,16.567,15.198,11.441,B2
44.18,2.713,7.653,16.824,7.653,11.126,2.182,7.213,7.847,6.435,B2
40.192,8.65,8.65,10.577,9.94,0.002,1.374,9.235,4.707,11.197,B2
75.435,18.861,3.81,10.91,3.212,3.909,2.414,0.334,2.495,8.251,B2
5.903,6.501,7.753,7.986,5.105,13.399,0.709,4.166,3.118,10.777,B2
3.268,5.062,12.139,14.166,7.548,10.803,8.362,2.812,1.791,3.688,B2
2.071,17.665,6.003,19.326,20.107,12.597,3.079,7.612,8.22,2.913,B2
6.457,18.462,10.189,11.109,22.151,2.913,1.085,6.729,6.009,3.843,B2
48.323,7.454,3.909,5.504,0.776,0.082,22.838,0.619,5.934,0.454,B2
54.702,9.491,9.348,6.302,4.408,6.976,13.701,1.973,10.663,4.02,B2
0.078,30.779,3.511,4.397,20.406,0.72,0.022,2.869,5.012,2.249,B2
39.395,2.071,7.653,25.374,9.392,15.153,4.431,3.353,2.389,9.779,B2
10.289,17.223,6.258,15.694,1.573,9.093,15.362,7.241,0.321,10.799,B2
13.08,32.374,0.72,0.72,11.485,8.65,2.503,13.663,1.667,1.473,B2
4.308,24.798,16.569,0.144,12.737,12.203,3.7,15.257,0.078,7.542,B2
59.885,8.495,9.348,6.435,4.956,14.192,10.71,6.457,1.044,0.521,B2
16.425,14.276,14.332,19.26,8.544,2.713,9.182,1.046,2.589,5.992,B2
9.89,8.096,4.109,9.182,3.361,5.062,1.617,6.315,3.162,4.132,B2
15.472,10.843,25.197,2.58,5.205,0.995,6.524,12.026,0.246,9.58,B2
0.875,4.308,8.794,21.985,12.139,3.068,0.221,1.346,19.341,6.612,B2
36.205,1.473,0.377,4.132,2.913,10.568,8.295,2.214,3.168,6.789,B2
28.387,27.589,13.678,16.004,18.668,1.876,1.673,5.59,18.238,10.466,B2
9.248,38.354,22.904,0.387,6.8,3.706,0.045,2.058,1.997,13.058,B2
6.856,14.077,12.183,5.992,7.697,12.597,5.294,1.631,1.841,2.004,B2
0.078,7.298,10.189,5.238,2.913,12.358,3.411,0.22,1.224,5.194,B2
6.302,6.102,5.062,8.783,15.97,6.497,3.135,14.09,1.05,7.011,B2
37.956,22.45,5.062,5.66,5.51,12.003,9.88,3.438,13.809,11.552,B2
79.024,0.72,24.244,1.583,5.155,14.475,10.81,2.628,5.361,0.344,B2
0.72,0.078,4.208,2.802,8.993,8.813,6.856,12.381,1.747,4.619,B2
3.268,26.437,15.927,13.611,9.946,7.259,0.742,1.403,14.257,9.16,B2
38.199,13.435,5.46,1.938,2.57,6.74,7.521,3.752,5.803,8.052,B2
1.673,2.271,12.937,13.435,2.968,4.264,22.805,2.185,1.747,15.073,B2
18.662,14.874,9.348,0.653,6.457,4.424,3.012,3.467,20.232,0.055,B2
31.576,36.006,4.563,11.684,15.827,6.541,5.427,17.08,2.464,5.903,B2
29.028,11.242,12.083,3.71,3.909,6.976,10.079,8.58,9.018,17.267,B2
12.837,22.406,2.614,8.451,19.958,7.215,4.541,10.944,8.819,10.688,B2
25.197,22.007,0.975,11.817,10.488,0.676,2.237,2.742,8.171,0.786,B2
43.781,3.866,19.26,1.54,27.334,9.771,6.923,2.157,1.673,3.688,B2
33.414,0.676,11.142,14.675,0.869,8.969,6.158,15.4,13.26,0.787,B2
4.308,11.684,6.302,37.424,11.335,1.318,0.122,11.47,3.062,2.204,B2
28.387,25.64,19.914,2.647,14.774,3.068,0.886,9.448,3.292,1.074,B2
34.61,1.716,5.261,0.011,8.196,17.226,1.085,0.72,6.233,2.093,B2
5.66,7.055,1.218,12.083,12.139,8.534,3.367,1.062,1.517,1.518,B2
29.826,20.855,24.842,12.149,6.208,1.912,6.092,2.343,0.651,0.875,B2
7.653,15.671,6.756,2.78,1.374,4.942,5.238,1.432,3.984,2.536,B2
15.472,3.71,2.614,0.41,15.827,2.474,1.65,17.836,9.149,4.751,B2
14.033,10.046,1.417,16.602,18.263,12.199,8.827,17.095,4.14,0.853,B2
48.167,15.671,12.538,0.055,11.634,0.959,1.041,7.141,8.351,5.194,B2
7.897,18.662,13.977,1.384,4.458,14.675,17.023,4.935,2.04,5.172,B2
1.517,4.109,0.377,16.735,13.329,4.069,0.088,3.353,3.018,2.979,B2
7.498,23.446,13.036,6.059,2.321,4.065,3.567,6.928,1.991,9.868,B2
32.772,24.044,13.379,10.71,5.753,6.341,18.884,7.653,4.389,0.477,B2
16.026,0.277,11.884,7.697,2.52,5.146,0.776,12.226,4.159,12.615,B2
14.033,16.27,6.7,19.615,9.442,14.87,8.418,3.04,0.227,1.916,B2
11.485,0.72,13.335,0.211,3.212,6.776,12.515,5.105,2.669,6.102,B2
19.061,17.466,18.562,7.963,1.174,16.589,0.011,7.112,5.753,0.809,B2
7.498,2.271,10.089,2.337,1.916,9.448,0.221,11.428,18.693,3.821,B2
15.628,6.258,23.901,2.115,3.212,8.251,3.533,3.438,0.95,6.368,B2
23.048,12.837,0.975,5.926,11.485,4.507,11.807,6.814,4.14,2.115,B2
0.72,18.02,35.408,10.046,11.69,5.022,6.102,11.713,3.591,8.162,B2
27.19,10.444,2.669,2.115,5.355,13.953,10.355,9.277,5.187,10.865,B2
33.969,9.846,15.472,11.84,2.919,0.919,3.61,12.523,6.028,11.441,B2
20.655,21.409,4.906,9.425,11.136,10.963,4.464,5.789,2.121,6.036,B2
23.446,8.893,16.868,4.065,0.327,0.44,5.969,10.488,5.529,14.21,B2
19.459,1.517,11.286,7.388,8.843,0.52,6.557,7.881,7.055,6.302,B2
16.668,11.84,1.972,13.678,2.165,0.161,15.661,9.533,8.326,1.008,B2
39.794,17.821,11.286,23.27,7.753,5.704,7.199,3.482,1.492,0.1,B2
6.302,33.016,5.859,9.514,0.676,3.59,3.633,12.723,2.838,12.747,B2
9.093,10.843,4.065,5.128,25.34,5.026,0.421,0.833,6.233,2.447,B2
9.093,20.456,18.961,6.723,3.81,20.895,0.52,7.625,10.364,1.606,B2
34.766,2.47,4.009,9.714,7.797,8.929,0.321,2.913,2.713,6.678,B2
33.414,45.177,0.819,19.925,13.877,5.225,2.47,1.175,2.09,2.382,B2
17.864,22.649,9.89,2.381,22.007,4.029,2.802,5.22,6.482,0.056,B2
12.438,5.859,3.068,3.577,0.526,1.633,0.122,6.628,6.831,4.552,B2
11.242,37.358,0.377,0.653,14.077,11.84,1.44,4.422,10.837,10.599,B2
34.212,29.981,9.547,24.599,2.47,4.025,7.288,5.66,7.03,11.242,B2
0.875,12.282,6.7,12.548,5.759,14.914,4.939,1.546,2.246,0.365,B2
10.289,4.109,2.57,0.853,12.532,11.286,0.255,10.103,15.447,4.729,B2
23.203,18.662,4.065,7.963,3.71,3.387,5.627,9.89,4.439,0.21,B2
13.877,2.869,18.917,19.061,2.265,8.929,7.531,4.507,2.694,8.495,B2
16.425,3.909,5.361,22.339,6.407,16.385,5.604,1.773,0.894,0.919,B2
21.852,15.871,2.614,8.318,0.128,2.514,1.55,6.742,6.956,0.919,B2
15.073,0.277,12.538,20.545,10.146,18.778,12.338,7.384,9.865,4.995,B2
32.218,11.684,12.083,4.109,2.171,13.395,9.226,5.761,5.685,2.559,B2
24.798,4.906,26.636,8.251,6.95,3.59,1.64,5.077,4.358,0.609,B2
0.72,19.017,11.086,3.533,8.744,0.401,0.786,7.298,1.374,0.875,B2
8.295,2.869,0.421,11.84,16.22,15.827,4.63,6.33,19.166,3.998,B2
9.647,10.644,6.258,5.128,11.136,4.224,11.109,1.289,8.47,2.425,B2
24.399,7.454,5.759,5.261,5.81,2.594,14.565,4.422,5.386,12.46,B2
1.916,46.572,0.377,6.391,7.255,3.467,7.853,10.944,0.252,0.166,B2
25.041,5.261,14.033,2.138,21.901,11.641,2.082,13.422,9.373,8.429,B2
45.93,26.237,13.977,2.603,6.158,3.587,15.538,1.673,13.927,0.122,B2
43.538,5.859,20.213,13.412,4.258,4.384,2.404,3.211,10.669,3.843,B2
10.393,2.52,8.562,3.436,2.864,5.663,3.46,3.109,3.401,1.432,C
14.139,5.809,4.025,1.08,4.436,4.345,2.551,2.207,3.098,0.572,C
27.967,8.739,6.868,2.642,3.687,6.304,4.925,5.313,5.34,0.974,C
5.45,9.379,18.487,4.351,1.17,0.958,5.581,1.808,1.37,0.226,C
24.489,3.979,3.71,0.958,8.121,0.281,12.659,1.063,2.852,1.768,C
0.14,6.182,1.102,2.032,4.557,3.979,7.305,1.33,5.546,4.213,C
5.535,0.592,1.873,3.368,1.233,0.232,6.252,4.07,2.411,1.636,C
22.292,18.441,4.94,5.236,0.935,1.196,7.335,5.057,2.189,1.92,C
2.606,8.281,4.574,10.752,5.404,2.459,2.728,3.874,5.901,4.27,C
9.013,3.063,3.201,9.257,6.136,1.928,2.575,4.364,0.507,2.409,C
19.912,4.986,6.633,6.023,0.255,5.297,1.773,0.807,3.189,5.826,C
17.435,8.928,1.278,3.68,0.53,0.354,3.063,0.749,0.992,6.277,C
12.223,2.795,7.457,1.025,1.925,7.219,2.154,3.429,6.788,6.318,C
30.53,10.026,9.157,3.314,7.646,0.628,1.33,1.592,0.764,4.609,C
12.125,8.196,4.351,9.288,3.933,5.816,6.487,1.769,3.893,0.913,C
20.644,6.084,1.599,2.917,4.42,5.12,0.384,2.972,3.848,2.134,C
3.619,12.315,8.647,1.788,3.521,5.047,1.239,0.48,6.479,7.335,C
16.251,2.978,1.971,6.633,17.281,10.459,7.076,0.474,4.871,0.287,C
24.672,8.562,1.697,4.955,2.223,3.832,2.368,7.601,4.763,5.718,C
2.154,6.639,5.175,1.446,7.228,8.708,5.977,3.828,1.873,0.557,C
11.491,0.5,13.361,12.04,2.995,2.99,3.246,0.67,0.323,6.562,C
6.365,11.759,0.781,13.01,0.896,1.416,1.269,3.24,0.289,0.181,C
12.492,12.217,7.869,8.525,1.033,0.098,7.875,3.612,2.337,2.561,C
11.576,20.181,4.214,8.372,8.167,8.891,7.372,1.121,0.523,0.619,C
10.112,4.351,10.713,3.948,16.13,6.676,0.857,3.39,0.809,1.656,C
12.955,1.422,0.232,0.323,2.314,7.237,6.618,4.345,0.008,0.893,C
19.265,11.308,0.507,0.317,0.638,6.212,7.152,6.94,3.704,2.907,C
11.674,7.555,6.502,4.107,0.209,2.532,1.08,2.887,2.239,6.003,C
27.687,0.232,4.809,2.124,0.203,0.031,1.889,5.731,6.507,2.036,C
5.633,10.393,1.88,1.727,3.001,3.466,0.125,2.684,3.848,0.927,C
1.788,3.887,6.685,0.104,0.134,0.006,1.712,0.794,8.727,0.1,C
0.14,6.816,4.986,13.901,2.423,1.166,6.624,1.422,0.232,1.731,C
19.082,8.006,2.606,3.497,4.642,2.056,6.136,0.781,5.375,3.161,C
8.928,3.429,4.855,8.623,6.502,10.478,0.989,2.991,2.909,3.684,C
14.42,0.683,12.812,5.633,0.088,1.642,2.621,0.31,2.074,5.972,C
2.423,1.416,1.147,5.992,2.749,7.622,3.811,0.454,2.074,2.897,C
1.324,14.878,14.923,8.555,5.466,1.489,0.156,6.26,2.48,0.212,C
19.631,4.26,5.26,0.11,6.359,6.432,3.466,2.985,2.406,1.646,C
1.422,3.253,8.555,4.534,11.376,4.424,0.446,1.108,7.526,2.962,C
1.873,13.956,3.802,11.149,0.552,3.106,2.468,9.353,6.782,1.605,C
7.732,9.202,0.729,0.287,1.422,6.633,3.619,6.071,10.729,1.883,C
13.871,8.287,3.985,4.619,6.107,2.923,5.977,0.827,4.539,5.311,C
14.969,1.147,2.612,0.72,0.575,5.169,2.209,1.952,2.343,0.12,C
6.633,4.711,1.193,1.599,3.269,3.198,2.612,2.978,0.535,0.134,C
32.544,8.653,13.224,1.599,1.605,4.4,2.154,1.461,6.102,1.788,C
13.041,14.505,5.221,0.14,2.52,3.558,1.636,3.495,3.585,0.934,C
4.351,22.75,15.335,2.002,1.828,6.542,0.165,3.547,0.999,1.762,C
15.97,23.842,7.823,9.105,1.422,2.282,3.71,8.117,0.878,1.395,C
15.055,10.295,6.502,1.385,5.175,1.111,4.672,3.305,2.383,2.992,C
15.055,8.922,0.958,0.69,5.398,6.505,3.735,4.332,5.661,0.008,C
19.814,1.147,12.4,1.056,1.53,9.892,0.5,2.677,4.379,0.755,C
5.535,6.182,4.116,8.25,1.736,0.854,0.98,0.494,4.619,2.581,C
42.515,2.514,3.344,5.016,6.45,1.971,3.375,3.443,0.592,0.602,C
8.647,4.351,2.063,0.256,3.521,7.311,1.4,1.474,1.399,2.103,C
9.477,12.125,6.542,1.202,4.894,9.581,1.416,6.45,1.187,3.826,C
23.659,9.105,2.887,8.189,8.327,4.308,9.822,3.383,1.278,3.867,C
12.125,4.436,5.358,7.64,4.031,0.262,1.071,0.37,4.391,2.195,C
13.773,5.45,11.439,3.619,2.331,0.012,6.472,2.972,0.323,5.138,C
15.238,8.739,2.697,7.036,0.249,11.778,6.67,11.563,3.498,2.327,C
13.407,7.372,14.185,0.934,3.344,2.447,0.522,1.5,1.41,8.348,C
12.955,10.386,2.52,5.687,7.097,6.707,7.991,2.697,2.589,2.703,C
8.098,10.203,3.115,4.839,0.798,1.123,2.063,3.253,3.893,1.137,C
5.901,8.372,2.789,7.579,0.392,2.166,5.733,0.683,1.204,1.157,C
8.196,0.226,1.416,12.766,9.202,4.973,0.751,15.238,3.349,2.484,C
9.196,3.887,3.567,13.773,2.131,0.854,0.507,4.678,3.081,3.633,C
12.675,1.599,3.612,0.751,0.255,5.333,0.72,2.148,1.21,5.423,C
14.322,0.317,3.939,3.954,0.85,1.8,3.551,4.665,2.486,1.096,C
9.379,8.83,9.843,1.05,1.759,1.056,9.318,1.089,0.781,0.476,C
10.759,13.59,2.331,4.803,5.375,1.367,0.317,1.174,2.926,3.995,C
18.533,13.498,11.622,4.558,0.752,2.917,1.513,2.468,2.629,5.938,C
3.887,17.075,5.077,1.141,1.857,3.905,2.978,9.713,3.893,0.537,C
2.887,5.718,0.088,4.748,1.445,2.63,1.254,1.252,1.513,1.548,C
0.592,11.857,5.678,2.49,3.184,4.711,1.507,6.6,1.439,1.422,C
8.745,14.78,2.56,3.887,9.202,2.716,3.079,8.522,0.713,0.263,C
15.604,11.949,4.894,1.934,4.077,2.441,0.546,1.952,5.672,0.557,C
17.349,3.07,13.041,5.022,1.622,3.509,1.62,0.121,0.02,6.796,C
14.688,5.999,3.75,5.206,2.909,2.844,0.735,0.984,7.835,2.113,C
9.745,4.528,11.164,6.572,0.958,3.857,7.32,3.443,3.928,2.998,C
12.858,32.446,6.868,0.964,3.956,3.649,11.759,3.678,1.782,8.271,C
17.349,0.134,9.15,2.667,1.439,8.305,3.445,0.71,5.85,3.232,C
2.887,6.542,2.795,6.633,7.875,0.555,4.299,5.875,5.821,6.654,C
18.533,8.555,5.169,8.555,3.498,2.447,1.422,1.448,3.15,9.125,C
5.999,1.507,0.088,3.1,2.491,1.251,8.44,0.206,9.07,0.755,C
3.985,9.202,2.056,0.348,2.903,0.683,3.048,3.972,3.269,1.686,C
16.251,0.134,3.292,9.959,4.459,3.228,4.757,2.272,3.298,2.555,C
22.194,16.336,12.177,1.69,0.461,1.971,1.278,5.606,5.077,4.748,C
4.986,2.331,7.64,4.558,3.115,0.427,1.156,8.536,3.939,1.422,C
1.788,6.359,4.574,8.372,5.907,3.503,1.797,1.926,1.685,1.09,C
0.69,13.865,5.221,4.864,1.828,3.729,5.45,6.346,1.525,5.87,C
11.21,9.294,9.379,2.368,5.838,5.169,1.086,8.739,1.542,6.237,C
9.294,7.274,0.363,4.589,8.813,0.409,7.121,1.102,2.326,5.982,C
1.056,9.66,4.626,1.202,8.761,0.873,5.45,11.328,1.113,2.463,C
1.873,9.928,2.377,0.073,3.178,1.953,2.047,0.71,1.13,0.47,C
6.084,7.549,9.889,9.141,0.941,1.141,1.62,0.631,3.127,7.179,C
18.899,11.308,4.488,9.379,10.827,2.264,2.255,5.077,9.333,4.345,C
18.082,2.154,8.967,8.196,1.507,2.423,5.016,0.729,5.581,2.992,C
0.14,0.232,4.305,1.849,6.633,0.116,7.762,4.567,0.541,5.291,C
3.436,13.779,14.734,7.921,6.685,3.802,7.311,4.063,1.433,4.443,C
2.154,20.187,10.615,0.568,3.527,0.305,2.398,1.631,1.839,5.053,C
12.589,36.023,1.233,2.703,2.995,2.923,2.383,7.352,5.724,4.778,C
