0.05,0.1,0.2,0.3,0.4,0.5,0.6,0.7,0.8,0.9,Transcript
10.724,19.387,23.87,28.145,3.711,9.241,2.868,6.099,3.025,12.706,A1
7.655,16.126,11.931,18.46,5.89,3.689,15.215,7.544,2.785,2.03,A1
18.044,1.422,1.91,13.01,5.962,9.385,9.15,11.695,6.549,8.082,A1
10.819,4.826,6.552,2.398,10.553,10.814,4.451,5.29,3.552,2.329,A1
1.997,7.496,1.047,21.464,1.53,6.729,0.032,4.715,11.655,10.49,A1
34.154,19.243,15.743,5.131,1.143,8.484,0.287,7.297,1.365,2.051,A1
11.778,1.407,10.109,8.711,5.099,6.086,6.353,7.77,7.19,7.864,A1
36.072,25.236,5.65,9.957,9.75,12.31,2.294,13.476,0.801,5.477,A1
2.86,8.182,27.634,0.319,14.017,7.007,12.65,10.291,0.076,1.151,A1
19.962,6.01,17.205,7.671,4.535,20.125,4.763,2.441,6.231,5.818,A1
20.505,16.318,1.854,2.205,13.573,19.377,1.95,9.743,0.793,12.786,A1
21.847,4.299,4.355,6.745,3.496,3.44,9.318,0.689,7.73,8.402,A1
9.669,5.545,2.845,20.665,12.339,8.378,12.179,10.674,4.529,9.073,A1
8.071,18.716,7.041,9.765,9.294,7.889,23.167,1.009,13.873,10.693,A1
17.373,4.299,11.563,22.727,3.313,12.799,6.233,7.133,8.317,6.921,A1
1.263,7.784,9.342,4.123,1.122,1.397,14.105,11.119,7.226,0.287,A1
34.825,11.332,2.174,14.8,12.626,4.485,10.988,14.291,16.696,3.586,A1
15.039,2.045,18.428,16.414,1.59,15.609,7.951,3.667,5.536,11.822,A1
11.428,12.737,7.16,26.323,12.83,7.371,8.727,6.277,13.483,5.839,A1
2.03,2.51,3.723,3.181,11.152,13.566,5.426,1.352,10.193,10.565,A1
3.723,10.628,2.86,3.021,18.296,14.161,16.63,3.448,7.544,6.969,A1
10.244,6.441,7.616,5.434,10.193,8.311,7.832,11.633,4.895,10.272,A1
2.318,10.325,2.486,2.349,10.469,6.01,2.701,5.16,8.461,2.888,A1
4.491,0.64,2.438,7.16,7.724,6.796,2.757,8.784,13.435,5.658,A1
25.236,11.763,4.619,3.516,4.032,10.795,9.19,1.676,7.064,6.596,A1
9.956,2.318,9.381,12.85,1.051,9.452,14.153,9.654,18.704,5.322,A1
14.751,22.36,6.945,9.893,3.783,3.248,2.157,7.044,5.302,5.935,A1
29.039,30.846,3.037,2.797,2.956,4.121,12.402,2.044,2.123,10.49,A1
9.414,7.928,2.605,15.791,5.159,13.077,13.258,6.859,6.693,9.158,A1
28.113,13.537,7.304,13.01,21.964,4.092,8.183,4.558,12.776,1.924,A1
15.935,12.387,3.244,10.181,17.757,7.649,18.356,10.044,1.218,11.156,A1
19.162,2.621,6.561,7.688,7.041,2.836,14.728,9.784,3.564,8.934,A1
27.217,13.01,3.516,0.239,0.04,2.251,1.286,5.018,4.571,3.314,A1
2.414,6.873,25.524,8.567,5.35,7.784,14.992,8.633,3.72,2.467,A1
12.866,1.167,2.621,2.813,0.915,1.09,1.415,6.373,1.788,3.794,A1
16.126,16.702,20.034,13.777,10.601,3.915,9.686,5.112,8.862,9.717,A1
24.149,12.77,3.612,8.311,0.448,0.064,24.557,2.955,6.897,6.665,A1
19.962,15.503,6.624,4.587,16.246,4.063,4.627,2.331,13.375,15.7,A1
25.428,0.4,10.373,0.559,4.08,9.366,1.222,0.532,8.413,9.696,A1
29.072,23.99,9.102,4.523,4.703,14.026,16.262,8.455,5.38,1.295,A1
1.422,0.496,14.88,11.252,18.847,12.367,8.998,0.162,4.709,10.314,A1
4.715,17.037,23.774,12.275,11.308,6.499,5.85,7.393,4.856,5.067,A1
6.408,2.797,5.482,14.001,8.743,1.532,4.627,3.674,9.738,7.001,A1
5.258,0.975,0.607,9.75,18.428,5.319,13.705,6.277,7.304,9.105,A1
57.073,1.599,3.948,8.247,16.858,4.936,8.079,7.277,11.661,6.074,A1
24.532,11.524,6.801,22.519,3.037,5.76,7.568,7.099,0.352,11.827,A1
23.127,13.921,19.579,7.624,13.477,10.9,2.566,6.215,10.457,4.87,A1
3.852,20.585,11.5,22.679,7.832,14.439,7.136,6.236,0.25,4.156,A1
28.784,3.277,13.561,1.471,11.895,2.088,8.783,6.085,5.231,12.221,A1
6.217,34.058,16.63,1.279,5.53,2.155,8.767,5.825,6.705,6.068,A1
33.642,0.64,4.332,10.181,13.034,13.902,8.871,4.777,3.403,13.516,A1
2.701,6.792,8.503,4.859,20.741,7.736,2.717,10.578,5.446,3.431,A1
40.1,14.688,19.267,8.966,8.011,9.874,6.297,1.962,4.739,5.061,A1
12.003,6.217,7.041,1.39,8.383,0.783,1.223,6.777,2.651,5.434,A1
13.025,28.88,17.757,4.907,7.82,5.319,13.33,14.03,6.591,0.672,A1
35.209,11.428,9.246,0.959,3.421,2.27,1.711,15.311,9.33,5.551,A1
35.497,3.532,22.959,4.411,9.462,14.698,0.935,12.496,1.563,3.149,A1
8.23,7.271,2.174,1.535,14.94,5.824,11.58,6.948,11.242,0.735,A1
8.039,3.037,10.924,9.126,2.917,9.673,1.175,11.585,4.571,6.17,A1
3.468,20.921,32.38,15.343,10.625,5.728,0.312,16.572,5.8,5.173,A1
21.847,3.676,8.407,10.517,4.85,9.893,3.437,9.873,3.912,6.345,A1
13.633,1.854,16.486,7.816,2.561,6.892,0.455,0.907,2.911,8.455,A1
9.861,15.231,10.037,19.051,18.284,3.19,8.303,5.77,15.455,0.128,A1
21.655,3.085,5.914,6.649,3.097,8.973,2.158,6.804,7.274,8.098,A1
0.879,5.77,3.723,7.672,10.361,0.847,7.399,1.023,11.625,10.719,A1
6.249,10.66,4.883,0.335,3.552,8.187,4.867,0.633,6.249,1.945,A1
12.099,9.174,5.075,6.745,11.44,7.256,7.728,12.517,4.979,8.482,A1
14.209,12.306,0.472,9.558,6.885,9.251,11.827,0.092,13.274,8.146,A1
0.271,6.153,2.237,4.332,14.4,6.489,11.58,7.263,8.419,7.725,A1
54.196,3.004,0.415,14.033,8.023,17.22,2.909,9.784,6.064,6.271,A1
9.573,25.476,0.831,6.392,0.991,19.444,1.439,0.436,10.619,5.365,A1
9.189,3.004,4.323,2.909,4.727,1.637,8.303,4.996,9.288,9.084,A1
4.236,3.771,1.973,16.766,2.381,9.682,7.432,0.468,3.373,1.135,A1
8.997,0.655,8.479,9.797,3.052,8.493,11.683,10.236,7.664,12.871,A1
7.4,2.414,1.814,0.991,5.974,11.265,3.005,9.03,0.062,1.268,A1
37.765,5.29,2.174,33.499,18.368,2.429,6.353,9.421,3.142,0.267,A1
15.263,34.969,1.326,12.307,11.883,0.084,4.196,2.756,2.132,12.072,A1
17.853,19.339,13.585,9.734,10.481,15.493,10.013,9.715,7.112,0.708,A1
23.894,7.304,0.448,21.784,10.672,0.923,2.622,11.613,4.254,4.108,A1
35.943,30.414,1.158,5.593,5.087,9.126,3.316,5.373,9.666,3.005,A1
1.614,9.222,10.148,33.195,1.371,0.664,9.765,5.927,7.154,6.462,A1
26.099,13.648,10.028,10.565,0.783,12.156,9.382,3.263,6.975,8.913,A1
5.77,9.989,17.556,4.827,5.087,2.17,8.183,6.128,9.63,4.507,A1
72.703,27.538,3.1,12.339,11.392,1.503,11.619,13.27,7.886,11.662,A1
21.08,17.709,8.086,7.049,14.005,4.322,2.765,10.859,4.068,6.335,A1
21.655,11.476,10.565,2.605,8.731,7.486,8.071,8.893,4.026,6.665,A1
0.592,32.092,7.439,14.017,3.6,5.741,0.28,3.448,3.379,17.048,A1
14.304,6.729,4.179,15.487,8.791,0.611,0.704,8.14,4.547,6.255,A1
33.579,5.386,7.041,8.215,10.457,11.897,4.499,8.325,6.699,8.444,A1
17.853,17.613,11.179,7.192,9.929,3.238,0.704,8.523,4.925,7.901,A1
29.743,4.523,4.451,18.572,8.275,16.414,7.991,4.558,1.784,4.593,A1
11.203,0.352,15.215,9.078,10.133,7.63,9.366,0.325,12.95,16.276,A1
32.524,36.216,5.171,7.32,10.196,1.7,4.124,7.373,3.385,18.252,A1
16.126,3.085,17.541,2.461,8.934,10.056,4.284,17.4,4.619,10.81,A1
16.477,1.167,6.169,15.743,10.888,3.526,11.875,0.032,9.18,3.542,A1
4.236,12.099,3.588,14.704,18.128,10.133,4.148,1.838,9.288,8.593,A1
4.682,4.107,12.746,14.001,11.44,12.204,6.01,4.984,7.328,14.065,A1
5.258,18.428,4.85,3.357,8.203,11.495,9.534,2.414,6.555,8.737,A1
4.14,11.476,4.308,12.834,12.147,14.87,2.821,13.51,4.278,12.03,A1
2.956,11.332,2.629,11.396,6.945,2.356,0.647,0.372,8.976,4.449,A1
18.311,0.784,2.59,1.526,2.48,0.017,3.922,2.733,1.52,2.341,A2
0.322,5.778,11.179,4.79,7.105,4.028,4.451,1.596,0.202,3.848,A2
16.247,3.438,10.0,0.223,2.425,0.115,2.632,5.219,3.005,4.438,A2
22.533,4.524,7.142,5.527,4.193,0.342,4.93,2.049,2.517,0.568,A2
7.198,17.131,0.932,5.331,1.927,3.02,4.537,3.239,6.673,7.424,A2
3.364,4.229,8.432,7.198,2.294,0.44,1.583,1.143,0.856,4.18,A2
29.665,5.04,16.136,2.312,2.22,2.091,6.687,1.89,2.655,3.214,A2
2.386,13.17,0.838,8.161,2.718,2.332,0.366,2.522,1.621,6.023,A2
9.115,8.525,13.539,0.052,7.4,0.455,6.928,7.504,7.982,5.158,A2
19.048,15.952,5.372,9.808,7.049,1.944,10.332,1.522,0.83,6.417,A2
4.303,11.602,5.355,0.076,2.369,3.241,5.544,3.691,4.489,4.282,A2
24.598,5.281,10.68,7.621,2.202,10.501,0.58,0.059,5.641,7.506,A2
6.903,11.012,13.63,0.445,5.798,3.158,11.02,3.829,2.718,0.448,A2
11.086,10.368,8.525,4.377,6.386,1.354,3.795,2.081,11.17,0.789,A2
15.013,15.013,1.448,10.762,3.271,3.33,4.745,5.018,3.842,2.632,A2
12.265,16.173,3.291,4.475,10.055,7.857,2.308,1.458,2.977,3.856,A2
7.493,6.22,6.441,9.779,8.063,7.139,5.139,4.26,1.706,0.191,A2
18.405,19.638,1.649,1.398,12.138,1.56,1.423,1.342,6.837,6.78,A2
13.445,4.672,1.521,4.003,0.23,8.181,4.991,1.553,5.179,0.027,A2
18.257,17.426,13.133,1.816,0.101,0.607,8.022,1.459,3.77,3.037,A2
25.63,6.461,11.474,19.117,3.752,0.401,6.834,3.143,3.364,4.691,A2
6.367,3.954,7.289,5.95,13.041,3.993,0.015,0.637,4.47,1.764,A2
10.791,6.166,1.116,5.728,8.157,7.621,2.234,4.091,6.82,6.395,A2
13.888,12.949,8.194,3.861,12.265,4.544,1.219,2.607,1.051,0.538,A2
8.874,0.248,0.342,0.445,0.948,2.598,2.706,5.493,8.553,0.183,A2
1.3,0.174,3.291,7.547,6.111,10.295,1.558,1.133,0.941,0.486,A2
11.327,9.779,0.821,0.174,2.166,0.533,1.239,0.143,5.143,1.739,A2
9.464,9.926,7.604,7.006,2.257,0.263,2.885,3.301,1.981,0.727,A2
23.177,8.525,0.194,10.737,12.229,7.464,3.406,5.06,1.17,0.309,A2
19.786,18.606,3.123,8.206,0.563,7.537,1.288,0.627,0.508,3.193,A2
9.41,3.418,3.898,0.268,2.165,6.884,0.162,1.07,0.001,1.059,A2
4.691,27.62,3.603,4.225,3.64,3.153,2.627,5.344,1.179,4.5,A2
6.367,7.031,7.436,2.14,3.363,5.04,1.612,0.721,5.595,4.421,A2
15.751,8.211,5.962,4.495,3.438,1.87,0.932,1.565,0.525,0.727,A2
30.496,7.419,0.526,9.931,8.782,5.488,5.699,0.511,8.782,1.489,A2
1.3,10.0,2.222,9.189,7.419,4.736,0.182,2.239,0.875,1.018,A2
6.608,5.871,6.498,2.337,0.932,1.787,5.453,1.469,2.285,1.723,A2
4.249,4.102,0.875,0.961,8.893,3.202,5.601,3.386,4.212,4.5,A2
19.437,15.878,8.284,4.421,1.483,1.664,2.251,4.545,2.95,2.517,A2
21.408,1.374,9.373,11.032,5.816,2.195,6.417,3.459,1.07,1.341,A2
18.016,9.464,2.828,7.105,4.063,0.455,3.967,4.849,5.263,7.632,A2
18.847,18.036,6.645,7.395,10.387,4.677,0.219,9.252,0.607,3.066,A2
3.07,1.723,20.727,0.961,5.372,2.681,0.064,0.016,1.18,1.633,A2
2.828,4.913,2.111,6.682,1.889,4.893,4.421,0.827,4.321,1.341,A2
0.858,3.291,8.69,4.151,3.106,1.33,1.792,0.648,7.77,0.797,A2
7.547,15.362,11.88,3.468,3.53,3.227,1.514,0.248,1.879,1.37,A2
3.713,10.368,2.534,7.695,2.681,3.802,7.985,0.436,1.133,3.975,A2
0.027,1.28,6.129,4.2,7.492,3.04,5.711,7.377,5.235,0.289,A2
5.63,13.371,17.979,4.057,2.036,1.472,1.231,6.63,0.056,2.837,A2
11.823,7.125,3.345,8.23,2.222,8.393,0.629,5.608,7.188,3.386,A2
8.673,8.211,1.944,0.469,0.69,4.426,2.423,1.163,4.102,0.596,A2
10.885,19.732,4.635,7.228,2.939,1.295,0.44,1.574,5.538,0.027,A2
24.893,19.732,3.733,0.396,0.194,0.027,7.383,2.934,0.359,0.35,A2
36.836,10.054,4.082,6.49,4.451,3.448,5.151,2.543,3.944,3.869,A2
4.102,5.945,6.847,8.009,0.211,6.815,8.673,4.893,7.567,3.7,A2
6.957,2.976,5.834,1.939,0.249,1.251,0.199,1.565,3.686,0.15,A2
8.727,3.07,18.348,0.076,1.54,3.497,1.423,3.903,0.876,3.402,A2
0.121,25.63,17.483,1.988,1.226,4.893,4.089,6.461,0.323,5.281,A2
7.4,8.063,13.17,2.73,13.685,0.578,9.066,1.174,2.811,9.476,A2
7.252,16.34,5.466,0.686,7.547,2.834,5.613,3.998,3.705,0.494,A2
7.346,23.251,0.211,5.232,0.654,9.543,3.242,1.374,6.635,1.739,A2
8.727,2.259,3.713,6.81,4.93,2.062,6.908,4.544,2.434,3.479,A2
4.102,8.137,7.751,2.19,1.649,1.919,3.352,7.61,0.709,1.996,A2
14.182,6.535,0.379,5.802,7.88,3.492,9.791,2.239,6.461,1.559,A2
1.501,5.63,21.113,0.194,2.257,2.711,0.624,0.638,5.327,3.631,A2
2.681,7.493,0.69,6.854,9.962,2.711,4.61,1.742,5.125,2.037,A2
8.874,12.634,6.277,0.101,1.428,7.537,1.718,0.668,0.239,0.445,A2
5.429,14.772,5.188,4.569,5.593,0.381,4.618,9.4,0.729,5.167,A2
0.563,7.621,4.303,5.847,3.844,3.114,0.74,5.197,2.489,6.699,A2
0.469,9.779,7.105,1.452,7.436,2.981,7.498,2.06,1.779,0.625,A2
28.726,1.796,3.529,9.14,9.226,8.334,2.62,3.164,0.939,4.503,A2
8.432,4.156,4.745,3.615,7.051,5.502,3.271,5.872,0.23,5.884,A2
4.745,9.095,4.028,3.689,9.263,7.818,8.063,2.091,5.917,4.159,A2
9.316,9.833,1.833,14.571,3.715,4.913,3.222,7.261,1.953,8.681,A2
14.276,5.65,10.0,6.264,0.396,0.784,3.369,0.87,2.018,0.625,A2
9.906,2.091,6.773,14.305,1.521,3.905,1.19,4.767,0.139,0.06,A2
1.207,0.101,0.654,14.301,5.446,2.283,5.687,3.459,3.577,1.772,A2
4.156,10.958,3.991,0.936,7.879,2.037,0.624,0.669,0.654,0.227,A2
15.067,15.824,6.736,2.607,4.414,4.411,4.937,2.649,1.16,3.438,A2
17.131,5.999,7.235,1.546,0.709,7.178,5.851,6.073,6.837,3.205,A2
1.448,0.985,6.277,3.414,0.009,6.284,2.025,1.374,2.248,6.851,A2
2.332,11.696,2.406,0.219,1.538,3.763,5.404,3.164,2.414,3.304,A2
18.994,11.401,17.041,0.391,13.52,3.787,2.828,4.156,2.83,3.323,A2
0.563,2.46,7.641,3.487,3.713,3.286,0.624,1.354,1.796,1.382,A2
7.252,6.146,11.307,0.396,9.097,6.063,2.374,8.683,3.908,7.46,A2
30.845,16.542,1.796,2.111,8.323,10.127,1.312,1.638,3.87,4.295,A2
19.638,4.175,10.054,1.841,0.285,4.79,5.552,0.078,7.04,5.92,A2
17.279,4.765,16.321,8.23,2.756,1.472,0.899,0.373,2.331,1.579,A2
4.303,4.175,5.871,10.988,4.193,0.194,4.593,0.669,6.949,9.582,A2
7.346,1.005,5.225,4.254,1.097,8.407,4.5,1.342,1.594,0.494,A2
38.954,4.229,17.39,2.828,0.342,4.942,0.42,3.217,3.483,4.864,A2
7.4,14.846,0.359,6.952,3.549,4.333,1.534,3.944,3.595,1.628,A2
5.778,14.202,12.58,4.151,4.156,5.488,1.62,0.142,5.335,0.972,A2
12.654,15.529,5.945,6.584,2.423,4.382,0.28,3.176,1.411,0.723,A2
12.801,12.855,0.174,13.121,8.802,3.91,12.032,1.49,0.249,2.501,A2
11.086,2.553,2.46,0.346,1.429,4.097,0.346,4.144,4.46,0.342,A2
9.759,14.055,10.238,8.309,7.418,5.016,5.089,1.554,0.202,5.945,A2
10.737,6.589,5.188,1.472,0.6,7.296,0.727,1.995,2.194,1.665,A2
13.298,4.323,12.248,17.525,0.913,2.008,0.231,1.732,10.553,8.968,A2
23.767,8.157,7.584,5.773,0.727,3.291,3.426,4.998,9.382,4.864,A2
34.311,1.661,1.156,0.649,1.707,4.09,1.738,6.408,7.297,1.692,A3
12.978,0.823,5.975,4.901,2.236,5.294,3.905,1.99,0.662,5.474,A3
14.818,3.675,9.425,7.447,3.547,5.515,7.615,2.203,3.33,2.101,A3
13.519,0.363,11.173,1.753,3.433,3.104,0.24,4.647,3.008,0.373,A3
9.482,2.295,2.535,8.316,5.848,3.962,9.302,0.376,2.939,1.651,A3
2.847,10.667,1.973,6.17,2.927,3.748,2.045,0.402,1.65,4.135,A3
2.663,0.19,8.597,8.336,5.687,0.326,1.283,3.37,4.422,1.814,A3
0.087,8.183,10.31,1.589,1.777,3.777,3.226,7.839,2.099,3.583,A3
0.098,7.631,5.158,6.22,0.133,1.827,0.194,1.859,5.215,2.285,A3
12.599,9.839,7.309,8.684,6.469,0.484,2.402,2.673,6.239,2.837,A3
19.418,4.33,7.769,6.998,14.496,0.907,0.465,0.807,0.27,5.627,A3
30.458,15.646,11.771,0.301,7.159,5.864,10.739,3.399,2.018,2.203,A3
5.423,24.651,2.295,3.061,5.158,2.46,7.856,1.585,5.353,2.039,A3
6.906,11.035,2.985,0.741,0.028,1.753,7.55,0.888,1.605,6.251,A3
3.399,5.147,12.323,5.576,11.656,7.108,1.635,3.333,2.513,0.383,A3
5.607,1.283,7.401,3.859,4.284,4.006,4.974,2.544,2.03,3.593,A3
12.61,9.114,3.502,0.281,3.836,3.354,1.799,1.044,0.65,6.435,A3
21.799,10.862,0.235,4.146,2.249,0.933,3.593,1.085,2.903,3.89,A3
16.29,7.631,8.643,2.387,4.1,3.619,3.364,3.096,8.01,0.384,A3
12.231,9.482,1.937,3.184,7.01,5.091,2.816,0.899,5.859,0.782,A3
10.943,3.491,2.295,1.385,2.651,5.82,4.625,7.473,2.835,5.342,A3
3.399,4.135,8.01,3.46,0.787,6.048,1.881,1.753,2.064,0.117,A3
15.186,0.455,5.009,0.608,4.894,0.491,0.654,2.597,2.363,2.427,A3
4.135,12.702,3.916,5.085,4.066,1.982,5.607,8.59,2.535,4.718,A3
5.25,11.322,2.801,0.987,2.996,2.085,1.543,2.739,1.202,1.017,A3
19.775,8.746,4.376,5.219,12.909,4.576,10.417,3.685,1.179,1.018,A3
14.071,24.743,6.389,6.844,6.527,4.263,5.499,3.819,1.202,3.113,A3
11.138,14.358,8.93,2.295,2.535,1.595,4.855,1.388,4.008,0.976,A3
21.626,2.581,1.467,1.508,2.387,0.76,6.511,0.295,1.466,1.835,A3
28.423,10.943,14.485,5.004,0.488,7.631,2.663,2.991,3.72,1.783,A3
6.159,9.011,10.218,5.545,2.374,3.906,0.025,0.755,0.478,0.108,A3
7.458,1.191,6.814,11.322,4.651,7.366,5.576,1.953,2.03,2.019,A3
5.239,4.238,10.943,4.503,7.803,12.039,5.484,0.058,4.41,2.428,A3
17.21,5.801,8.275,6.936,4.181,9.758,5.158,2.043,1.811,0.301,A3
4.882,11.782,16.693,5.127,1.007,1.356,0.251,0.625,3.663,4.912,A3
9.471,15.094,1.248,1.865,4.664,3.399,0.194,2.873,1.685,0.138,A3
6.17,0.639,0.041,1.11,5.216,1.901,2.873,1.506,3.18,1.538,A3
10.023,9.85,6.389,2.816,4.422,8.046,2.597,1.635,0.028,0.465,A3
3.593,7.274,5.434,5.085,4.871,10.291,3.701,3.74,4.019,6.077,A3
10.207,0.087,3.456,9.164,7.32,0.815,3.67,2.965,3.214,0.373,A3
1.937,14.347,4.227,0.731,4.743,1.404,5.791,1.927,0.293,1.11,A3
13.162,1.835,21.074,0.772,2.467,1.919,0.803,1.48,2.513,1.518,A3
3.777,4.687,4.963,2.643,5.733,0.16,4.027,1.964,2.386,2.081,A3
1.559,7.999,7.769,9.175,4.306,3.656,0.255,0.518,3.628,0.026,A3
21.074,1.283,9.609,0.864,5.699,1.073,2.459,3.344,4.226,2.009,A3
14.45,2.122,1.569,2.95,1.431,7.844,5.694,1.096,0.087,0.343,A3
14.439,0.455,4.651,7.355,2.789,2.03,0.956,0.781,3.859,2.847,A3
10.954,13.151,13.197,3.276,0.478,2.497,2.566,1.598,2.295,0.209,A3
24.386,13.427,5.664,10.616,0.409,1.551,6.691,2.818,5.687,6.67,A3
7.079,20.235,2.663,0.639,0.304,2.111,2.26,1.28,0.213,1.948,A3
7.447,3.951,6.262,1.743,5.17,0.381,5.173,0.914,6.906,1.692,A3
9.666,5.986,2.857,6.404,6.423,3.067,0.849,7.116,3.26,4.064,A3
21.994,0.925,0.419,3.808,5.538,0.933,6.538,0.479,2.467,0.792,A3
4.871,8.367,2.065,0.895,5.986,3.399,0.914,1.254,4.215,2.673,A3
0.087,12.875,12.461,1.988,3.192,0.668,0.159,1.283,1.018,1.805,A3
16.831,10.575,0.511,2.08,2.318,2.847,2.719,2.411,1.122,2.398,A3
11.311,2.765,4.687,1.252,0.581,5.478,11.812,8.104,9.643,0.352,A3
3.767,1.743,5.837,0.761,4.549,1.651,3.935,1.309,4.87,1.538,A3
15.175,16.187,0.225,2.581,1.881,1.183,8.04,0.124,4.997,4.789,A3
15.002,17.394,2.387,5.342,4.168,0.951,5.852,3.004,4.203,1.641,A3
13.887,2.214,7.642,14.143,3.261,0.521,2.704,3.909,0.087,3.655,A3
4.503,10.115,1.523,3.981,3.685,4.054,2.371,1.887,1.754,7.233,A3
6.527,14.255,4.963,3.655,3.801,1.993,3.348,2.479,4.111,0.322,A3
1.927,11.598,12.415,10.728,0.442,4.723,3.537,2.187,2.374,4.114,A3
15.922,21.534,7.079,10.575,6.814,9.839,6.338,3.294,2.732,1.14,A3
22.351,14.991,6.86,3.184,0.041,3.023,0.163,6.104,5.469,0.26,A3
4.503,15.646,2.893,4.483,2.605,0.51,1.697,2.726,2.743,1.231,A3
29.711,6.619,2.627,1.651,5.18,2.074,0.823,3.609,2.685,0.465,A3
10.218,5.607,0.281,4.728,0.719,3.141,2.601,2.794,6.273,1.202,A3
13.714,16.474,4.651,6.22,5.814,0.797,3.859,3.988,3.031,2.111,A3
5.607,6.067,2.203,9.471,3.801,1.404,2.658,0.557,3.859,4.37,A3
10.575,7.642,6.676,4.472,0.765,6.096,5.725,3.607,3.709,6.016,A3
7.09,18.406,1.789,0.22,6.067,2.828,2.463,2.032,3.33,5.198,A3
3.215,8.919,7.263,4.606,5.641,12.12,0.113,0.757,2.743,2.99,A3
21.983,15.278,10.023,3.613,2.122,2.637,0.393,0.389,3.249,2.091,A3
14.255,8.47,3.869,4.84,7.32,2.306,0.516,4.487,0.477,8.327,A3
28.802,3.042,1.697,7.887,0.639,4.33,2.187,10.178,2.743,3.563,A3
9.839,18.027,8.873,0.128,2.824,5.231,1.707,0.244,4.847,0.761,A3
4.146,10.77,8.01,10.237,1.362,1.117,4.33,2.66,1.904,1.63,A3
6.343,1.753,6.251,8.121,6.906,10.556,5.572,5.578,5.318,1.365,A3
13.151,0.281,1.559,1.068,2.559,4.274,4.805,0.991,1.397,6.394,A3
12.978,2.387,1.881,1.048,7.769,5.507,4.395,0.452,5.181,1.743,A3
24.018,5.894,6.998,0.853,11.334,3.575,0.838,6.892,5.055,1.018,A3
14.255,4.054,0.179,2.049,4.388,5.378,8.178,0.505,5.894,1.089,A3
19.05,6.446,12.323,3.226,1.95,1.477,0.501,1.125,0.557,3.184,A3
19.591,4.33,4.687,2.888,1.224,1.117,2.229,0.899,5.997,1.804,A3
21.247,3.41,6.4,13.468,4.641,11.605,3.456,0.796,2.525,3.245,A3
24.754,4.135,2.847,7.58,3.1,7.778,2.019,1.675,0.12,1.405,A3
2.122,4.697,5.158,11.046,5.618,8.764,13.902,0.77,0.385,1.181,A3
14.071,2.571,11.0,4.687,3.491,2.35,3.307,5.815,9.516,1.079,A3
0.271,4.238,2.249,4.82,4.963,0.723,8.735,0.794,2.651,0.659,A3
6.711,6.067,6.113,1.528,2.306,7.428,2.785,1.388,2.743,3.45,A3
10.402,2.398,0.914,3.685,1.835,2.6,1.048,3.896,4.56,2.827,A3
11.127,3.399,1.007,4.238,5.538,3.41,2.996,1.729,0.971,4.922,A3
3.583,9.195,5.193,6.557,3.215,0.925,0.869,1.887,5.837,3.706,A3
1.202,13.795,3.399,1.876,6.021,1.018,1.789,7.09,0.419,1.13,A3
15.727,6.17,3.307,1.068,2.374,10.207,1.651,1.162,1.582,3.062,A3
3.226,3.962,4.227,3.736,7.343,4.182,2.172,4.161,1.144,1.436,A3
2.663,12.047,8.378,0.547,1.812,7.145,0.864,0.152,8.136,0.138,A3
3.399,5.607,7.78,9.819,10.149,2.692,2.673,5.289,6.078,2.284,A3
24.651,2.417,1.509,13.88,3.418,0.079,1.802,2.52,1.142,3.981,B1
26.388,16.421,4.47,2.391,6.682,0.727,4.128,0.6,0.728,8.026,B1
0.545,28.544,2.516,4.957,3.685,3.752,2.7,0.697,3.592,4.907,B1
10.355,9.51,0.012,7.469,4.658,5.995,9.308,4.85,7.477,2.487,B1
18.316,10.631,0.525,7.008,12.244,1.027,3.882,1.087,5.492,0.758,B1
5.995,2.93,0.348,4.707,7.077,6.674,2.489,7.771,5.501,5.771,B1
21.333,6.603,12.847,15.881,11.395,3.373,8.391,1.65,0.2,6.723,B1
10.971,0.916,1.473,9.812,0.551,4.668,0.216,3.625,4.548,1.267,B1
4.589,22.242,4.494,8.285,0.357,0.095,2.171,6.383,5.245,3.924,B1
6.879,4.312,1.236,4.705,2.954,0.798,6.515,2.451,0.349,1.114,B1
18.885,7.827,7.239,7.917,1.572,2.298,2.911,2.142,3.69,5.192,B1
26.546,16.436,16.811,9.904,3.625,6.066,4.659,3.754,1.257,1.212,B1
15.394,10.75,0.032,13.498,2.851,0.047,7.015,6.626,0.881,2.448,B1
16.594,9.802,15.512,12.34,8.4,5.213,2.068,1.108,2.674,3.869,B1
4.905,14.501,13.162,0.311,9.45,5.987,5.995,0.933,1.848,8.211,B1
7.827,30.811,19.694,2.73,0.067,2.993,11.366,9.971,5.926,3.948,B1
1.43,6.192,16.792,3.612,2.756,7.567,2.845,4.092,1.607,7.397,B1
27.099,15.804,8.246,4.81,2.954,3.436,1.104,0.314,5.946,0.08,B1
9.723,21.238,1.907,4.589,0.857,5.797,0.058,3.783,2.712,1.987,B1
18.711,6.39,0.288,9.512,0.561,4.723,3.437,2.294,6.849,0.128,B1
11.05,20.172,2.871,4.01,9.016,1.208,4.652,0.381,4.362,1.781,B1
1.509,16.894,5.971,12.592,1.167,0.213,7.041,3.732,0.382,5.344,B1
3.246,6.627,14.62,7.14,5.768,1.951,6.524,3.039,8.823,2.386,B1
4.747,17.131,13.001,2.825,2.115,4.368,1.967,0.111,0.724,1.895,B1
27.81,6.35,4.257,10.905,5.023,3.862,10.578,1.154,8.217,7.349,B1
22.439,2.772,0.032,3.638,5.343,0.893,5.635,0.054,1.183,1.475,B1
7.195,23.94,5.241,8.219,1.38,3.617,0.396,1.025,0.51,0.837,B1
13.972,21.673,7.555,7.377,10.122,4.96,5.021,2.322,0.388,2.334,B1
8.048,0.008,5.975,13.843,0.966,11.618,2.687,7.167,2.145,2.641,B1
29.863,5.3,8.601,2.298,8.404,6.879,8.953,9.029,14.689,5.394,B1
25.582,10.457,12.191,7.353,0.525,8.064,3.437,0.568,5.462,5.129,B1
8.996,3.428,10.477,4.576,3.527,1.927,0.284,4.29,10.482,0.703,B1
16.278,1.019,17.428,5.51,3.161,3.57,10.859,1.633,0.862,1.667,B1
8.301,0.166,17.191,4.062,6.445,10.663,3.167,1.272,0.733,10.918,B1
22.755,14.58,7.673,3.997,3.388,4.897,0.848,0.929,2.18,0.352,B1
23.071,6.982,1.923,2.443,8.522,3.507,4.007,7.28,6.409,2.325,B1
10.197,5.758,20.271,9.802,0.525,3.104,1.074,0.996,0.481,0.622,B1
6.642,20.504,3.365,6.745,8.404,2.401,5.778,3.287,4.599,7.046,B1
12.487,1.137,11.875,0.482,0.387,2.085,6.379,10.271,0.515,2.25,B1
10.75,4.194,5.754,8.351,2.964,2.78,7.028,2.964,1.488,1.057,B1
27.004,2.441,11.78,4.141,1.815,3.207,0.37,7.342,2.022,2.664,B1
13.893,32.691,12.215,5.958,2.17,2.717,4.253,0.73,0.471,5.08,B1
2.14,9.154,11.346,3.309,2.599,0.332,8.268,7.022,7.679,4.106,B1
5.695,30.732,19.442,2.414,1.489,1.114,3.681,0.183,5.078,5.791,B1
8.854,20.488,2.914,6.219,2.052,3.373,4.948,1.943,1.232,6.355,B1
11.682,23.489,2.993,3.704,6.261,7.946,1.493,1.384,2.54,1.08,B1
33.891,3.72,5.363,9.078,2.016,3.807,0.078,0.03,6.098,1.348,B1
12.408,1.746,3.685,15.828,2.604,4.62,2.75,1.414,9.11,5.183,B1
2.614,17.266,2.16,5.129,0.916,8.412,6.557,4.403,1.029,0.376,B1
47.935,6.8,2.283,18.385,0.782,3.602,6.34,5.949,5.462,1.115,B1
7.985,6.627,5.695,4.968,3.73,4.028,0.85,0.742,2.807,0.536,B1
45.644,24.674,17.921,13.946,3.013,1.896,1.851,7.218,1.499,0.074,B1
4.336,9.154,3.033,9.246,2.618,7.472,0.12,0.194,4.647,1.693,B1
7.022,11.737,7.377,0.455,7.031,3.017,1.653,5.639,5.601,0.872,B1
5.458,15.528,14.067,13.709,12.181,8.388,4.54,1.245,0.041,7.037,B1
5.284,9.486,13.992,2.377,1.301,6.571,3.375,4.257,0.436,9.839,B1
0.324,17.424,17.937,5.445,6.409,7.567,6.794,7.501,3.191,10.435,B1
18.948,10.829,6.548,6.234,7.847,0.466,2.233,4.989,3.364,1.76,B1
3.72,9.17,6.33,10.71,6.494,7.227,3.119,3.274,0.032,0.835,B1
5.932,4.099,5.635,1.377,13.642,9.249,5.409,3.902,1.997,3.779,B1
18.632,6.287,0.561,3.825,4.06,9.818,5.455,4.245,0.077,4.624,B1
16.342,16.421,2.2,8.262,10.112,1.896,3.115,11.889,0.239,0.14,B1
7.259,12.59,11.069,2.651,1.759,0.75,12.188,1.357,6.256,3.485,B1
10.592,5.418,13.498,0.703,4.283,3.294,5.629,0.217,1.952,0.843,B1
37.92,24.453,6.33,5.458,2.401,3.08,1.265,4.776,2.46,0.176,B1
8.996,18.569,5.876,7.719,1.42,7.361,2.158,1.052,1.127,0.947,B1
4.431,13.972,9.667,1.335,3.902,7.243,3.608,7.015,1.528,0.194,B1
9.249,11.168,17.187,8.525,4.905,3.586,3.856,1.166,1.543,2.792,B1
42.974,11.05,2.796,4.744,2.94,1.114,1.64,2.36,0.423,1.671,B1
14.225,26.056,3.72,2.746,9.2,6.287,3.207,2.219,0.066,3.81,B1
27.257,14.248,4.609,11.747,7.288,8.183,0.594,8.008,0.911,4.613,B1
3.483,1.509,5.616,3.178,4.658,8.033,0.811,2.377,3.117,4.286,B1
19.438,3.325,12.669,6.287,4.346,1.572,6.537,3.061,5.394,0.839,B1
6.721,7.748,8.897,7.182,5.156,0.814,4.852,0.641,5.779,7.004,B1
18.332,0.308,2.776,8.499,1.315,6.508,2.467,12.183,1.399,0.469,B1
13.577,24.808,6.682,9.654,6.267,2.33,3.29,3.805,1.469,4.126,B1
19.912,9.96,7.752,2.678,8.37,6.358,0.205,4.138,1.612,0.413,B1
22.36,9.036,8.562,2.138,1.992,1.122,4.846,5.656,11.658,1.063,B1
1.572,8.048,1.295,8.341,2.49,1.872,2.18,0.375,4.258,0.561,B1
29.453,16.934,13.159,7.919,2.654,6.579,5.3,3.608,6.435,0.628,B1
26.609,6.919,2.026,4.81,0.752,0.261,5.231,2.366,4.762,9.332,B1
20.148,16.934,4.806,8.248,1.281,2.133,1.592,0.764,4.889,4.248,B1
25.203,4.273,0.407,13.182,5.264,1.169,0.111,4.607,1.285,0.157,B1
7.353,15.71,3.562,0.837,4.668,2.085,4.247,1.555,0.506,1.61,B1
17.779,0.363,2.658,12.682,6.163,3.27,0.933,5.441,1.746,4.376,B1
30.021,19.738,8.226,5.01,3.23,1.556,1.552,0.623,4.229,2.822,B1
10.355,12.471,3.566,0.571,0.294,7.922,0.423,5.143,6.251,4.139,B1
3.783,11.105,13.455,8.588,4.02,0.15,5.653,1.796,2.194,7.081,B1
10.734,0.719,4.711,1.151,4.721,7.29,2.671,2.868,7.022,3.097,B1
7.18,3.428,13.735,12.669,7.594,9.502,1.986,0.476,3.3,1.883,B1
23.055,14.462,1.67,3.115,2.94,5.047,0.427,4.804,3.003,1.118,B1
16.578,9.786,7.413,3.796,9.213,7.101,4.47,4.579,5.728,1.706,B1
11.065,12.803,11.484,3.825,5.645,9.091,4.648,6.886,4.747,0.295,B1
37.904,5.323,1.236,3.681,2.525,3.918,3.042,0.724,0.191,0.922,B1
11.776,1.927,4.747,2.217,6.577,2.085,5.879,1.638,0.93,1.848,B1
13.498,12.092,19.205,4.615,1.819,9.786,0.334,2.993,5.694,1.269,B1
13.198,16.199,2.002,2.875,7.041,13.996,2.309,2.851,7.531,6.568,B1
19.991,19.382,0.387,2.943,7.018,0.932,2.065,3.274,2.855,3.788,B1
3.704,10.062,3.049,5.126,1.601,2.891,5.383,4.759,5.047,3.836,B1
15.725,15.157,0.13,13.88,2.812,7.74,3.698,4.425,5.122,2.884,B1
37.555,0.754,20.957,0.053,4.738,1.299,1.906,5.278,9.14,3.962,B2
34.578,25.391,22.594,8.382,1.26,5.928,8.493,6.278,0.478,12.023,B2
3.506,24.416,6.631,2.311,5.739,8.012,7.983,4.254,10.679,0.195,B2
7.888,11.154,17.615,7.27,1.575,0.385,8.291,4.472,10.333,3.395,B2
1.729,1.267,7.253,0.717,2.666,0.95,10.814,1.854,6.439,2.1,B2
9.634,22.619,5.662,13.175,4.058,4.573,7.586,9.062,3.115,1.145,B2
4.912,3.936,5.097,10.25,2.615,2.243,5.185,5.192,8.954,5.316,B2
27.495,8.382,12.713,4.036,1.838,2.048,7.974,6.923,0.375,3.831,B2
28.143,6.894,2.12,3.406,6.233,15.598,6.081,6.072,3.07,2.328,B2
0.221,5.2,5.733,8.008,2.672,1.76,7.21,2.77,0.009,3.586,B2
6.759,8.536,10.717,7.048,21.837,0.539,11.456,12.413,7.644,2.719,B2
24.313,13.175,2.043,1.883,1.235,3.649,4.621,2.785,7.953,6.423,B2
33.275,5.681,13.278,13.688,3.147,1.248,4.706,8.609,0.779,6.822,B2
0.703,3.628,0.118,17.45,1.774,7.344,8.291,1.436,5.367,0.794,B2
1.145,15.485,2.653,0.272,0.395,7.447,11.37,6.146,0.811,2.308,B2
10.66,5.764,18.282,1.196,4.507,8.402,5.174,2.853,11.693,2.134,B2
3.68,7.478,1.427,2.961,3.172,9.788,4.894,3.139,5.354,6.189,B2
1.248,13.791,1.062,0.857,4.905,1.402,9.12,4.112,1.165,3.52,B2
7.375,17.641,1.838,6.811,21.002,9.285,2.08,1.289,3.263,9.069,B2
16.954,3.731,3.808,4.621,4.36,17.374,5.767,6.688,15.068,2.16,B2
18.391,17.076,5.867,1.644,0.773,8.248,2.137,7.023,0.645,4.991,B2
7.888,18.718,5.374,0.446,0.446,6.759,7.179,0.184,3.968,5.687,B2
3.814,8.556,4.86,1.267,0.542,4.491,2.719,0.336,4.84,1.116,B2
1.35,22.343,9.172,2.668,1.691,3.023,2.901,6.173,6.374,1.649,B2
16.203,10.692,6.066,11.533,8.119,11.245,9.086,4.413,2.704,3.324,B2
21.573,5.066,7.119,3.763,5.405,6.965,6.366,5.19,0.837,7.888,B2
3.095,4.193,0.395,3.868,6.426,3.803,1.849,5.806,6.58,4.621,B2
12.745,9.942,2.935,1.695,4.937,7.858,3.834,12.977,5.713,9.594,B2
3.198,10.044,9.711,14.746,9.03,4.204,0.352,1.429,9.242,5.248,B2
2.653,21.439,9.043,0.446,8.53,2.633,8.393,2.653,2.32,2.288,B2
18.359,2.787,4.835,7.304,13.553,7.273,1.872,6.451,8.023,10.392,B2
4.43,15.465,12.847,4.621,9.55,1.473,3.754,9.379,1.325,1.864,B2
3.711,8.042,10.865,8.419,8.902,9.326,0.478,3.32,10.057,2.368,B2
7.888,32.936,9.3,7.304,13.393,3.095,1.165,2.697,10.731,0.552,B2
19.623,6.965,2.839,4.259,1.383,0.149,3.309,7.289,1.915,0.629,B2
6.38,1.453,11.918,8.895,8.094,9.357,0.617,10.814,2.666,5.465,B2
36.355,9.12,18.385,13.432,8.889,6.143,6.451,3.68,4.796,6.52,B2
20.617,6.432,2.91,10.794,8.35,5.364,3.663,0.8,2.55,0.073,B2
0.221,0.446,3.577,17.435,6.875,0.057,0.018,0.764,1.562,0.492,B2
10.692,8.966,3.403,2.465,9.929,2.5,8.864,3.32,0.068,6.497,B2
8.844,20.412,0.683,6.143,10.327,2.561,11.986,5.83,2.108,0.549,B2
17.98,8.145,9.377,8.365,2.338,3.906,3.269,1.424,2.243,0.965,B2
6.586,14.49,13.258,2.514,5.335,6.985,1.761,6.473,0.664,3.706,B2
41.796,29.323,7.991,2.585,6.977,0.16,0.349,6.608,0.953,3.774,B2
33.346,21.233,11.43,12.628,5.746,0.519,14.875,10.252,1.518,1.952,B2
1.011,15.177,3.449,8.502,9.12,5.651,14.339,5.002,4.167,7.695,B2
16.235,24.037,1.761,0.786,3.346,2.12,4.635,5.879,3.256,1.649,B2
3.064,4.039,5.527,18.068,2.775,3.711,5.793,1.766,8.96,6.776,B2
5.733,1.421,16.004,4.381,10.435,2.048,0.923,7.698,0.824,9.805,B2
1.011,21.952,16.261,12.163,5.315,8.802,8.202,0.732,6.278,0.48,B2
19.725,7.324,0.632,6.862,7.817,3.177,7.623,8.783,6.746,1.689,B2
2.859,26.161,18.949,2.328,3.326,3.834,5.194,3.269,13.996,1.339,B2
8.536,5.989,9.152,14.424,14.503,3.464,1.829,0.382,1.908,11.037,B2
22.394,6.278,5.938,1.915,8.998,14.109,9.648,2.355,1.915,2.419,B2
8.402,2.14,12.976,7.427,1.986,11.327,7.084,4.071,8.774,1.288,B2
18.154,11.975,16.03,5.835,4.212,2.182,4.407,5.469,1.985,1.738,B2
15.074,2.756,14.233,9.58,1.235,6.391,1.866,1.519,3.083,3.757,B2
9.049,3.968,0.016,8.861,0.696,8.145,3.292,9.824,1.472,3.606,B2
1.042,13.38,6.99,7.204,0.215,1.658,9.563,10.802,5.354,7.78,B2
19.18,10.076,0.478,2.052,1.876,6.924,11.806,10.785,9.351,3.908,B2
0.908,9.582,8.947,12.782,2.422,8.094,7.803,1.077,1.056,3.166,B2
16.203,8.177,9.511,6.948,10.48,10.969,4.652,1.57,4.007,3.075,B2
38.511,4.892,0.991,5.542,5.912,6.492,12.317,10.609,1.036,3.885,B2
10.178,3.166,18.462,7.424,10.031,7.108,0.172,1.438,1.543,3.315,B2
10.865,17.467,8.35,17.213,19.091,5.61,0.172,3.286,6.329,7.202,B2
0.016,15.382,3.737,1.13,6.721,7.457,0.626,11.305,4.135,1.903,B2
13.432,18.596,6.374,5.097,7.863,4.923,8.017,3.049,3.589,5.995,B2
11.379,12.539,6.605,1.541,0.529,2.869,2.987,3.76,5.226,0.4,B2
56.988,7.888,12.251,4.806,0.78,7.016,7.227,6.591,6.457,2.978,B2
2.859,5.374,12.559,9.309,12.706,1.864,1.205,7.5,0.453,1.478,B2
13.432,6.534,13.098,1.35,11.007,0.478,3.74,14.48,6.573,5.65,B2
11.616,7.273,7.478,3.694,4.616,3.147,2.933,4.428,6.56,3.757,B2
14.49,7.067,12.386,1.915,0.998,2.654,2.856,3.071,2.544,2.819,B2
7.786,17.621,8.017,4.721,9.287,4.809,2.967,7.668,6.342,1.253,B2
6.349,23.235,0.01,6.757,16.819,7.242,7.604,7.422,0.895,5.131,B2
15.074,8.402,0.42,2.978,15.285,8.299,1.379,1.299,0.574,3.377,B2
4.706,3.968,1.094,0.392,3.474,13.853,3.825,1.24,1.697,5.242,B2
9.942,13.534,6.836,2.77,10.314,1.678,1.285,7.705,3.827,4.604,B2
8.433,7.17,16.312,12.32,13.669,15.219,2.867,4.144,1.319,6.757,B2
10.486,6.483,7.658,10.64,9.069,2.961,1.652,3.65,0.709,3.227,B2
4.635,4.398,19.058,9.702,5.033,10.23,2.565,3.57,0.677,1.299,B2
15.311,11.154,19.437,1.729,13.291,9.829,2.183,9.34,2.692,6.97,B2
13.842,1.165,5.405,12.85,6.862,5.928,0.737,6.27,4.09,5.733,B2
2.756,0.138,27.758,11.276,0.619,0.569,0.848,6.503,0.048,6.314,B2
0.805,21.131,11.102,7.273,0.048,1.462,3.688,5.207,1.575,4.672,B2
11.616,16.101,20.566,23.472,0.664,5.168,7.854,0.8,8.921,7.255,B2
5.867,49.566,19.206,11.806,10.063,7.663,1.635,7.891,6.567,1.504,B2
13.771,21.439,6.297,4.672,2.024,0.981,4.578,5.931,1.447,14.481,B2
15.208,21.593,0.17,3.831,6.374,10.497,2.174,5.19,3.122,4.099,B2
8.812,7.766,2.48,13.412,3.532,9.767,3.882,8.9,1.87,3.917,B2
0.221,0.805,10.563,6.845,16.44,12.99,5.194,2.485,1.319,2.647,B2
55.725,6.483,0.452,15.978,6.213,7.642,8.333,9.509,0.157,3.349,B2
15.587,14.849,7.407,4.74,0.183,11.41,1.47,7.427,3.333,2.805,B2
25.987,2.243,8.376,6.178,0.279,6.441,10.694,2.338,7.991,1.63,B2
29.035,23.883,3.403,3.882,5.194,7.078,0.181,1.937,2.332,4.071,B2
5.322,1.421,10.763,5.904,4.36,7.026,7.167,0.798,12.321,4.957,B2
1.216,24.621,29.959,7.067,4.552,3.876,6.406,0.331,7.888,5.778,B2
25.34,12.662,18.031,4.775,9.839,13.473,4.971,4.816,2.37,17.344,B2
22.363,8.074,2.325,7.92,20.04,5.178,3.805,10.222,5.54,3.931,B2
27.906,9.049,11.096,9.152,16.781,4.121,3.834,8.69,3.897,1.638,B2
0.875,10.203,10.222,5.948,3.257,7.498,2.039,7.168,2.792,1.851,C
10.269,10.269,5.154,8.001,11.057,0.063,5.995,3.395,2.63,5.952,C
21.685,7.221,2.018,3.01,3.146,5.111,0.023,1.495,1.233,0.8,C
25.318,2.973,8.745,1.947,15.906,10.486,1.931,4.081,2.803,0.349,C
19.469,10.915,2.661,4.522,4.266,0.075,5.678,3.184,4.115,1.737,C
0.725,3.523,8.002,3.845,8.533,2.396,4.25,4.107,0.622,0.383,C
2.018,16.36,0.398,3.948,3.369,7.88,2.415,4.916,1.172,0.742,C
11.5,5.774,3.738,0.572,4.697,6.072,5.03,4.112,1.937,3.339,C
0.849,1.033,13.347,3.989,0.367,5.936,1.388,2.217,1.345,3.01,C
4.789,5.462,5.139,1.074,2.168,3.375,2.09,5.026,0.429,1.3,C
7.094,0.849,6.078,0.972,0.818,3.096,3.901,0.519,5.081,1.748,C
1.341,4.569,6.975,1.505,3.288,4.204,1.984,1.069,1.868,4.413,C
2.819,0.352,4.266,6.749,1.703,9.456,0.927,1.952,4.431,3.328,C
1.033,6.451,2.496,6.663,8.745,2.593,0.366,3.017,3.292,0.53,C
14.332,3.003,9.526,8.192,1.003,3.27,3.728,1.258,3.427,3.15,C
6.636,3.527,6.647,5.534,5.662,1.994,0.234,3.523,2.388,1.112,C
1.218,9.868,5.189,5.025,1.514,2.673,7.457,4.385,2.061,1.82,C
10.946,22.367,6.493,9.577,5.397,7.5,0.828,2.859,4.115,3.708,C
0.11,4.508,4.927,6.273,0.202,4.74,0.593,2.181,1.61,2.206,C
16.117,4.327,6.636,0.387,2.745,1.091,2.732,0.097,4.885,3.927,C
15.775,0.664,3.788,0.988,9.137,7.64,0.017,2.828,1.984,6.064,C
0.541,3.584,7.555,0.931,2.946,0.368,0.172,3.998,0.156,4.07,C
20.981,5.805,0.691,0.496,2.137,0.617,3.713,1.011,2.134,0.572,C
10.603,1.737,1.66,5.082,6.062,1.015,1.845,4.486,0.425,1.584,C
4.789,15.713,0.187,1.542,7.629,5.579,4.481,2.432,1.622,2.959,C
17.103,0.541,2.157,4.594,5.659,4.216,9.551,4.626,4.15,3.486,C
40.279,1.091,13.374,0.167,1.095,1.704,0.136,3.083,0.406,1.31,C
3.25,3.769,1.48,2.127,2.465,2.339,3.588,1.697,0.679,1.258,C
5.959,9.957,5.862,5.179,4.143,1.39,5.943,2.471,2.522,2.558,C
6.293,15.682,3.157,3.773,5.37,3.194,0.834,3.039,1.141,2.607,C
2.142,5.528,6.205,2.825,3.096,3.929,2.531,5.55,2.434,1.755,C
11.403,7.467,5.266,6.55,8.471,3.203,4.979,2.726,0.933,0.852,C
1.799,12.389,2.85,1.536,1.268,1.288,3.393,1.324,0.756,0.79,C
11.896,1.649,6.894,6.109,6.886,0.504,1.926,0.506,1.56,2.453,C
10.084,15.44,3.215,3.081,1.506,12.934,7.919,7.34,4.65,3.038,C
18.792,10.145,1.264,4.487,1.306,1.409,0.3,3.351,1.072,0.086,C
12.362,2.08,13.558,4.656,4.335,4.204,1.553,1.825,1.907,1.488,C
3.496,4.292,3.723,3.235,1.972,8.883,3.282,1.689,0.421,0.338,C
24.429,4.2,16.237,0.561,0.175,5.891,2.271,1.803,0.868,0.39,C
8.941,9.099,3.584,1.813,2.126,6.759,2.116,3.113,0.006,0.387,C
0.691,7.898,3.481,12.389,5.631,6.219,7.098,2.471,2.299,7.005,C
29.935,16.914,0.567,9.427,3.665,1.048,6.903,2.366,4.916,0.225,C
14.667,11.777,2.265,2.07,5.081,5.565,1.681,2.071,1.995,4.18,C
4.446,13.805,2.85,9.751,0.956,1.797,0.253,0.699,4.285,4.864,C
6.663,11.927,2.907,7.894,1.141,0.198,0.259,2.793,1.068,1.184,C
4.05,7.679,3.061,12.813,4.677,2.168,1.481,2.533,2.946,3.387,C
3.804,15.713,0.91,0.705,2.784,1.138,2.409,3.496,3.658,0.243,C
5.431,2.907,2.649,9.331,2.488,5.922,5.8,1.223,2.888,5.531,C
17.965,2.999,6.632,3.153,6.459,4.145,1.517,2.107,1.187,6.25,C
30.182,3.4,4.789,4.532,5.47,2.474,2.372,2.929,2.957,3.287,C
21.501,18.453,2.803,0.725,10.195,2.107,3.117,0.211,1.23,1.71,C
7.586,17.103,3.204,0.428,7.671,3.422,0.516,1.979,2.68,1.891,C
16.672,5.251,11.696,13.234,4.87,7.919,3.492,1.693,2.83,0.917,C
0.356,4.415,1.341,8.51,8.679,1.871,0.105,1.913,5.982,1.95,C
12.512,7.344,2.615,6.677,5.932,1.713,3.045,3.615,6.339,0.223,C
8.263,5.466,0.556,1.844,10.341,8.799,2.957,2.058,0.756,4.649,C
0.013,11.715,11.515,0.582,0.187,5.799,3.892,2.986,5.112,0.325,C
13.963,8.725,1.926,5.77,9.964,1.337,0.121,0.945,3.419,2.972,C
39.082,4.389,5.847,0.141,3.873,2.142,2.013,1.091,2.596,3.068,C
3.558,0.968,5.328,5.513,2.822,5.825,1.562,2.243,5.936,0.486,C
17.41,2.353,2.645,5.565,0.825,1.427,4.512,4.737,0.437,3.892,C
9.283,12.542,6.555,4.45,0.052,5.152,2.88,2.111,4.901,1.241,C
22.301,5.189,10.007,2.142,7.144,3.904,5.512,0.985,3.45,0.318,C
17.314,15.163,0.491,3.096,6.155,5.897,8.935,4.261,5.855,2.111,C
1.403,3.311,0.402,5.097,5.932,0.531,6.549,2.173,2.349,4.854,C
2.142,6.328,8.002,6.615,8.529,7.104,4.226,6.755,6.24,2.682,C
0.875,6.324,1.583,2.589,1.464,0.787,1.218,0.044,2.43,0.599,C
9.556,9.772,0.756,2.887,10.199,1.614,1.968,6.764,2.311,2.795,C
11.685,4.45,5.816,3.318,3.55,4.489,1.993,0.915,0.533,2.986,C
3.311,6.297,1.214,5.938,5.482,4.512,2.88,0.141,0.213,1.02,C
9.653,14.543,4.077,4.61,4.546,2.412,6.061,9.015,4.454,1.167,C
8.729,8.479,2.803,7.545,3.05,0.873,1.818,2.907,3.288,0.305,C
5.862,14.297,4.512,0.732,4.851,1.823,10.438,6.262,2.419,3.824,C
3.769,4.662,8.556,0.223,0.479,5.054,4.867,0.783,2.845,3.434,C
13.778,16.729,3.865,5.856,1.93,1.667,3.718,0.268,5.451,1.217,C
21.228,8.175,5.247,3.332,7.667,1.971,1.476,2.159,4.943,1.542,C
6.293,2.295,3.507,5.216,1.572,2.954,1.28,3.245,3.25,3.513,C
8.263,10.357,6.759,9.253,1.222,4.339,3.096,1.28,3.673,1.183,C
3.065,1.183,1.691,0.336,5.139,3.055,2.917,1.222,4.177,7.751,C
9.495,1.953,6.047,6.862,0.625,6.753,4.63,0.968,3.804,2.247,C
40.683,0.814,4.173,0.126,10.522,7.947,0.141,0.418,3.912,0.164,C
40.067,3.712,2.815,9.567,0.567,7.5,3.67,0.809,3.03,5.73,C
0.567,0.968,2.157,0.075,3.842,0.623,2.213,0.937,4.716,0.947,C
0.356,17.503,1.26,5.087,2.003,7.03,7.498,3.58,6.697,0.411,C
10.638,8.664,14.194,5.216,2.53,3.595,1.881,1.421,1.453,5.784,C
3.065,3.738,7.109,2.055,4.893,0.251,4.856,0.193,1.576,0.762,C
13.162,7.833,2.018,0.732,10.672,2.862,1.563,7.415,3.896,2.206,C
9.961,10.819,0.752,5.062,2.014,1.86,0.387,4.877,2.445,4.136,C
4.877,11.531,3.908,0.756,5.805,0.461,2.547,3.887,2.68,4.379,C
9.002,10.418,1.926,3.783,2.769,3.188,9.355,2.872,0.086,1.167,C
1.737,4.758,7.078,4.313,1.914,0.358,1.013,5.766,0.895,4.279,C
3.646,3.984,1.183,3.322,1.988,7.672,2.917,1.543,0.437,0.883,C
17.595,12.239,12.562,10.09,0.383,4.697,3.677,2.014,3.777,4.498,C
2.08,2.88,8.433,1.711,0.306,6.076,1.496,6.183,5.328,0.916,C
1.429,14.974,6.124,2.137,8.768,8.335,3.583,1.579,1.376,4.545,C
4.569,16.025,6.59,1.546,0.321,5.764,2.245,5.99,6.355,1.741,C
7.032,10.361,1.86,10.213,3.45,3.453,0.736,1.482,6.124,2.651,C
0.198,11.777,0.495,1.7,4.158,2.092,0.921,6.219,3.85,3.383,C
10.884,1.152,11.45,1.183,0.841,2.326,4.262,4.103,0.406,3.66,C
13.497,13.285,6.909,8.848,3.43,16.499,1.255,2.66,6.459,1.406,C
