# percent estimate error for questions; TTS: 5%-90%, sampling interval size = 30 sec 
0.05,0.1,0.2,0.3,0.4,0.5,0.6,0.7,0.8,0.9,Transcript
19.585,7.464,7.599,4.951,9.08,3.533,6.432,3.309,3.458,7.793,A1
1.962,0.077,4.233,9.978,11.572,3.533,0.347,5.502,6.522,6.267,A1
5.733,4.233,13.121,4.951,10.09,4.933,4.322,10.042,5.579,4.89,A1
17.429,0.462,1.02,14.018,5.242,5.363,8.541,12.389,7.161,8.452,A1
8.273,0.885,2.212,4.591,10.764,7.034,5.893,8.003,7.801,2.855,A1
18.507,3.424,2.077,4.412,8.743,11.504,4.682,4.848,2.549,10.965,A1
3.424,7.734,6.522,15.005,4.233,6.117,4.502,5.772,5.04,3.484,A1
10.965,9.08,1.943,6.99,5.848,4.502,11.28,5.81,6.555,5.818,A1
1.27,2.616,0.482,6.387,7.262,4.393,4.951,6.04,4.636,4.861,A1
5.579,0.732,1.943,0.077,6.387,3.101,12.851,6.502,3.39,5.759,A1
31.435,0.462,8.676,1.27,4.838,5.74,6.432,7.464,4.602,7.824,A1
33.051,9.888,0.462,1.898,3.088,5.472,8.676,3.848,1.101,3.813,A1
6.657,10.427,5.31,10.965,11.033,3.047,4.322,9.465,3.896,7.495,A1
13.121,15.275,10.832,1.27,14.13,4.771,7.913,6.617,1.438,4.292,A1
12.582,19.046,9.618,13.839,5.714,5.795,4.412,6.657,6.151,6.358,A1
10.965,1.0,8.273,3.963,3.896,6.333,9.618,4.271,4.502,9.26,A1
3.424,2.232,7.464,2.886,2.549,10.535,10.113,1.232,8.205,9.948,A1
1.809,0.462,5.848,7.285,9.888,12.151,3.47,5.848,3.155,2.707,A1
13.121,0.885,5.445,4.412,9.417,5.579,4.905,7.041,6.926,5.549,A1
10.427,14.467,1.539,3.155,1.357,2.186,2.212,10.12,5.411,2.407,A1
15.275,10.965,0.327,8.183,14.198,7.464,7.509,2.654,9.753,8.541,A1
20.662,3.424,9.08,5.31,6.252,6.01,0.821,7.118,4.568,5.909,A1
0.732,2.077,8.138,3.604,5.31,2.132,7.195,1.77,6.117,2.647,A1
5.579,8.811,3.693,1.09,8.138,6.064,7.195,4.617,6.117,4.412,A1
4.655,4.502,4.771,0.911,0.279,6.657,3.2,3.578,3.257,6.058,A1
1.962,11.235,14.198,4.502,1.135,2.077,5.848,3.54,4.199,4.741,A1
10.427,2.347,7.868,6.836,7.936,1.801,1.763,6.387,7.835,3.724,A1
23.893,0.462,3.828,4.591,8.474,3.963,4.233,6.502,5.108,7.464,A1
10.042,4.502,17.026,4.142,8.205,7.464,7.599,4.31,10.393,6.955,A1
9.35,5.579,15.545,9.799,1.404,4.34,4.233,5.463,9.283,10.457,A1
8.426,2.077,11.909,12.312,5.983,0.138,6.522,2.616,5.242,11.055,A1
20.662,2.077,15.949,11.146,5.377,6.117,8.092,7.426,10.427,5.878,A1
8.273,0.077,9.888,5.13,5.579,1.485,6.477,6.387,3.963,5.399,A1
2.886,1.809,9.35,4.233,4.838,8.111,9.171,7.849,4.334,10.158,A1
18.507,1.809,1.943,2.796,5.848,0.562,8.048,8.465,2.178,8.99,A1
6.272,16.083,2.616,8.183,6.117,7.679,10.921,2.501,5.714,4.801,A1
10.582,2.077,9.35,7.375,11.167,6.979,3.828,5.195,4.334,8.302,A1
8.426,0.077,10.697,0.283,4.233,3.478,7.24,8.311,6.993,6.267,A1
8.811,4.386,3.963,12.402,7.329,2.993,7.734,8.811,6.286,6.417,A1
7.734,6.117,6.657,8.003,5.04,0.246,6.746,5.425,3.896,6.926,A1
7.195,3.693,8.676,10.607,5.848,4.878,5.489,6.233,4.804,8.452,A1
3.578,6.117,3.559,2.796,1.895,3.263,13.21,5.04,6.623,8.362,A1
6.657,13.928,4.502,2.077,8.407,5.255,3.424,9.503,6.286,9.08,A1
7.734,19.585,3.021,17.878,6.724,1.37,7.824,5.195,5.31,7.285,A1
7.195,10.427,19.18,11.235,7.397,4.448,12.492,2.116,6.32,7.734,A1
9.888,0.615,0.212,7.015,8.407,1.37,4.591,8.234,2.145,6.537,A1
13.121,0.462,4.502,6.926,6.589,13.282,0.796,12.236,6.185,2.826,A1
13.659,4.502,3.693,5.668,6.724,9.511,0.148,5.695,8.878,1.749,A1
2.501,15.545,5.445,6.028,9.417,4.34,6.208,5.348,3.592,5.31,A1
6.657,8.003,8.138,9.888,3.088,6.818,1.898,5.848,3.054,8.152,A1
35.745,11.235,14.063,4.053,4.367,6.172,6.432,5.54,6.32,5.279,A1
12.736,10.965,11.639,11.953,11.504,12.043,2.886,8.118,7.801,7.315,A1
10.427,6.657,8.003,6.657,11.437,9.888,9.753,8.888,8.676,4.771,A1
1.424,2.886,8.811,0.796,11.504,6.872,0.327,4.925,4.367,4.173,A1
4.117,3.963,0.597,14.198,2.616,8.811,2.212,2.001,1.067,4.771,A1
2.347,14.736,4.636,6.208,11.1,0.3,11.19,4.155,2.347,7.046,A1
2.886,7.195,9.618,5.04,9.08,2.554,5.354,9.618,7.195,5.31,A1
6.117,2.077,2.616,5.22,3.963,7.303,4.861,8.888,1.842,4.921,A1
7.195,6.657,8.273,6.836,7.734,5.957,13.39,3.809,8.946,7.254,A1
4.502,8.541,1.943,2.707,7.801,6.441,5.714,12.774,5.31,3.454,A1
0.347,2.347,9.08,5.399,9.821,7.249,4.457,9.158,6.69,9.47,A1
7.888,2.347,8.676,9.26,12.716,9.242,7.868,9.118,10.461,9.529,A1
14.736,8.541,1.809,1.539,5.714,3.316,7.375,6.849,5.983,5.399,A1
7.349,4.117,2.077,2.077,2.684,7.195,6.208,10.773,6.724,5.489,A1
0.885,10.427,5.579,6.028,9.417,6.818,7.061,11.889,6.623,5.788,A1
2.886,28.203,4.636,10.067,8.138,2.671,5.893,5.695,4.67,5.429,A1
1.424,5.195,2.751,2.526,5.983,7.679,2.796,4.695,7.43,5.25,A1
3.04,2.347,3.289,9.26,14.4,1.162,4.142,7.811,7.902,5.13,A1
1.27,6.657,4.925,3.514,4.703,9.458,7.734,9.273,2.077,7.105,A1
17.968,3.578,3.559,2.591,3.626,6.549,9.934,5.502,6.016,6.686,A1
18.507,11.504,9.35,13.57,11.033,11.127,11.728,2.539,13.087,6.716,A1
3.424,4.117,11.774,10.248,4.771,9.296,9.215,7.503,5.546,5.1,A1
12.043,5.04,8.407,7.913,7.936,4.555,7.599,7.696,8.71,5.489,A1
17.429,2.347,6.387,4.591,3.78,5.579,3.514,6.617,4.401,1.329,A1
2.501,15.545,4.233,8.452,8.878,4.017,6.612,8.08,4.838,3.634,A1
29.82,4.117,10.562,10.067,9.215,2.077,7.464,5.502,6.353,6.597,A1
1.27,2.347,8.138,4.386,6.454,11.235,5.938,10.08,4.334,8.961,A1
6.657,8.003,10.562,10.876,5.175,2.401,7.105,10.889,2.886,3.784,A1
3.963,1.424,6.926,2.258,10.562,5.687,0.482,10.235,2.886,8.901,A1
12.043,0.615,9.888,12.851,4.703,8.596,7.285,6.079,6.185,5.968,A1
8.273,13.659,11.37,8.99,5.915,1.154,9.08,6.502,8.104,10.996,A1
3.963,8.811,0.75,6.297,6.724,12.905,3.424,3.655,6.454,5.788,A1
8.811,8.157,4.367,10.607,10.023,9.35,10.607,6.617,8.037,6.566,A1
4.502,4.233,3.289,4.771,7.195,2.663,4.053,5.502,6.252,6.417,A1
6.657,3.424,10.158,10.158,7.936,4.878,6.701,0.962,2.043,11.115,A1
24.433,6.272,13.524,9.439,5.647,4.987,8.722,6.734,8.037,9.618,A1
0.732,0.077,14.871,10.697,3.896,6.71,5.983,4.155,5.04,6.237,A1
6.657,17.699,6.791,3.514,2.279,5.472,5.624,6.233,9.586,6.058,A1
5.195,2.886,4.233,3.693,2.077,1.862,9.888,7.579,4.334,8.152,A1
10.427,5.04,13.121,4.322,3.896,7.464,7.778,6.81,7.801,6.297,A1
1.27,12.851,8.273,3.424,9.552,14.683,6.791,2.654,9.047,11.774,A1
33.051,2.771,12.716,4.233,8.34,8.488,6.701,4.925,2.347,5.19,A1
11.659,12.582,9.215,15.545,3.289,6.495,4.816,7.503,5.411,6.447,A1
1.27,8.273,0.885,3.604,4.098,12.204,9.485,4.617,6.353,11.803,A1
3.578,7.734,9.215,11.684,5.445,4.717,8.048,8.157,7.734,6.088,A1
11.12,8.003,0.347,4.053,0.395,4.933,5.848,9.35,4.132,9.439,A1
13.813,7.734,5.175,6.657,11.572,4.233,7.778,6.157,2.549,6.088,A1
6.657,8.541,11.504,14.018,0.732,1.701,2.077,10.388,10.023,6.297,A1
22.816,7.734,7.599,7.554,11.909,8.865,7.42,8.388,8.743,6.866,A1
5.579,3.04,14.333,0.551,3.021,6.441,5.445,3.232,6.421,3.484,A1
19.115,7.802,2.346,4.142,9.964,6.404,1.647,5.568,4.807,5.694,A2
7.504,9.798,12.959,10.242,1.348,6.671,3.865,2.431,4.474,2.7,A2
5.14,10.131,15.621,4.918,7.219,2.446,12.127,7.707,9.258,7.469,A2
6.471,7.504,3.643,8.135,1.73,3.41,7.58,2.621,3.31,1.036,A2
7.802,3.511,9.465,9.355,2.894,0.615,4.807,9.608,5.265,1.813,A2
16.453,10.131,0.981,8.245,6.804,1.581,10.076,6.139,2.687,5.51,A2
23.107,2.478,3.31,7.359,6.97,8.8,4.807,3.048,5.348,2.7,A2
8.467,15.787,0.35,5.174,0.066,5.606,4.252,0.958,4.849,7.099,A2
13.492,8.467,7.303,1.071,5.889,1.613,12.238,2.146,8.343,10.759,A2
7.504,6.804,1.147,5.029,4.891,1.048,5.195,0.184,2.104,4.105,A2
2.845,0.814,11.961,4.586,4.807,3.875,5.806,7.421,7.219,6.693,A2
10.464,5.507,16.286,6.915,3.31,5.406,2.755,6.281,3.851,1.332,A2
15.122,4.474,7.636,0.073,9.465,4.275,3.144,6.661,3.06,3.181,A2
10.464,1.48,3.144,7.247,2.229,2.744,3.033,7.421,0.607,8.652,A2
9.133,22.441,3.844,6.693,11.711,2.744,3.698,8.372,2.104,7.174,A2
5.507,0.482,6.172,2.367,1.896,5.938,5.306,7.279,4.724,4.031,A2
5.507,4.509,4.01,4.807,6.554,4.874,1.369,2.383,7.677,2.848,A2
6.172,3.809,3.809,3.254,6.388,4.807,2.755,3.809,5.514,7.432,A2
0.482,2.478,1.182,4.586,4.142,3.875,1.979,3.524,0.392,0.775,A2
4.474,0.849,4.142,5.029,3.476,2.877,3.289,0.72,5.556,6.693,A2
0.849,6.139,9.299,0.482,7.802,6.671,2.811,4.807,2.27,1.221,A2
0.482,0.482,13.292,7.247,0.266,7.203,11.074,4.284,0.981,6.804,A2
7.137,11.795,4.142,3.4,6.887,5.539,7.137,5.235,2.187,9.539,A2
16.453,5.174,8.8,2.478,3.476,1.147,2.589,5.425,7.012,3.329,A2
7.802,1.813,4.807,13.68,7.137,0.083,10.519,6.851,11.586,4.807,A2
13.791,4.142,8.966,0.482,2.845,1.414,5.472,3.476,3.975,7.284,A2
1.514,14.123,5.14,0.926,0.066,4.142,6.027,8.8,1.182,5.769,A2
19.78,9.133,3.844,2.034,0.017,5.673,6.083,2.621,5.099,2.404,A2
2.478,14.789,3.144,1.369,6.055,2.744,0.537,7.327,3.975,1.221,A2
9.798,0.184,5.306,5.251,8.551,4.076,2.811,5.995,1.272,5.288,A2
3.511,6.139,8.8,1.036,5.472,0.349,3.92,6.804,5.889,1.292,A2
15.122,9.798,20.612,5.362,11.877,8.999,7.525,2.146,9.05,2.7,A2
5.806,5.174,9.632,4.918,5.39,7.868,1.203,7.089,6.139,0.368,A2
19.115,1.147,6.139,8.578,0.599,3.743,4.252,4.427,0.441,6.027,A2
11.795,9.798,0.648,0.96,1.563,3.343,6.638,6.186,4.766,0.741,A2
17.118,4.474,1.015,2.956,2.263,12.46,4.973,2.763,3.809,6.767,A2
7.802,4.474,7.636,1.591,3.975,6.737,5.639,1.433,6.013,2.072,A2
7.504,16.453,9.632,14.123,3.559,11.728,6.859,3.429,7.386,1.924,A2
0.482,3.511,4.842,6.915,6.055,3.743,4.419,2.288,0.773,4.955,A2
9.133,0.482,4.973,6.915,4.392,9.266,5.639,8.657,5.39,6.989,A2
5.14,14.457,13.125,4.696,9.881,8.667,9.909,7.184,5.889,1.776,A2
7.504,2.845,2.478,4.696,6.97,3.676,9.244,1.433,2.021,4.031,A2
1.514,10.797,6.305,1.924,4.308,1.613,4.252,6.661,7.053,8.024,A2
6.471,4.509,8.966,6.139,5.722,3.743,3.144,5.568,5.972,3.439,A2
2.18,1.813,4.343,1.258,6.471,0.748,3.088,3.286,6.679,2.256,A2
0.482,9.798,11.462,14.678,1.563,3.011,2.533,6.614,12.917,4.401,A2
3.809,16.12,4.973,3.178,6.055,6.338,7.746,3.809,7.968,6.767,A2
18.816,8.8,4.973,2.069,0.1,4.541,12.848,6.804,6.346,0.001,A2
7.802,3.809,2.013,4.142,4.807,5.007,7.691,1.86,0.94,5.436,A2
1.813,19.115,10.464,6.36,4.474,3.144,6.139,1.005,3.268,3.587,A2
1.514,5.472,2.312,10.575,4.724,0.748,2.367,5.472,3.601,5.547,A2
9.798,8.834,2.146,0.627,1.813,5.938,8.467,3.334,4.641,5.51,A2
14.457,5.806,7.137,1.147,3.809,2.579,0.406,0.197,1.397,5.769,A2
6.172,4.142,8.301,6.139,5.806,9.066,3.476,3.476,3.06,7.691,A2
14.823,1.514,5.84,16.453,7.219,10.53,1.868,1.942,3.851,4.216,A2
3.144,17.783,4.807,4.364,5.722,1.347,4.142,8.229,8.758,3.07,A2
21.111,1.514,7.303,3.144,8.135,7.137,8.911,5.045,7.552,4.512,A2
4.474,10.131,1.147,7.469,1.48,2.013,5.806,3.999,5.39,6.656,A2
0.482,2.478,0.184,1.514,7.053,7.137,3.254,7.279,0.599,6.915,A2
6.172,0.149,6.804,5.472,1.681,4.209,9.909,5.33,5.182,0.886,A2
6.471,0.149,10.63,0.704,0.565,0.482,7.414,8.895,4.973,4.586,A2
1.813,7.137,3.31,0.038,4.142,4.807,1.126,5.71,5.265,6.508,A2
27.765,15.122,4.142,2.811,6.221,6.005,7.858,0.054,7.178,7.025,A2
0.184,5.84,6.139,7.025,9.05,3.875,8.412,1.67,1.522,5.547,A2
7.802,0.516,0.35,8.135,1.813,0.849,2.589,1.134,2.146,3.329,A2
4.474,13.791,2.645,0.294,7.303,6.005,3.033,6.614,0.524,6.508,A2
0.482,4.142,5.639,6.804,4.641,4.408,5.029,0.767,4.516,7.802,A2
6.172,11.129,0.35,6.582,0.066,1.347,0.87,3.809,10.464,0.445,A2
7.802,16.785,7.17,6.249,1.563,2.877,2.423,0.564,3.435,0.112,A2
8.834,5.84,3.476,4.731,2.478,4.608,3.199,6.423,11.628,4.216,A2
4.176,1.813,6.305,4.474,7.636,8.401,1.868,1.765,5.348,6.471,A2
1.147,8.834,6.305,6.693,5.341,9.931,5.584,8.04,7.261,3.402,A2
8.834,10.797,9.299,1.591,3.926,4.209,4.752,4.332,8.966,4.586,A2
1.813,8.467,2.645,3.844,1.896,7.935,2.734,1.147,2.312,4.807,A2
13.125,13.791,7.802,3.732,2.512,4.674,5.639,1.385,3.726,6.249,A2
17.118,6.139,3.809,4.252,0.814,4.608,2.312,3.096,5.431,4.031,A2
3.144,8.502,8.135,7.137,4.474,0.416,2.367,9.608,6.18,2.516,A2
0.184,9.832,0.482,2.478,3.559,5.34,4.641,5.806,9.59,3.698,A2
2.478,3.476,16.619,3.033,13.042,6.205,0.593,11.652,7.386,1.034,A2
1.813,17.451,5.306,8.8,4.641,1.214,1.924,1.657,3.685,7.802,A2
12.46,10.797,18.116,0.371,5.223,7.203,3.587,7.659,2.811,6.175,A2
4.474,0.149,5.472,7.691,2.478,0.716,6.305,2.336,3.643,1.184,A2
19.481,9.798,3.809,8.357,0.433,4.741,12.072,6.614,11.254,4.142,A2
18.449,6.471,0.149,6.139,0.066,7.203,3.088,0.245,1.938,3.439,A2
25.471,0.814,6.471,4.252,5.306,8.8,2.201,8.325,3.851,3.07,A2
6.172,2.146,0.683,2.922,5.556,3.277,3.587,5.853,4.474,4.512,A2
20.812,1.847,4.142,9.133,1.147,3.343,3.698,4.427,5.556,2.663,A2
9.798,11.829,6.139,0.593,8.301,1.946,10.408,13.696,6.429,3.735,A2
8.467,24.438,4.807,5.806,0.266,0.083,4.752,6.994,4.142,1.887,A2
20.445,5.507,2.478,4.807,5.057,0.216,6.526,5.901,4.683,2.441,A2
0.184,22.441,2.811,7.691,4.891,4.541,7.081,4.38,5.306,1.776,A2
0.184,11.795,12.959,6.249,0.814,7.27,1.813,7.279,4.891,5.806,A2
5.806,8.135,1.48,4.252,5.057,9.732,3.865,2.954,2.853,3.994,A2
3.809,7.17,6.638,5.14,7.885,3.61,9.521,1.575,1.73,6.027,A2
1.813,11.129,3.476,5.029,7.718,4.142,4.586,9.561,5.472,1.111,A2
1.813,1.48,9.798,7.802,3.144,3.676,4.641,0.577,0.433,6.323,A2
20.445,4.142,17.284,5.396,0.399,7.27,4.364,2.716,3.893,8.652,A2
13.125,7.802,6.97,4.031,3.726,10.397,2.922,4.284,5.764,3.92,A2
12.162,3.809,0.849,1.036,2.146,3.543,8.024,8.135,7.219,5.103,A2
35.085,2.146,3.511,7.247,6.97,2.877,0.128,4.284,10.048,5.066,A2
16.267,6.244,12.091,4.908,9.919,12.993,2.569,3.524,3.822,3.312,A3
9.124,7.915,8.122,6.133,1.483,5.309,2.346,0.899,4.156,5.873,A3
11.59,2.903,5.95,7.247,10.17,5.71,4.964,6.006,7.622,2.087,A3
10.253,0.438,5.282,10.683,5.91,1.7,3.126,5.385,1.818,6.244,A3
39.655,1.774,4.741,2.124,8.917,8.65,3.85,4.24,6.996,1.901,A3
20.276,8.79,5.576,6.801,5.158,6.779,2.291,8.822,0.982,1.084,A3
10.461,8.456,7.414,2.235,9.251,3.371,3.444,2.474,5.367,5.836,A3
2.903,1.774,4.614,1.217,0.772,3.044,0.66,0.183,8.124,7.729,A3
5.115,4.113,1.901,6.912,2.987,7.314,3.182,4.287,5.117,0.141,A3
0.231,3.11,7.621,5.242,3.154,2.569,3.794,1.137,8.332,2.124,A3
5.115,6.578,16.1,1.01,3.989,4.039,4.908,5.385,0.314,5.168,A3
11.129,3.906,0.772,2.012,9.502,6.177,3.404,5.433,6.119,2.643,A3
18.479,1.774,3.07,4.24,2.609,2.309,1.957,6.149,7.038,5.279,A3
0.438,16.935,8.082,8.806,1.356,2.703,0.883,3.667,3.029,9.066,A3
1.774,7.581,5.075,3.126,6.077,2.569,0.286,8.87,5.117,5.539,A3
6.451,8.249,5.409,14.931,6.745,2.041,5.409,3.906,3.279,3.683,A3
16.267,13.594,3.237,4.017,0.521,9.184,10.755,4.096,2.11,6.987,A3
2.235,4.447,10.922,3.906,1.65,6.445,5.743,3.094,5.326,7.655,A3
3.572,12.592,1.4,10.81,2.82,0.966,5.115,6.626,1.442,6.022,A3
14.931,14.597,1.106,5.687,1.233,3.171,4.852,6.769,3.989,8.397,A3
20.945,6.451,0.231,6.022,7.581,6.578,0.104,4.096,6.203,2.087,A3
8.249,6.578,4.614,8.026,2.192,3.906,1.901,1.519,1.024,3.534,A3
4.24,6.785,3.11,0.326,4.323,9.919,4.057,6.531,5.326,1.975,A3
2.235,1.233,5.075,2.903,4.697,2.576,6.69,2.586,4.24,2.591,A3
9.124,19.608,4.574,0.215,0.104,8.85,5.019,1.758,5.2,3.2,A3
7.581,8.456,4.948,9.697,4.657,6.512,3.906,3.19,4.866,10.625,A3
20.945,8.79,5.242,3.89,3.361,9.118,5.966,2.617,0.606,4.388,A3
6.244,7.915,0.438,4.017,0.565,0.431,1.217,3.19,0.981,7.618,A3
6.912,1.106,3.739,9.585,9.836,1.239,1.456,3.715,8.541,3.163,A3
14.931,26.29,8.623,5.576,4.824,8.717,4.518,8.106,5.618,8.509,A3
7.12,2.776,3.906,3.46,4.156,5.242,7.803,4.621,8.165,4.017,A3
20.276,0.565,4.741,0.215,2.442,2.903,5.465,1.28,3.363,9.474,A3
5.783,1.106,4.574,7.692,7.664,3.171,1.511,2.903,8.499,4.5,A3
7.581,6.244,8.75,0.549,10.086,5.242,3.572,5.767,4.908,6.95,A3
0.438,0.231,5.576,9.251,6.829,0.304,4.67,3.142,3.53,5.873,A3
5.115,1.901,0.605,3.11,3.277,10.588,0.342,5.051,0.563,5.799,A3
9.124,11.463,4.781,3.333,1.818,1.901,5.353,4.717,6.077,1.121,A3
4.24,4.24,6.912,9.251,11.673,1.507,6.244,0.008,4.616,5.539,A3
8.249,16.601,8.583,10.699,6.745,11.055,3.333,0.755,0.897,1.567,A3
5.115,10.588,4.908,10.031,5.493,3.304,2.569,1.106,8.708,6.319,A3
15.599,0.231,7.748,0.899,1.233,5.375,6.912,3.667,1.609,5.353,A3
8.917,5.242,8.583,0.326,4.323,0.631,2.514,4.86,6.829,3.683,A3
17.604,2.776,6.578,10.588,0.565,5.977,6.634,2.76,3.864,6.653,A3
17.604,2.235,11.757,3.572,10.17,0.565,4.128,5.003,4.198,3.163,A3
7.12,14.931,11.757,2.681,2.108,10.053,5.91,5.338,5.493,6.95,A3
0.438,2.569,5.282,7.469,7.581,4.774,1.456,2.14,4.365,1.53,A3
17.604,4.24,6.912,1.121,0.271,1.166,5.966,0.946,4.24,0.029,A3
2.235,0.899,1.106,0.772,5.242,2.776,4.629,4.717,6.871,8.063,A3
11.129,1.233,5.616,1.121,3.906,9.051,13.372,3.254,3.029,2.829,A3
10.253,8.249,5.075,3.126,9.418,3.973,8.527,4.144,1.858,3.275,A3
36.982,7.581,5.242,9.808,0.354,1.968,4.964,6.149,4.991,5.687,A3
0.899,15.265,12.926,0.119,7.414,9.519,1.233,1.917,0.231,2.346,A3
25.622,1.44,3.906,2.792,2.486,3.839,0.048,5.195,4.156,0.787,A3
7.788,2.235,5.95,7.692,2.569,4.106,3.404,5.099,5.618,5.947,A3
8.456,14.136,2.736,9.251,2.402,5.984,2.514,2.856,0.565,0.602,A3
10.253,13.928,8.75,7.024,6.996,8.65,5.854,3.858,1.692,2.124,A3
2.903,7.247,2.275,5.799,3.027,3.438,1.845,8.392,4.616,2.161,A3
5.115,11.256,17.437,3.237,6.702,1.366,9.251,6.817,2.903,7.395,A3
7.12,0.772,4.908,10.142,7.664,3.371,5.131,0.851,2.066,7.247,A3
6.244,9.251,2.609,7.692,4.029,5.777,3.572,0.135,6.203,4.203,A3
0.438,13.468,7.08,6.133,1.818,8.984,1.01,0.39,7.748,1.715,A3
12.258,11.797,1.607,9.919,1.774,1.306,5.465,0.421,0.69,1.307,A3
16.267,5.242,6.411,9.362,1.65,0.304,9.808,4.478,2.902,0.066,A3
9.585,10.795,3.906,7.803,1.149,0.966,1.567,3.285,5.242,2.235,A3
19.816,4.447,7.414,0.215,0.187,4.173,4.908,0.724,7.539,4.871,A3
2.235,3.444,0.732,10.349,9.251,2.636,4.017,0.374,0.732,5.168,A3
7.12,21.947,9.251,7.692,4.908,8.583,5.632,5.195,0.773,0.676,A3
12.926,20.276,3.739,4.017,7.998,3.104,8.193,4.956,7.873,9.994,A3
14.263,2.903,2.903,2.792,0.314,1.768,5.91,4.24,1.442,5.762,A3
6.912,0.438,8.583,5.353,6.077,2.91,8.193,3.524,5.534,6.393,A3
5.115,14.931,3.739,1.663,5.827,0.565,6.801,6.101,4.616,0.565,A3
0.438,8.122,16.267,4.797,1.818,2.175,3.293,4.001,4.741,4.351,A3
8.249,7.12,1.567,5.131,4.323,4.707,1.79,2.426,10.504,2.235,A3
4.447,0.231,7.08,7.581,5.493,1.433,4.685,5.529,3.697,8.175,A3
9.585,3.444,0.772,1.456,4.741,4.24,2.012,0.485,5.284,4.054,A3
5.576,2.569,5.743,7.135,4.49,12.392,5.019,5.863,6.829,5.725,A3
10.461,8.583,6.952,8.694,2.402,10.855,7.97,3.953,7.038,2.792,A3
7.581,4.24,13.427,1.774,4.24,4.774,0.716,8.297,9.502,7.655,A3
6.912,11.59,5.409,2.792,5.158,3.572,5.91,7.867,2.486,3.497,A3
10.253,2.776,13.26,1.456,3.906,5.443,5.242,2.665,7.581,2.087,A3
1.567,6.912,6.077,0.565,0.521,5.91,5.743,4.956,1.525,4.017,A3
4.24,0.438,10.086,7.024,3.07,4.707,5.075,10.206,6.244,4.908,A3
0.231,2.442,2.903,9.697,0.398,2.97,4.629,2.617,0.356,6.43,A3
6.912,10.922,1.066,0.453,0.521,0.104,4.574,6.149,0.02,2.495,A3
6.912,7.581,5.409,2.569,0.104,2.034,6.578,9.394,1.024,6.244,A3
8.456,6.785,19.441,5.131,2.609,4.841,1.623,8.488,6.829,5.242,A3
3.572,1.44,0.605,2.776,1.316,3.371,4.24,1.328,4.783,4.871,A3
20.945,9.919,9.752,8.917,2.068,3.104,4.797,6.006,6.704,4.388,A3
16.267,4.113,6.077,1.456,0.187,3.772,5.743,8.345,3.864,8.397,A3
14.263,11.59,4.908,7.247,5.576,6.378,4.295,3.572,0.69,3.757,A3
12.465,10.922,13.928,7.469,13.177,7.848,4.574,2.713,7.372,7.841,A3
0.899,3.572,4.781,3.015,5.994,8.382,0.732,4.621,4.908,5.168,A3
32.973,2.903,0.605,4.558,4.156,3.906,5.186,2.426,6.662,2.235,A3
8.917,1.774,0.732,0.342,3.862,1.366,9.362,4.335,4.323,7.655,A3
23.618,7.247,2.235,5.353,7.497,6.445,1.273,6.578,0.064,4.314,A3
7.12,0.438,2.776,8.806,3.321,8.516,3.739,6.006,1.191,5.539,A3
16.935,8.249,16.434,4.128,6.745,3.171,5.298,2.999,0.272,7.469,A3
7.788,1.901,8.583,0.342,5.242,1.768,10.643,2.044,0.981,2.05,A3
4.908,23.618,4.073,4.797,13.01,5.977,4.908,0.374,9.794,5.873,A3
8.456,7.12,6.117,2.776,2.402,3.572,4.741,6.388,7.205,2.606,A3
7.821,12.942,1.024,1.614,0.489,6.518,5.059,2.155,1.199,5.939,B1
15.456,5.493,2.7,0.714,14.525,12.849,4.128,1.357,1.432,2.059,B1
19.926,8.939,0.326,4.128,3.119,2.142,1.568,4.815,4.283,2.576,B1
11.546,10.335,11.965,9.404,8.007,6.145,3.818,10.867,7.426,3.921,B1
23.836,18.529,13.827,0.093,0.791,2.886,7.852,1.104,3.922,0.404,B1
25.512,14.06,2.002,13.594,6.611,7.356,9.637,3.485,11.034,3.559,B1
15.27,3.631,1.257,0.093,6.611,0.838,7.62,5.68,1.199,2.059,B1
0.559,11.546,1.071,9.528,8.24,5.773,7.775,2.421,7.426,7.956,B1
15.456,3.818,4.795,6.3,5.447,5.773,12.818,1.769,6.32,5.007,B1
2.421,14.525,5.214,1.8,14.292,4.004,5.757,4.815,8.531,7.542,B1
12.663,8.007,15.223,1.924,0.256,4.562,5.136,2.288,8.124,4.18,B1
0.372,10.335,9.171,12.042,8.287,1.583,8.007,5.214,2.712,3.093,B1
6.145,3.352,5.912,3.166,10.335,0.745,3.818,3.152,3.119,1.696,B1
0.559,0.372,6.611,14.06,1.071,13.594,0.217,3.033,4.399,7.283,B1
7.076,9.404,1.024,10.025,8.24,12.849,5.059,0.838,2.467,2.835,B1
3.166,3.818,3.119,14.525,3.864,9.963,2.964,2.155,1.897,6.145,B1
4.283,16.387,8.473,3.166,5.098,2.142,0.527,3.884,7.891,0.455,B1
21.974,8.007,22.207,7.076,0.372,1.397,0.605,10.801,0.372,4.231,B1
3.352,10.149,3.352,0.869,6.611,9.311,5.136,5.281,2.584,2.421,B1
21.043,6.145,11.499,6.3,11.15,3.818,9.016,2.621,12.43,3.611,B1
21.043,1.955,8.752,7.076,9.404,7.635,4.749,3.618,4.632,10.956,B1
3.166,0.559,7.356,10.025,6.494,5.028,9.792,2.833,6.203,6.973,B1
22.719,8.939,12.896,8.162,12.896,4.097,2.7,5.547,8.473,2.059,B1
12.477,15.922,8.473,7.045,9.986,2.421,10.413,5.613,1.013,6.766,B1
35.009,5.028,10.335,3.166,14.292,6.238,4.594,9.204,1.839,0.89,B1
18.25,16.201,6.145,4.128,3.701,3.073,2.188,1.556,1.373,3.404,B1
34.823,3.352,6.611,3.321,16.504,4.376,1.071,7.409,6.494,3.611,B1
6.145,3.352,0.326,1.149,5.214,7.635,6.456,10.269,1.315,0.3,B1
19.181,10.149,7.309,1.459,9.87,1.21,3.74,5.427,3.934,1.821,B1
27.374,8.287,12.709,5.525,4.05,2.328,6.378,6.943,7.193,4.076,B1
21.043,2.421,3.166,1.614,3.236,7.728,2.11,6.943,10.568,4.386,B1
18.063,0.559,17.318,1.645,15.223,12.477,9.326,0.426,2.188,5.68,B1
2.235,5.68,13.128,6.456,9.334,1.583,6.58,9.471,6.087,0.869,B1
5.214,3.818,1.304,8.162,9.87,9.311,7.93,2.634,0.966,4.852,B1
23.836,2.421,8.287,10.646,4.749,12.57,6.611,2.421,1.723,4.49,B1
10.615,4.562,4.749,9.249,6.844,3.166,3.585,8.872,2.13,13.232,B1
4.097,26.629,1.723,9.838,5.144,4.19,8.861,4.097,1.606,1.614,B1
10.801,21.043,8.054,5.369,10.102,4.19,6.145,3.897,15.165,6.87,B1
5.028,5.68,12.942,6.58,14.223,2.98,6.611,5.48,6.669,1.904,B1
1.304,18.994,15.922,13.905,6.029,4.376,12.12,7.675,1.955,10.387,B1
13.408,2.886,4.283,16.387,4.912,4.749,5.214,0.293,3.759,0.869,B1
15.456,18.715,9.637,0.248,0.489,8.566,2.576,6.278,4.912,5.007,B1
1.304,8.752,18.482,14.68,2.304,6.983,2.576,2.354,9.637,5.886,B1
15.456,12.197,17.318,19.646,1.839,3.352,0.093,0.306,1.082,2.7,B1
13.594,9.404,4.05,5.493,3.468,4.097,13.827,8.007,1.827,6.973,B1
2.421,9.683,5.447,13.128,4.516,7.449,5.136,1.224,5.505,2.11,B1
10.615,9.218,7.542,6.456,6.96,7.169,2.964,2.621,6.262,2.11,B1
13.594,13.873,9.171,3.166,1.373,1.955,1.257,4.615,0.85,2.804,B1
10.801,20.112,3.631,5.804,2.537,0.559,9.094,1.49,2.188,16.232,B1
16.201,33.613,2.421,7.231,5.912,1.676,7.464,6.943,8.822,2.731,B1
3.352,4.283,3.352,6.425,6.145,5.493,9.559,6.278,0.268,4.024,B1
69.46,7.076,11.732,7.976,1.304,4.655,3.895,0.426,10.452,4.542,B1
6.89,29.888,8.473,10.18,5.144,7.542,3.585,9.471,3.294,11.835,B1
48.045,12.197,3.399,17.163,4.749,0.559,4.283,2.035,2.304,5.059,B1
9.87,18.715,1.024,7.542,1.373,0.838,3.43,1.503,3.236,7.904,B1
10.615,6.89,0.14,4.594,4.981,10.987,0.248,0.16,4.865,2.318,B1
9.87,4.283,2.188,5.68,10.917,12.104,1.878,7.01,9.52,2.886,B1
29.423,12.663,2.7,10.646,6.378,4.376,5.214,5.414,5.04,5.421,B1
16.201,5.959,1.723,5.99,15.689,0.466,3.274,0.093,0.791,2.007,B1
5.214,8.007,5.028,0.093,1.839,12.477,3.088,0.372,5.331,9.301,B1
44.32,10.801,5.261,4.904,9.171,2.235,6.3,6.943,1.781,3.559,B1
3.352,20.112,19.879,12.042,7.891,7.728,3.243,0.758,6.436,8.473,B1
9.87,2.886,9.218,4.283,6.657,1.49,0.404,4.216,5.738,0.041,B1
10.615,0.093,4.283,9.094,6.425,1.397,1.536,4.749,2.13,5.421,B1
5.028,6.89,1.024,2.855,2.304,1.117,3.119,4.749,5.563,3.942,B1
10.801,11.266,5.214,3.786,3.585,7.635,5.525,6.611,6.96,6.352,B1
3.166,12.011,1.304,7.231,0.023,9.125,4.205,10.734,0.489,7.904,B1
13.408,8.939,0.14,6.58,12.663,5.493,12.973,3.219,0.081,0.196,B1
18.25,19.646,7.309,10.49,2.77,4.004,0.248,1.237,0.5,0.062,B1
17.318,9.87,8.939,2.545,2.817,2.328,4.516,3.684,1.653,1.231,B1
5.959,4.097,6.844,2.39,0.093,0.931,8.939,7.874,5.098,5.783,B1
4.283,7.542,10.801,4.407,11.15,6.145,0.76,3.086,2.642,3.611,B1
20.112,11.732,6.844,3.041,6.145,1.49,5.059,9.271,1.955,9.559,B1
8.007,4.283,6.89,3.818,7.775,5.959,1.335,3.884,2.886,7.852,B1
8.939,34.078,16.387,15.922,5.68,2.886,4.671,2.288,2.595,8.059,B1
5.214,2.7,9.404,7.697,6.262,1.024,3.352,6.212,5.331,0.507,B1
14.339,8.752,5.447,13.439,4.981,4.749,12.896,10.135,6.727,1.355,B1
18.25,21.043,1.536,8.318,1.42,3.259,6.378,8.007,4.749,7.283,B1
17.132,5.959,1.304,12.197,2.304,2.98,0.326,2.022,0.791,4.821,B1
12.663,20.112,17.086,8.628,11.15,2.886,8.473,7.409,2.7,3.921,B1
13.408,9.87,10.801,0.527,15.223,0.279,4.438,3.285,1.013,0.869,B1
21.974,0.838,2.654,3.818,16.504,0.745,7.201,6.877,3.701,9.301,B1
3.352,9.218,4.516,1.459,11.383,0.372,4.05,5.014,7.716,10.594,B1
21.974,14.991,9.171,5.99,13.478,11.173,2.421,9.204,9.288,6.787,B1
4.097,3.818,15.689,14.68,17.202,8.194,4.749,1.224,2.176,4.335,B1
16.201,5.493,5.726,7.852,12.197,1.397,3.352,7.808,2.537,7.076,B1
16.387,7.542,8.706,1.179,9.404,3.911,4.05,1.889,2.654,4.128,B1
4.097,2.7,0.326,2.235,5.214,5.307,10.18,6.411,5.854,4.335,B1
18.063,2.235,9.171,7.697,2.421,3.352,2.235,7.076,10.044,10.594,B1
32.216,8.287,3.631,12.197,0.093,15.27,3.352,1.024,5.331,3.921,B1
27.561,5.68,3.399,4.128,7.426,6.518,7.309,3.498,13.361,10.904,B1
1.304,8.939,5.959,15.146,4.749,0.466,1.878,2.487,3.282,1.231,B1
13.408,15.456,0.559,21.353,1.839,0.279,8.706,3.285,2.014,4.955,B1
22.905,13.128,9.404,5.68,5.214,6.145,7.076,12.596,8.415,4.955,B1
12.663,0.559,12.896,4.252,9.753,8.659,0.683,2.687,7.076,6.714,B1
0.559,1.49,2.7,5.059,13.594,0.559,1.691,6.145,2.77,5.421,B1
4.097,10.335,7.309,4.594,5.098,3.445,2.343,1.237,2.886,1.252,B1
25.698,28.492,12.43,1.459,0.14,5.587,1.257,8.207,12.779,0.166,B1
4.283,1.024,4.749,0.248,14.758,7.542,4.95,0.891,0.314,0.041,B1
29.236,5.493,7.821,4.594,0.954,5.959,1.568,5.813,5.796,3.041,B1
6.543,1.066,2.588,24.301,0.836,11.718,11.237,8.501,13.488,1.555,B2
19.332,35.463,6.925,0.455,3.5,12.48,0.433,5.13,10.635,8.912,B2
11.721,10.349,3.5,4.514,1.026,15.22,6.417,8.676,9.968,6.121,B2
23.897,5.022,7.686,15.93,15.296,9.74,14.027,6.828,10.539,3.415,B2
23.287,10.349,6.925,4.872,12.823,10.045,5.529,3.826,8.351,4.599,B2
19.332,11.721,8.066,0.813,8.827,0.153,8.066,3.065,5.212,4.279,B2
25.42,10.349,1.066,5.783,2.359,1.368,4.388,15.024,10.254,2.842,B2
28.463,15.526,15.526,4.261,2.168,8.218,7.305,4.804,2.359,5.952,B2
26.33,1.066,0.455,3.857,9.588,4.72,2.359,5.674,6.449,4.937,B2
8.066,1.827,1.216,4.872,21.003,8.979,7.939,0.849,2.073,3.415,B2
23.287,6.543,0.305,3.246,1.066,11.11,6.543,3.458,6.449,8.742,B2
9.588,5.633,6.925,22.272,16.817,15.676,8.7,1.434,7.305,1.724,B2
9.588,25.57,2.739,11.617,3.31,12.785,3.753,13.611,18.721,3.585,B2
44.596,2.739,13.774,3.753,7.496,10.653,9.715,7.958,4.927,0.793,B2
0.455,19.482,20.623,2.992,5.022,8.523,12.125,6.176,1.978,0.136,B2
17.198,17.198,12.633,9.588,6.734,0.153,5.91,2.479,2.929,0.305,B2
20.853,6.543,10.729,2.588,6.393,12.023,6.798,0.455,3.88,7.051,B2
11.721,7.915,8.066,12.125,1.637,5.935,1.343,1.61,9.588,11.702,B2
22.375,4.111,22.145,13.139,13.584,4.261,13.901,11.979,2.834,10.011,B2
13.242,8.676,4.641,12.989,18.34,9.892,10.222,17.851,9.398,2.992,B2
26.33,2.588,15.296,7.812,1.026,5.935,1.978,6.543,1.502,11.11,B2
3.5,8.827,14.765,0.559,16.057,10.501,3.246,3.717,6.925,2.232,B2
24.809,5.783,7.154,1.574,10.729,5.174,3.857,12.85,0.455,7.389,B2
4.111,30.136,12.252,9.588,13.242,11.566,8.7,0.673,5.688,10.603,B2
50.684,21.003,28.614,5.783,2.968,16.133,7.559,5.565,5.592,15.085,B2
11.11,13.242,6.774,1.471,21.003,0.001,7.305,8.61,6.925,3.668,B2
5.633,30.897,25.189,0.559,0.876,3.5,8.7,1.392,6.068,3.923,B2
36.985,10.199,0.075,12.125,1.216,4.565,2.359,6.435,7.876,1.978,B2
2.588,14.154,13.774,13.393,7.876,8.829,12.125,12.85,1.733,9.08,B2
38.508,11.871,24.659,14.154,3.88,0.153,9.208,5.13,1.502,6.543,B2
0.455,11.871,23.287,0.305,1.066,9.436,8.574,2.588,7.971,6.037,B2
11.11,23.287,3.349,1.978,1.066,1.218,15.55,7.632,6.163,6.055,B2
35.463,31.658,19.482,15.93,13.013,6.696,4.388,2.697,3.12,5.36,B2
25.42,9.588,11.871,7.559,1.978,4.111,3.246,4.37,15.962,3.33,B2
27.853,4.261,13.774,5.276,1.978,3.957,4.768,5.307,5.308,5.952,B2
48.25,1.827,3.12,0.305,9.017,1.371,1.724,11.762,11.11,1.659,B2
36.985,14.765,2.588,10.096,1.216,0.458,6.163,8.175,9.874,6.713,B2
36.985,11.721,21.764,17.452,2.359,11.414,0.583,7.523,2.263,4.026,B2
5.022,7.915,13.013,10.603,3.69,7.153,5.149,3.5,13.868,9.08,B2
34.551,4.872,17.96,1.216,2.398,4.567,0.455,10.349,4.641,10.434,B2
41.551,12.633,4.872,3.603,7.115,0.912,12.886,10.132,6.925,1.978,B2
40.64,12.482,14.535,9.945,11.871,5.783,5.76,5.674,9.112,4.091,B2
8.066,1.978,7.305,9.08,23.477,0.61,12.886,4.587,5.688,6.121,B2
11.11,33.941,5.402,1.574,1.407,0.455,1.851,0.347,10.445,5.952,B2
20.853,22.526,3.5,3.5,2.359,0.608,5.783,15.893,5.498,8.066,B2
16.287,13.242,2.968,1.978,5.783,0.608,10.984,2.588,3.595,5.36,B2
6.543,0.305,1.447,7.305,2.929,3.804,15.93,13.502,1.542,9.25,B2
40.029,12.633,1.066,6.29,0.646,1.064,5.252,3.283,9.493,5.36,B2
24.809,11.721,10.96,5.633,4.261,4.413,2.992,12.524,6.163,8.996,B2
22.375,4.872,9.588,5.125,6.543,7.153,11.49,4.587,5.022,5.107,B2
35.463,13.242,1.827,0.051,11.3,4.717,4.491,1.761,14.249,0.305,B2
23.897,29.375,1.597,11.467,1.637,4.261,5.91,20.46,7.115,9.758,B2
23.287,11.11,7.686,3.246,6.203,3.196,13.52,0.238,6.353,2.654,B2
5.633,15.676,27.472,4.261,4.872,4.109,9.841,15.133,0.496,4.514,B2
8.066,17.198,0.305,8.066,1.257,2.587,5.402,5.783,7.971,6.563,B2
44.596,37.746,18.721,9.335,17.389,11.871,2.865,13.067,1.542,1.742,B2
14.154,10.96,0.305,3.5,8.066,2.13,8.954,0.021,23.001,0.559,B2
48.25,9.438,6.393,1.574,10.729,5.328,5.276,12.198,5.117,1.471,B2
2.588,12.482,1.597,10.096,6.163,12.937,0.202,11.11,5.402,19.651,B2
11.11,23.287,0.836,2.082,8.637,2.892,0.583,2.957,0.4,5.783,B2
18.721,15.676,16.057,2.739,11.68,14.003,8.192,5.85,5.022,3.33,B2
16.287,32.268,14.535,8.32,2.588,9.892,5.022,8.501,7.876,8.489,B2
14.154,13.393,12.252,1.827,13.393,7.153,13.013,3.826,9.778,4.599,B2
11.11,17.048,11.49,0.305,18.15,7.611,7.686,0.632,10.825,6.205,B2
15.676,12.482,1.066,5.022,0.496,5.935,7.178,4.152,9.493,0.455,B2
28.463,27.091,11.871,4.008,8.447,2.891,1.724,6.543,3.975,8.574,B2
6.543,1.216,3.349,5.633,2.968,5.022,2.335,14.046,18.435,4.599,B2
25.42,12.633,8.827,0.051,2.549,5.63,4.388,7.849,2.263,3.246,B2
9.588,1.827,3.5,9.841,20.623,10.653,8.192,5.783,4.547,13.647,B2
26.33,19.482,19.862,8.066,2.778,5.783,11.871,2.087,8.732,1.048,B2
14.154,17.198,7.154,4.768,0.265,8.979,3.753,6.285,5.973,4.176,B2
18.721,17.96,29.755,4.617,6.203,4.109,0.559,7.372,9.588,8.235,B2
14.765,6.393,3.12,3.246,5.212,18.721,6.671,1.501,17.674,6.121,B2
29.375,10.96,2.359,8.32,14.725,3.807,9.588,9.045,10.92,5.867,B2
2.588,20.242,0.305,10.857,6.543,5.783,11.745,4.913,5.157,3.753,B2
15.676,12.633,15.676,7.559,2.778,9.134,3.88,0.305,14.535,2.654,B2
21.764,16.437,7.915,0.202,10.349,4.109,1.851,7.632,9.017,2.062,B2
9.588,1.827,10.96,2.082,8.257,12.328,19.101,8.284,4.547,4.853,B2
41.551,29.375,18.34,3.753,10.729,4.72,3.476,9.371,9.968,5.36,B2
8.676,1.827,7.686,3.349,1.407,3.043,0.075,13.937,7.21,6.46,B2
29.375,0.455,6.543,2.485,1.788,6.85,7.051,0.523,7.686,0.221,B2
28.463,25.42,6.393,23.793,2.549,8.676,13.013,0.305,3.785,2.992,B2
9.588,5.783,4.261,8.574,20.242,11.566,5.276,3.826,1.692,6.966,B2
10.199,1.216,10.96,0.559,7.686,5.022,5.022,5.891,3.73,9.418,B2
12.633,19.332,11.11,0.305,12.252,5.935,0.686,6.871,6.734,5.107,B2
30.897,3.5,7.686,3.753,6.734,7.61,7.027,10.566,2.073,7.221,B2
16.287,1.827,4.261,9.335,5.783,9.132,10.222,8.827,8.486,9.588,B2
5.633,8.676,7.686,5.886,7.876,15.676,3.753,3.566,7.4,9.588,B2
4.111,14.915,5.022,8.32,6.734,10.501,9.461,8.066,5.878,15.423,B2
14.154,12.633,21.384,8.32,8.637,5.174,2.992,4.913,2.493,3.162,B2
17.809,8.066,2.739,12.378,6.353,0.151,3.246,18.612,5.498,3.077,B2
8.066,3.5,0.075,9.945,0.115,2.132,1.7,3.132,6.543,3.33,B2
15.676,8.827,21.764,2.739,13.203,1.066,2.359,4.111,0.171,5.529,B2
14.154,16.437,4.641,1.574,22.716,5.63,11.213,6.109,2.834,12.801,B2
17.809,5.022,2.968,17.452,13.774,4.72,12.505,7.414,5.308,5.867,B2
10.199,12.633,18.34,8.066,7.686,3.348,11.745,7.523,2.739,14.83,B2
20.853,1.216,8.827,9.08,5.823,11.414,9.818,14.48,10.349,8.574,B2
20.242,0.305,3.88,6.543,9.398,16.133,5.149,7.197,12.252,11.617,B2
14.765,8.066,6.543,16.945,1.216,5.63,2.865,7.414,0.551,7.051,B2
4.111,2.588,6.393,3.603,4.641,4.109,0.559,10.458,7.305,0.136,B2
