0.05,0.1,0.15,0.2,0.3,0.4,Transcript,Sampling Interval
6.833,1.492,5.685,6.323,2.953,2.955,B2,30 seconds
8.979,6.113,4.47,4.573,1.733,5.39,B2,30 seconds
0.444,11.522,8.344,0.176,0.053,3.768,B2,30 seconds
5.996,1.471,2.526,3.743,0.102,2.186,B2,30 seconds
32.492,0.421,2.961,0.104,0.864,0.077,B2,30 seconds
25.867,13.575,2.684,4.072,0.903,2.357,B2,30 seconds
15.793,9.355,7.144,1.809,4.923,0.681,B2,30 seconds
11.219,5.133,10.21,8.83,3.034,2.331,B2,30 seconds
7.813,0.514,2.964,0.001,4.278,2.684,B2,30 seconds
17.892,2.565,0.691,8.119,6.54,2.326,B2,30 seconds
4.827,4.503,2.401,4.093,0.784,0.174,B2,30 seconds
8.982,4.547,6.46,7.836,0.709,0.958,B2,30 seconds
28.107,2.077,6.662,6.812,1.603,0.384,B2,30 seconds
20.549,0.048,3.539,5.273,4.052,0.961,B2,30 seconds
6.32,4.058,0.895,1.643,1.795,1.424,B2,30 seconds
3.055,5.667,3.928,4.422,4.742,0.296,B2,30 seconds
14.951,14.274,5.045,1.366,0.421,2.818,B2,30 seconds
0.675,5.18,3.63,3.022,0.429,0.745,B2,30 seconds
20.782,7.953,0.598,5.422,4.711,0.465,B2,30 seconds
10.568,4.736,2.606,3.36,1.461,0.841,B2,30 seconds
15.93,16.514,0.895,1.797,0.147,1.267,B2,30 seconds
0.069,7.253,3.897,1.842,5.473,2.728,B2,30 seconds
20.551,0.374,3.614,4.302,3.788,3.521,B2,30 seconds
1.748,13.715,0.351,2.343,1.214,0.996,B2,30 seconds
1.797,9.588,3.49,5.119,2.194,2.67,B2,30 seconds
14.204,3.22,11.981,1.48,7.224,4.058,B2,30 seconds
3.15,8.583,4.843,4.13,0.732,2.719,B2,30 seconds
3.383,2.894,1.111,6.88,0.748,0.287,B2,30 seconds
21.529,5.27,5.372,5.236,0.413,2.223,B2,30 seconds
5.994,3.124,3.539,7.151,0.421,3.101,B2,30 seconds
13.134,2.894,4.068,6.705,0.39,0.555,B2,30 seconds
8.233,2.73,4.765,2.007,4.617,2.264,B2,30 seconds
22.324,6.274,6.849,4.072,1.538,3.22,B2,30 seconds
12.294,2.077,13.6,1.597,6.361,0.553,B2,30 seconds
2.357,13.505,13.118,8.142,1.572,1.208,B2,30 seconds
24.983,11.594,11.952,0.328,0.483,1.972,B2,30 seconds
8.28,13.764,8.018,6.32,3.92,3.754,B2,30 seconds
25.916,1.074,7.829,2.532,3.272,2.048,B2,30 seconds
37.764,0.608,4.488,5.215,0.398,2.565,B2,30 seconds
9.073,9.143,6.836,0.223,1.362,1.912,B2,30 seconds
10.195,12.924,1.999,0.034,5.358,2.028,B2,30 seconds
10.568,0.279,8.357,12.642,2.619,1.617,B2,30 seconds
11.081,0.818,17.532,0.244,2.448,5.121,B2,30 seconds
1.188,1.354,3.15,1.482,5.654,1.41,B2,30 seconds
11.872,2.308,1.797,0.71,1.688,1.048,B2,30 seconds
0.025,2.471,7.489,1.748,5.947,1.063,B2,30 seconds
3.661,11.431,4.332,4.853,4.695,2.11,B2,30 seconds
1.144,3.034,6.68,9.539,2.541,2.066,B2,30 seconds
29.602,1.611,0.458,2.506,2.689,0.864,B2,30 seconds
11.034,1.655,6.136,7.685,1.937,1.124,B2,30 seconds
14.067,1.095,1.704,6.099,1.999,5.273,B2,30 seconds
11.174,5.856,4.034,1.354,0.569,2.874,B2,30 seconds
23.724,11.711,9.244,0.745,4.353,2.386,B2,30 seconds
12.714,6.812,4.534,0.631,4.231,2.771,B2,30 seconds
9.075,3.451,1.344,1.807,0.815,3.045,B2,30 seconds
6.693,4.104,0.18,4.223,3.928,1.066,B2,30 seconds
9.821,6.95,10.006,4.55,2.334,0.914,B2,30 seconds
15.044,5.387,6.774,0.293,3.928,1.935,B2,30 seconds
10.006,9.005,1.406,2.401,1.65,1.984,B2,30 seconds
2.077,1.564,6.88,6.46,3.785,0.57,B2,30 seconds
8.095,8.676,8.311,2.81,3.591,2.075,B2,30 seconds
11.548,19.313,3.754,3.955,5.397,1.121,B2,30 seconds
0.769,3.29,2.23,2.474,5.187,0.765,B2,30 seconds
10.659,11.499,7.722,1.704,3.132,3.185,B2,30 seconds
4.783,10.869,12.758,6.612,6.214,1.218,B2,30 seconds
27.922,12.781,5.747,4.235,5.226,1.815,B2,30 seconds
9.915,5.131,0.569,13.32,0.699,2.025,B2,30 seconds
7.629,13.88,5.683,10.066,5.211,0.115,B2,30 seconds
10.379,3.288,5.763,2.369,0.069,0.87,B2,30 seconds
5.061,4.083,0.336,6.008,1.891,0.363,B2,30 seconds
14.72,3.477,1.891,0.993,0.545,0.809,B2,30 seconds
2.171,0.398,3.166,1.657,0.885,0.275,B2,30 seconds
15.84,1.961,3.01,3.148,2.58,1.363,B2,30 seconds
8.373,0.139,1.593,2.462,5.333,0.893,B2,30 seconds
5.763,11.128,2.124,0.559,1.67,1.996,B2,30 seconds
4.223,10.708,6.989,4.876,7.823,2.576,B2,30 seconds
14.673,4.13,6.864,10.612,3.92,0.22,B2,30 seconds
11.639,7.953,5.138,2.355,0.258,0.567,B2,30 seconds
11.408,4.083,1.188,0.314,2.357,1.442,B2,30 seconds
6.043,14.321,5.9,0.465,3.936,1.022,B2,30 seconds
10.052,13.577,2.761,17.193,4.192,0.611,B2,30 seconds
15.886,19.336,4.13,10.218,2.552,2.413,B2,30 seconds
2.448,1.844,3.788,1.214,2.178,0.036,B2,30 seconds
16.024,4.223,6.307,2.67,1.639,0.392,B2,30 seconds
10.146,12.714,4.563,3.323,0.045,4.579,B2,30 seconds
11.967,1.445,2.233,0.713,1.502,4.532,B2,30 seconds
14.767,1.004,1.595,5.32,0.403,1.57,B2,30 seconds
10.241,8.489,7.969,0.339,2.534,0.444,B2,30 seconds
4.223,13.087,9.79,1.447,3.827,2.017,B2,30 seconds
4.596,2.845,4.47,7.431,0.807,0.308,B2,30 seconds
11.781,5.76,2.013,3.498,0.248,3.238,B2,30 seconds
4.734,3.381,3.568,1.611,2.435,0.553,B2,30 seconds
19.429,5.224,11.607,5.938,7.976,2.366,B2,30 seconds
11.548,4.923,10.208,8.772,6.144,0.339,B2,30 seconds
19.898,6.227,3.552,5.215,5.916,1.92,B2,30 seconds
15.7,10.778,0.053,3.124,0.473,2.124,B2,30 seconds
6.32,14.907,1.02,1.109,2.448,1.57,B2,30 seconds
3.617,7.955,3.648,3.171,4.065,0.704,B2,30 seconds
4.687,0.071,8.018,6.11,3.345,0.153,B2,30 seconds
20.645,6.346,4.687,0.815,2.985,1.832,B2,30 seconds
1.83,4.93,3.958,1.275,,,A1,30 seconds
1.802,1.372,3.398,4.228,,,A1,30 seconds
1.187,10.865,1.918,4.897,,,A1,30 seconds
4.705,10.48,5.476,0.362,,,A1,30 seconds
17.753,2.496,0.248,3.31,,,A1,30 seconds
18.066,0.165,1.915,6.384,,,A1,30 seconds
13.199,2.482,0.589,1.581,,,A1,30 seconds
8.747,1.927,1.337,4.612,,,A1,30 seconds
5.144,10.808,5.257,2.25,,,A1,30 seconds
3.834,11.192,6.434,0.155,,,A1,30 seconds
1.432,0.635,5.011,5.096,,,A1,30 seconds
12.02,2.781,3.948,2.221,,,A1,30 seconds
1.927,6.78,6.956,5.964,,,A1,30 seconds
5.371,8.303,1.507,2.293,,,A1,30 seconds
1.842,8.63,1.775,6.526,,,A1,30 seconds
4.278,4.133,5.267,8.583,,,A1,30 seconds
6.624,0.006,3.701,3.282,,,A1,30 seconds
3.863,10.082,4.973,2.143,,,A1,30 seconds
7.153,4.816,6.832,2.684,,,A1,30 seconds
6.071,0.407,0.748,4.74,,,A1,30 seconds
3.196,6.268,1.479,2.62,,,A1,30 seconds
2.684,11.548,5.305,3.666,,,A1,30 seconds
7.437,1.702,4.223,7.01,,,A1,30 seconds
1.915,0.236,0.94,7.615,,,A1,30 seconds
1.273,5.058,6.358,5.189,,,A1,30 seconds
1.46,8.616,2.904,4.691,,,A1,30 seconds
3.948,5.9,5.238,8.291,,,A1,30 seconds
0.646,0.079,6.32,0.955,,,A1,30 seconds
5.673,1.742,0.094,4.335,,,A1,30 seconds
19.404,6.937,1.109,8.384,,,A1,30 seconds
0.492,3.336,4.641,1.737,,,A1,30 seconds
4.506,5.272,3.54,1.958,,,A1,30 seconds
5.286,4.816,8.455,0.803,,,A1,30 seconds
2.269,10.537,3.293,4.705,,,A1,30 seconds
0.151,0.791,0.02,3.936,,,A1,30 seconds
1.586,3.151,5.523,8.832,,,A1,30 seconds
6.47,0.661,1.548,5.167,,,A1,30 seconds
5.542,5.658,2.94,3.865,,,A1,30 seconds
2.553,0.25,0.625,8.007,,,A1,30 seconds
5.957,5.642,4.555,2.485,,,A1,30 seconds
5.2,4.588,8.417,3.054,,,A1,30 seconds
6.384,1.557,5.523,4.235,,,A1,30 seconds
3.623,8.858,5.656,3.025,,,A1,30 seconds
3.236,1.602,3.844,1.382,,,A1,30 seconds
2.342,3.04,3.758,2.2,,,A1,30 seconds
0.618,7.577,2.534,2.335,,,A1,30 seconds
4.762,6.624,4.109,2.712,,,A1,30 seconds
1.83,1.816,2.582,2.271,,,A1,30 seconds
6.453,1.375,1.602,3.125,,,A1,30 seconds
4.489,10.665,2.409,6.918,,,A1,30 seconds
2.866,1.756,4.963,5.438,,,A1,30 seconds
4.591,1.944,7.601,2.549,,,A1,30 seconds
9.043,3.393,5.722,6.32,,,A1,30 seconds
4.347,11.448,5.969,2.264,,,A1,30 seconds
3.367,0.561,3.597,11.764,,,A1,30 seconds
2.769,5.514,8.142,8.654,,,A1,30 seconds
2.143,0.45,2.487,1.054,,,A1,30 seconds
1.216,2.084,4.593,3.203,,,A1,30 seconds
10.95,0.478,2.079,2.321,,,A1,30 seconds
5.087,0.532,3.815,4.541,,,A1,30 seconds
7.136,0.179,4.185,1.218,,,A1,30 seconds
0.988,1.016,2.449,1.631,,,A1,30 seconds
3.464,2.413,3.569,2.25,,,A1,30 seconds
18.123,2.226,5.741,3.516,,,A1,30 seconds
2.399,4.591,2.259,5.729,,,A1,30 seconds
0.732,2.172,4.29,7.594,,,A1,30 seconds
1.289,10.125,6.899,6.96,,,A1,30 seconds
8.32,2.653,7.126,4.413,,,A1,30 seconds
0.179,0.248,3.379,2.3,,,A1,30 seconds
10.324,1.574,3.929,3.474,,,A1,30 seconds
3.339,0.931,2.885,5.046,,,A1,30 seconds
1.261,7.506,4.612,3.467,,,A1,30 seconds
6.624,2.326,0.485,3.701,,,A1,30 seconds
1.415,5.855,9.508,5.509,,,A1,30 seconds
8.815,4.176,3.028,3.559,,,A1,30 seconds
7.978,10.068,2.297,5.395,,,A1,30 seconds
6.043,1.403,3.407,3.844,,,A1,30 seconds
3.977,7.577,5.229,5.303,,,A1,30 seconds
2.354,3.55,4.432,3.025,,,A1,30 seconds
3.623,16.116,5.267,5.63,,,A1,30 seconds
6.197,1.102,6.13,4.797,,,A1,30 seconds
5.343,8.331,6.035,4.883,,,A1,30 seconds
2.798,9.484,3.417,4.562,,,A1,30 seconds
8.531,2.283,3.075,7.06,,,A1,30 seconds
2.696,9.897,6.548,3.645,,,A1,30 seconds
16.216,10.082,2.819,2.492,,,A1,30 seconds
2.496,3.265,3.379,4.022,,,A1,30 seconds
1.927,6.114,0.236,5.922,,,A1,30 seconds
1.785,0.535,5.656,4.392,,,A1,30 seconds
2.029,2.428,1.175,3.146,,,A1,30 seconds
17.013,1.728,4.271,1.609,,,A1,30 seconds
0.049,11.733,3.92,6.164,,,A1,30 seconds
6.567,1.671,0.115,4.321,,,A1,30 seconds
0.976,8.545,1.699,4.299,,,A1,30 seconds
4.574,0.037,0.959,6.164,,,A1,30 seconds
7.221,2.767,2.753,6.754,,,A1,30 seconds
12.487,5.058,4.925,2.413,,,A1,30 seconds
2.428,2.781,0.919,6.754,,,A1,30 seconds
1.301,1.6,3.616,3.687,,,A1,30 seconds
4.876,4.275,7.942,9.423,,,A1,30 seconds
6.594,3.162,0.534,2.645,0.237,3.347,B1,30 seconds
0.144,8.565,4.41,7.124,6.551,0.937,B1,30 seconds
12.9,3.882,3.402,7.092,0.956,2.968,B1,30 seconds
10.061,2.399,10.62,5.577,3.734,0.688,B1,30 seconds
0.915,1.098,1.311,5.334,2.927,2.404,B1,30 seconds
1.721,9.002,2.758,1.543,5.858,1.378,B1,30 seconds
12.824,0.144,2.074,10.548,0.788,0.149,B1,30 seconds
12.985,17.02,7.4,7.092,0.11,5.609,B1,30 seconds
13.494,14.117,2.06,0.587,0.068,3.352,B1,30 seconds
2.602,1.627,6.007,2.028,0.993,3.05,B1,30 seconds
11.299,0.123,1.41,3.132,2.411,0.937,B1,30 seconds
9.519,13.142,3.238,1.615,0.788,1.493,B1,30 seconds
14.638,3.395,3.125,8.544,2.017,0.11,B1,30 seconds
17.74,4.827,1.302,5.662,0.674,0.661,B1,30 seconds
15.825,5.704,2.724,4.136,4.22,4.851,B1,30 seconds
0.356,2.772,4.071,0.886,1.091,1.94,B1,30 seconds
16.46,0.695,1.099,0.068,0.668,3.405,B1,30 seconds
14.053,9.637,0.379,2.939,2.729,0.976,B1,30 seconds
7.908,5.408,8.027,6.711,6.389,0.221,B1,30 seconds
6.594,5.959,1.043,1.638,0.434,3.153,B1,30 seconds
16.893,8.62,3.605,9.762,3.33,1.219,B1,30 seconds
15.367,2.835,0.342,1.593,5.231,0.349,B1,30 seconds
11.807,4.666,2.334,2.051,5.032,1.855,B1,30 seconds
2.348,4.573,0.972,3.257,2.418,3.723,B1,30 seconds
2.56,12.697,0.492,1.159,1.825,2.107,B1,30 seconds
5.789,12.973,3.421,2.697,1.585,1.151,B1,30 seconds
4.679,2.348,2.122,4.751,3.139,0.213,B1,30 seconds
18.834,12.231,2.512,6.563,0.137,4.889,B1,30 seconds
3.797,0.534,3.416,1.257,2.893,2.86,B1,30 seconds
1.721,2.611,10.762,6.616,5.966,6.716,B1,30 seconds
0.661,11.977,0.144,8.523,3.831,0.441,B1,30 seconds
11.426,3.895,9.603,4.223,6.614,4.467,B1,30 seconds
3.153,1.106,1.65,9.18,4.156,1.816,B1,30 seconds
9.9,4.276,1.791,5.272,0.264,6.427,B1,30 seconds
3.195,5.662,6.261,4.213,6.911,1.514,B1,30 seconds
6.077,5.484,5.422,11.004,2.328,1.212,B1,30 seconds
16.206,0.937,5.583,2.952,1.514,1.257,B1,30 seconds
12.697,4.869,6.219,4.359,1.677,3.63,B1,30 seconds
16.672,4.467,3.501,0.271,3.181,4.61,B1,30 seconds
18.206,5.662,2.207,2.632,2.137,2.173,B1,30 seconds
9.595,4.806,4.015,6.046,6.494,0.778,B1,30 seconds
23.835,4.213,5.04,2.358,4.206,1.853,B1,30 seconds
14.138,10.112,9.956,8.069,9.15,1.62,B1,30 seconds
19.817,4.764,4.453,5.505,1.204,0.414,B1,30 seconds
23.546,11.269,0.958,3.64,1.028,1.959,B1,30 seconds
4.721,0.025,1.622,8.936,1.424,3.746,B1,30 seconds
31.336,3.776,0.017,2.727,0.061,1.002,B1,30 seconds
3.323,5.408,8.699,2.92,4.567,0.1,B1,30 seconds
7.866,13.608,8.733,5.461,2.208,0.796,B1,30 seconds
17.825,13.184,3.063,2.526,7.569,0.949,B1,30 seconds
7.484,4.433,2.766,4.319,0.766,2.247,B1,30 seconds
4.043,0.759,10.479,2.399,1.966,4.091,B1,30 seconds
11.163,9.201,5.153,0.091,1.31,4.483,B1,30 seconds
1.67,1.415,5.286,4.636,0.52,0.529,B1,30 seconds
2.729,2.971,6.665,4.372,6.163,0.682,B1,30 seconds
13.333,4.785,0.158,3.967,3.005,5.06,B1,30 seconds
9.222,0.661,7.928,5.94,1.156,4.602,B1,30 seconds
8.501,8.429,2.639,1.797,1.375,3.815,B1,30 seconds
7.094,11.235,5.187,2.653,1.048,0.889,B1,30 seconds
7.561,1.318,8.035,7.686,3.506,3.238,B1,30 seconds
25.92,9.243,8.219,4.891,0.017,4.375,B1,30 seconds
4.721,7.421,4.34,5.842,0.499,3.548,B1,30 seconds
4.552,4.382,1.834,4.668,3.782,1.816,B1,30 seconds
7.145,3.268,5.224,4.571,7.979,2.941,B1,30 seconds
1.415,12.146,0.752,0.545,9.738,0.133,B1,30 seconds
5.492,2.801,3.133,2.782,2.397,2.234,B1,30 seconds
23.029,7.421,1.415,0.809,0.372,2.367,B1,30 seconds
4.382,13.875,0.723,0.025,0.066,1.265,B1,30 seconds
2.899,0.894,8.049,6.658,3.041,0.388,B1,30 seconds
4.679,15.282,8.473,8.279,2.25,1.257,B1,30 seconds
8.968,3.301,2.729,1.797,1.853,1.845,B1,30 seconds
7.866,10.379,8.148,9.69,3.381,1.895,B1,30 seconds
1.721,5.611,2.687,1.585,1.805,0.958,B1,30 seconds
8.544,3.323,3.21,4.475,0.965,0.656,B1,30 seconds
18.24,8.586,3.591,10.218,6.729,0.582,B1,30 seconds
6.586,9.002,6.445,5.747,5.83,0.886,B1,30 seconds
19.096,0.259,12.217,2.411,6.699,3.625,B1,30 seconds
5.865,10.281,10.536,1.14,0.131,0.658,B1,30 seconds
6.086,10.336,4.34,1.892,1.191,0.693,B1,30 seconds
14.045,3.238,11.573,4.232,2.595,3.368,B1,30 seconds
15.537,12.888,8.422,7.908,3.006,3.09,B1,30 seconds
2.102,5.005,0.766,3.469,6.672,2.425,B1,30 seconds
26.386,11.099,1.593,2.77,0.682,2.724,B1,30 seconds
0.449,4.128,3.944,8.703,4.419,0.282,B1,30 seconds
6.883,6.933,7.052,10.43,3.902,1.143,B1,30 seconds
1.543,2.517,6.332,6.7,4.574,4.406,B1,30 seconds
7.103,5.259,0.802,4.804,2.524,1.32,B1,30 seconds
4.128,2.738,2.079,4.965,4.891,2.378,B1,30 seconds
1.0,9.625,4.82,10.453,2.108,6.589,B1,30 seconds
7.739,11.68,11.912,1.636,0.421,1.737,B1,30 seconds
11.807,7.73,2.63,2.019,4.375,0.651,B1,30 seconds
7.315,7.251,1.034,3.818,0.215,3.098,B1,30 seconds
6.34,6.586,2.017,0.227,2.695,0.123,B1,30 seconds
11.036,3.67,4.786,4.816,1.283,1.292,B1,30 seconds
5.789,14.193,0.958,12.244,7.816,0.91,B1,30 seconds
8.713,11.362,6.204,3.905,4.066,1.294,B1,30 seconds
0.271,5.95,1.043,4.753,0.709,1.415,B1,30 seconds
3.331,0.068,7.244,3.395,5.026,1.559,B1,30 seconds
7.951,2.547,12.011,0.737,4.213,0.155,B1,30 seconds
2.611,8.353,3.266,5.09,1.233,2.692,B1,30 seconds
7.879,0.751,4.845,2.025,1.908,0.797,C,30 seconds
5.596,3.395,1.465,2.155,0.226,1.006,C,30 seconds
6.527,6.588,0.473,4.184,0.376,0.668,C,30 seconds
3.163,1.795,0.173,1.822,1.15,0.211,C,30 seconds
15.0,7.812,1.991,2.622,0.954,0.853,C,30 seconds
2.847,8.593,1.284,1.22,2.178,0.956,C,30 seconds
7.354,0.353,9.622,7.902,2.081,1.688,C,30 seconds
8.21,6.633,2.532,1.119,3.185,0.504,C,30 seconds
10.809,9.119,3.568,6.617,0.12,1.856,C,30 seconds
9.833,1.518,2.351,2.944,3.358,2.516,C,30 seconds
10.989,4.251,3.208,3.733,1.667,1.423,C,30 seconds
6.498,0.436,2.351,1.434,1.886,0.566,C,30 seconds
13.438,3.012,7.039,0.95,2.727,1.033,C,30 seconds
4.65,2.892,2.081,5.919,2.246,0.037,C,30 seconds
5.371,8.886,3.238,4.308,0.788,0.554,C,30 seconds
13.979,9.299,8.601,3.771,3.508,1.067,C,30 seconds
0.098,8.262,4.754,4.127,0.301,3.434,C,30 seconds
0.729,6.73,1.931,0.402,3.057,0.154,C,30 seconds
2.922,5.13,3.253,3.557,2.269,0.994,C,30 seconds
7.084,1.006,1.465,3.546,1.667,1.546,C,30 seconds
1.75,2.532,5.551,5.112,1.796,0.549,C,30 seconds
1.089,8.684,7.368,1.479,2.043,1.04,C,30 seconds
0.488,1.45,2.246,2.171,0.052,0.261,C,30 seconds
6.723,7.789,5.236,0.47,0.405,0.764,C,30 seconds
0.127,8.931,2.125,1.806,0.766,2.25,C,30 seconds
4.95,0.729,0.082,2.847,0.271,1.282,C,30 seconds
21.641,4.815,4.724,2.475,1.81,1.411,C,30 seconds
0.459,3.012,5.431,2.978,0.698,0.753,C,30 seconds
0.008,10.644,0.728,0.871,2.201,2.003,C,30 seconds
3.703,9.344,4.845,0.578,0.797,2.132,C,30 seconds
13.062,9.096,0.924,1.637,2.945,0.149,C,30 seconds
9.276,14.25,2.005,2.505,0.398,0.43,C,30 seconds
3.749,3.275,4.709,2.674,2.388,0.781,C,30 seconds
6.453,4.357,5.656,0.087,3.305,0.329,C,30 seconds
0.909,6.505,4.815,1.716,2.254,2.261,C,30 seconds
2.892,6.047,2.02,2.674,4.424,0.813,C,30 seconds
10.809,0.323,0.443,0.285,1.044,2.036,C,30 seconds
8.391,6.099,4.334,4.244,0.871,2.386,C,30 seconds
0.053,6.137,0.593,1.078,0.729,1.046,C,30 seconds
9.337,5.912,4.995,0.218,3.463,1.508,C,30 seconds
1.434,10.824,1.239,1.473,0.323,2.178,C,30 seconds
10.673,8.616,6.287,1.119,2.374,1.305,C,30 seconds
0.263,8.098,3.838,2.122,0.984,0.167,C,30 seconds
12.447,5.709,4.244,1.247,1.742,1.123,C,30 seconds
5.371,1.157,3.417,0.206,2.599,1.384,C,30 seconds
11.079,13.145,5.942,1.254,1.285,0.701,C,30 seconds
5.31,9.862,0.684,0.819,1.45,1.106,C,30 seconds
3.298,6.317,1.57,1.108,3.425,1.603,C,30 seconds
14.82,1.473,4.379,5.461,1.547,0.182,C,30 seconds
0.639,0.098,4.139,1.597,0.984,1.412,C,30 seconds
4.965,6.16,8.57,6.155,1.36,0.854,C,30 seconds
11.861,7.422,1.36,4.12,0.631,0.656,C,30 seconds
3.388,5.355,2.231,4.815,0.977,0.257,C,30 seconds
2.696,1.135,0.624,2.595,4.785,0.308,C,30 seconds
14.64,2.396,4.59,3.451,0.015,1.078,C,30 seconds
10.223,7.444,5.641,0.481,2.088,0.674,C,30 seconds
10.493,8.307,7.774,7.793,0.924,0.139,C,30 seconds
1.585,9.817,3.794,0.977,0.586,1.653,C,30 seconds
8.6,5.619,2.697,0.015,2.284,1.648,C,30 seconds
11.44,0.263,0.909,7.338,2.095,0.939,C,30 seconds
1.795,1.209,2.922,8.826,1.104,1.474,C,30 seconds
19.327,3.163,2.14,1.536,2.14,1.164,C,30 seconds
6.212,4.206,5.205,5.563,0.992,2.053,C,30 seconds
1.75,6.16,3.267,1.394,0.421,1.474,C,30 seconds
0.758,3.057,2.411,3.309,3.23,0.741,C,30 seconds
9.022,11.929,1.615,3.068,0.405,0.589,C,30 seconds
7.67,12.409,6.137,2.663,2.975,0.943,C,30 seconds
4.86,4.769,3.253,2.099,1.344,0.398,C,30 seconds
0.894,4.199,5.746,4.041,2.539,0.075,C,30 seconds
6.482,3.823,5.041,0.729,0.06,1.908,C,30 seconds
4.334,3.755,4.199,1.412,2.238,0.323,C,30 seconds
1.946,1.292,8.916,0.988,1.488,2.03,C,30 seconds
5.641,18.335,1.57,2.137,0.563,0.42,C,30 seconds
25.636,3.185,9.321,6.64,0.398,0.33,C,30 seconds
4.679,5.22,0.954,1.84,2.298,0.07,C,30 seconds
2.396,6.662,3.463,0.364,0.181,1.806,C,30 seconds
5.732,8.69,1.104,5.22,0.36,0.036,C,30 seconds
1.135,0.736,2.621,4.116,0.894,0.065,C,30 seconds
6.482,5.806,5.776,1.66,0.338,0.887,C,30 seconds
1.479,3.372,4.544,2.719,4.056,1.788,C,30 seconds
1.405,1.817,4.769,0.341,2.877,0.775,C,30 seconds
4.995,3.282,2.847,0.646,1.901,1.682,C,30 seconds
12.357,0.639,4.544,1.551,0.09,0.273,C,30 seconds
19.027,1.029,1.87,5.829,1.682,2.465,C,30 seconds
0.758,4.161,1.24,1.479,1.562,0.363,C,30 seconds
1.72,6.678,1.24,1.495,1.57,1.637,C,30 seconds
4.65,0.729,0.954,4.718,0.225,0.663,C,30 seconds
3.072,4.477,3.027,4.837,0.465,1.485,C,30 seconds
1.57,9.569,1.705,2.96,1.645,1.62,C,30 seconds
2.155,4.447,3.313,3.609,1.682,0.505,C,30 seconds
1.254,0.909,1.6,0.661,1.667,2.526,C,30 seconds
2.667,7.113,4.89,4.691,3.763,0.363,C,30 seconds
15.962,1.315,0.804,10.02,1.802,2.239,C,30 seconds
1.54,4.454,0.954,0.837,0.533,0.088,C,30 seconds
7.789,0.443,2.877,0.278,0.42,1.242,C,30 seconds
6.498,3.681,3.928,1.292,3.605,1.016,C,30 seconds
5.822,2.487,0.458,0.443,0.15,1.906,C,30 seconds
2.741,4.319,6.783,0.454,2.448,2.054,C,30 seconds
11.485,1.93,0.759,0.668,0.691,1.119,C,30 seconds
5.355,6.858,7.7,2.043,0.788,1.586,C,30 seconds
6.115,1.222,2.912,3.141,0.826,1.069,A3,30 seconds
11.244,9.294,5.974,1.969,0.156,0.652,A3,30 seconds
4.94,6.274,2.064,3.041,0.095,0.826,A3,30 seconds
4.842,3.012,2.488,5.081,2.674,0.094,A3,30 seconds
2.077,1.819,1.772,1.302,1.184,0.049,A3,30 seconds
2.297,5.139,11.077,1.044,0.261,1.237,A3,30 seconds
7.983,14.106,4.59,1.542,0.488,1.517,A3,30 seconds
2.753,10.627,2.562,0.844,0.11,2.907,A3,30 seconds
8.002,1.501,2.992,0.049,0.441,1.52,A3,30 seconds
1.343,4.145,3.628,3.628,0.38,0.145,A3,30 seconds
1.242,0.687,1.746,3.469,3.297,1.566,A3,30 seconds
0.905,1.144,1.295,0.259,0.765,0.178,A3,30 seconds
1.162,0.904,4.153,0.844,3.371,1.576,A3,30 seconds
3.588,2.774,0.322,1.709,2.681,1.268,A3,30 seconds
1.064,3.051,3.628,0.834,0.016,0.7,A3,30 seconds
5.558,2.534,4.662,3.161,0.54,0.279,A3,30 seconds
1.242,8.976,6.279,0.359,0.534,0.766,A3,30 seconds
5.2,2.594,2.801,1.522,5.061,3.166,A3,30 seconds
0.327,2.138,2.973,3.381,1.05,2.495,A3,30 seconds
3.906,0.706,1.07,1.033,2.448,0.66,A3,30 seconds
1.979,4.344,1.428,3.49,3.297,3.57,A3,30 seconds
8.421,1.262,5.16,3.102,0.123,0.14,A3,30 seconds
2.753,6.272,1.064,6.451,1.064,0.208,A3,30 seconds
1.719,3.828,2.642,0.17,3.323,1.522,A3,30 seconds
1.481,7.546,5.073,0.089,3.091,1.6,A3,30 seconds
0.547,5.855,0.606,0.239,2.536,0.76,A3,30 seconds
7.604,0.17,3.596,0.488,3.588,0.945,A3,30 seconds
3.27,2.058,0.256,2.078,0.753,1.03,A3,30 seconds
5.417,2.556,3.888,1.83,2.138,0.771,A3,30 seconds
1.322,9.196,3.888,0.516,0.4,0.81,A3,30 seconds
13.927,1.938,2.337,1.143,2.203,0.392,A3,30 seconds
2.316,5.299,4.397,3.121,1.489,1.043,A3,30 seconds
0.428,7.745,0.216,5.578,4.98,2.127,A3,30 seconds
5.001,5.16,4.219,4.275,3.112,1.346,A3,30 seconds
1.162,2.377,0.924,1.292,1.341,1.328,A3,30 seconds
6.173,7.565,0.261,2.415,2.721,1.212,A3,30 seconds
16.234,1.223,1.369,4.216,1.235,2.416,A3,30 seconds
3.827,1.005,3.575,1.88,2.966,0.254,A3,30 seconds
13.609,3.689,0.513,0.557,0.891,1.068,A3,30 seconds
6.751,4.047,1.216,4.474,2.118,1.601,A3,30 seconds
4.224,5.119,9.19,5.379,3.913,0.785,A3,30 seconds
0.11,1.263,0.123,2.733,0.944,0.542,A3,30 seconds
4.285,6.332,9.328,1.561,2.927,1.307,A3,30 seconds
0.447,2.634,5.484,3.48,0.042,0.407,A3,30 seconds
4.603,3.947,2.528,2.058,0.66,0.332,A3,30 seconds
2.355,0.209,5.285,1.999,2.78,0.054,A3,30 seconds
4.9,3.589,1.892,0.349,2.879,0.209,A3,30 seconds
5.576,3.45,3.416,1.55,1.805,0.513,A3,30 seconds
16.234,2.515,0.553,3.946,1.184,1.775,A3,30 seconds
9.632,1.003,4.126,1.441,2.734,0.905,A3,30 seconds
5.279,6.173,1.409,5.368,0.308,0.304,A3,30 seconds
4.662,1.202,2.165,1.839,0.123,2.147,A3,30 seconds
0.786,4.582,1.242,0.597,2.019,0.477,A3,30 seconds
1.025,7.188,0.699,0.03,4.915,0.268,A3,30 seconds
0.349,3.131,0.155,0.14,2.839,0.601,A3,30 seconds
3.768,2.416,8.413,1.76,2.435,0.647,A3,30 seconds
0.486,3.707,1.038,0.716,1.892,1.432,A3,30 seconds
1.918,0.07,7.684,1.77,0.581,2.291,A3,30 seconds
14.722,1.939,0.706,0.864,0.759,0.124,A3,30 seconds
1.282,0.109,3.615,1.292,5.278,0.183,A3,30 seconds
9.394,4.067,0.958,3.558,4.125,0.044,A3,30 seconds
13.551,0.705,4.569,4.991,0.05,2.713,A3,30 seconds
0.468,0.964,2.568,2.496,0.349,0.443,A3,30 seconds
5.815,9.016,1.587,0.288,0.811,3.42,A3,30 seconds
5.478,0.009,2.814,2.486,0.5,3.003,A3,30 seconds
2.973,0.885,5.868,6.382,0.296,2.685,A3,30 seconds
1.481,4.663,4.211,2.705,0.574,0.94,A3,30 seconds
8.938,7.088,0.919,3.28,1.747,2.519,A3,30 seconds
3.848,2.912,0.646,4.861,2.88,0.09,A3,30 seconds
13.49,8.797,3.933,0.337,2.289,1.069,A3,30 seconds
11.721,7.207,0.176,1.591,1.368,0.044,A3,30 seconds
3.548,3.232,0.866,3.698,0.334,1.267,A3,30 seconds
11.223,5.677,0.526,0.508,1.713,1.889,A3,30 seconds
0.349,4.007,3.575,6.103,3.191,0.672,A3,30 seconds
15.658,2.256,10.004,1.043,1.237,0.531,A3,30 seconds
13.092,8.937,1.03,5.735,0.196,1.015,A3,30 seconds
0.866,3.669,2.7,1.939,1.687,1.492,A3,30 seconds
3.151,13.37,1.931,2.326,2.019,0.001,A3,30 seconds
5.518,2.654,1.21,2.108,1.369,0.278,A3,30 seconds
8.779,3.848,0.097,3.908,1.29,0.899,A3,30 seconds
9.195,6.054,2.992,1.253,1.083,0.155,A3,30 seconds
1.481,4.186,1.626,2.456,0.228,1.585,A3,30 seconds
6.751,0.647,2.218,0.009,0.049,1.954,A3,30 seconds
7.565,5.815,4.272,0.945,2.899,1.666,A3,30 seconds
10.727,4.523,3.702,4.145,2.428,1.124,A3,30 seconds
9.473,0.488,3.039,5.437,0.593,1.631,A3,30 seconds
5.497,4.562,2.263,3.698,1.143,0.546,A3,30 seconds
2.575,3.709,5.253,1.67,1.534,1.507,A3,30 seconds
8.858,1.501,7.883,1.8,1.454,0.526,A3,30 seconds
3.331,6.174,2.894,1.015,1.58,0.337,A3,30 seconds
2.157,2.635,3.278,0.486,1.959,0.74,A3,30 seconds
0.049,0.746,3.787,3.419,2.628,4.214,A3,30 seconds
13.193,0.705,3.941,0.308,0.785,1.978,A3,30 seconds
19.515,8.381,3.92,1.551,0.176,0.705,A3,30 seconds
2.377,0.428,2.263,0.884,1.25,2.506,A3,30 seconds
6.65,5.855,3.331,0.547,1.197,2.022,A3,30 seconds
5.099,1.242,0.911,2.347,2.609,0.503,A3,30 seconds
9.672,4.642,1.441,3.212,0.163,1.381,A3,30 seconds
0.19,3.509,2.753,2.029,1.475,1.839,A3,30 seconds
3.411,7.347,0.42,2.237,0.619,0.954,A3,30 seconds
3.487,0.851,1.547,1.586,2.041,,A2,30 seconds
2.702,1.309,8.748,2.818,1.029,,A2,30 seconds
12.009,0.101,1.666,2.166,0.048,,A2,30 seconds
8.867,0.631,0.797,1.851,1.131,,A2,30 seconds
2.952,11.146,4.523,0.494,1.107,,A2,30 seconds
11.628,2.345,3.249,0.095,1.089,,A2,30 seconds
5.475,8.938,4.106,0.985,0.44,,A2,30 seconds
8.153,6.379,0.821,4.939,1.654,,A2,30 seconds
13.699,1.434,4.987,0.119,2.309,,A2,30 seconds
1.012,3.023,5.487,0.521,0.095,,A2,30 seconds
2.559,2.452,1.333,0.086,0.262,,A2,30 seconds
12.949,2.773,1.285,4.234,1.678,,A2,30 seconds
7.879,2.761,3.832,0.976,2.886,,A2,30 seconds
12.414,0.423,3.035,2.976,0.946,,A2,30 seconds
0.476,0.756,1.035,1.199,1.619,,A2,30 seconds
4.368,8.397,0.071,0.113,1.946,,A2,30 seconds
2.737,6.79,3.463,2.154,0.208,,A2,30 seconds
10.093,0.423,3.285,0.548,0.702,,A2,30 seconds
1.238,1.684,2.416,3.639,2.392,,A2,30 seconds
1.69,6.701,4.332,1.14,0.69,,A2,30 seconds
5.772,5.04,5.927,0.61,1.898,,A2,30 seconds
1.702,4.457,0.928,2.211,0.393,,A2,30 seconds
7.843,0.94,0.417,1.8,2.148,,A2,30 seconds
7.129,5.046,0.762,2.958,2.136,,A2,30 seconds
1.452,0.791,3.713,4.029,2.124,,A2,30 seconds
0.417,1.886,0.667,1.297,1.636,,A2,30 seconds
8.76,4.683,4.642,1.601,2.095,,A2,30 seconds
1.488,5.79,7.141,0.681,1.559,,A2,30 seconds
11.378,1.351,3.547,2.672,2.369,,A2,30 seconds
14.735,0.655,0.905,3.362,0.387,,A2,30 seconds
8.665,5.368,3.475,0.024,1.744,,A2,30 seconds
1.726,8.546,1.416,0.289,4.993,,A2,30 seconds
8.45,2.452,5.832,1.434,1.678,,A2,30 seconds
6.701,3.219,0.833,3.987,0.559,,A2,30 seconds
3.237,2.244,1.024,4.282,1.886,,A2,30 seconds
3.666,4.166,0.774,1.47,2.725,,A2,30 seconds
2.19,1.47,3.428,3.353,0.839,,A2,30 seconds
0.119,9.682,1.559,1.137,0.661,,A2,30 seconds
2.011,0.887,0.631,0.845,0.417,,A2,30 seconds
4.797,0.809,0.238,4.413,1.166,,A2,30 seconds
1.512,2.493,2.44,0.065,1.761,,A2,30 seconds
8.189,2.779,0.881,1.547,0.19,,A2,30 seconds
2.333,6.861,0.952,0.631,0.869,,A2,30 seconds
3.083,4.433,3.773,1.247,1.381,,A2,30 seconds
1.845,0.47,0.155,0.494,0.042,,A2,30 seconds
2.618,0.458,7.617,4.225,1.869,,A2,30 seconds
3.868,1.101,0.262,0.497,0.512,,A2,30 seconds
15.972,5.136,0.071,0.574,1.143,,A2,30 seconds
1.202,8.01,2.345,1.681,0.452,,A2,30 seconds
6.618,2.779,5.546,0.095,0.179,,A2,30 seconds
3.975,3.469,1.559,0.423,0.893,,A2,30 seconds
0.797,7.242,0.726,1.827,0.673,,A2,30 seconds
1.309,1.577,2.19,1.128,1.273,,A2,30 seconds
0.702,1.512,0.464,0.565,2.142,,A2,30 seconds
7.117,7.022,6.784,0.556,0.559,,A2,30 seconds
6.022,4.469,1.131,2.815,0.345,,A2,30 seconds
4.332,2.005,3.225,2.345,2.351,,A2,30 seconds
0.952,6.237,4.189,0.342,0.857,,A2,30 seconds
1.012,3.065,0.5,0.289,1.035,,A2,30 seconds
6.308,0.292,0.167,2.663,0.666,,A2,30 seconds
13.33,1.904,3.356,0.44,1.125,,A2,30 seconds
0.976,1.726,1.428,3.306,0.095,,A2,30 seconds
6.094,7.582,1.738,2.931,0.077,,A2,30 seconds
5.618,10.361,4.07,0.592,1.482,,A2,30 seconds
12.723,3.743,3.642,1.351,1.767,,A2,30 seconds
5.701,4.005,4.915,5.082,0.524,,A2,30 seconds
5.915,5.332,5.963,0.309,1.547,,A2,30 seconds
1.631,5.719,3.035,5.689,0.107,,A2,30 seconds
12.128,8.867,1.059,2.44,0.774,,A2,30 seconds
5.915,11.777,0.012,1.497,0.357,,A2,30 seconds
10.771,0.762,4.201,0.845,0.155,,A2,30 seconds
0.452,6.689,0.714,1.967,0.512,,A2,30 seconds
8.093,1.155,5.546,0.378,2.368,,A2,30 seconds
1.952,2.261,0.619,2.69,0.786,,A2,30 seconds
4.451,2.493,2.345,0.497,0.262,,A2,30 seconds
6.76,3.398,2.785,1.467,0.684,,A2,30 seconds
3.725,2.708,0.738,0.208,0.274,,A2,30 seconds
8.415,1.815,0.952,5.564,1.393,,A2,30 seconds
7.022,2.327,3.214,4.261,3.618,,A2,30 seconds
0.988,4.773,2.94,4.853,1.494,,A2,30 seconds
2.452,0.19,3.69,0.666,1.03,,A2,30 seconds
3.19,4.868,3.606,0.307,1.809,,A2,30 seconds
5.701,3.85,1.178,3.011,1.607,,A2,30 seconds
2.44,3.279,0.869,2.987,0.988,,A2,30 seconds
0.19,9.147,1.535,7.781,1.756,,A2,30 seconds
1.631,5.987,1.119,3.844,1.404,,A2,30 seconds
0.381,4.85,3.154,0.11,0.649,,A2,30 seconds
1.404,5.344,3.559,0.03,2.0,,A2,30 seconds
10.307,0.708,2.178,2.011,1.327,,A2,30 seconds
3.416,1.315,1.309,2.229,1.482,,A2,30 seconds
9.272,2.351,1.059,3.52,0.077,,A2,30 seconds
7.058,7.611,3.38,4.225,0.357,,A2,30 seconds
3.523,0.309,0.309,0.479,0.089,,A2,30 seconds
0.095,5.921,1.274,1.586,0.667,,A2,30 seconds
4.547,4.987,4.142,1.229,0.672,,A2,30 seconds
8.486,6.528,5.344,2.157,0.268,,A2,30 seconds
11.081,8.046,4.82,4.148,0.577,,A2,30 seconds
15.473,1.22,1.512,2.19,0.488,,A2,30 seconds
9.153,0.542,1.0,1.452,0.75,,A2,30 seconds
10.402,6.26,2.142,2.282,0.149,,A2,30 seconds
17.612,5.203,22.091,1.293,6.654,2.328,B2,5 minutes
6.602,14.16,10.161,9.096,2.194,2.771,B2,5 minutes
17.846,0.071,4.705,5.375,10.28,5.85,B2,5 minutes
14.764,9.612,26.492,2.915,4.052,8.159,B2,5 minutes
37.437,13.411,8.344,1.762,0.605,1.772,B2,5 minutes
49.989,5.786,12.045,23.22,14.075,5.751,B2,5 minutes
12.432,27.223,25.543,5.763,3.078,3.348,B2,5 minutes
0.304,11.335,8.435,9.562,11.54,5.075,B2,5 minutes
8.513,11.592,18.465,7.731,2.163,6.346,B2,5 minutes
6.087,7.626,1.313,5.39,6.26,3.457,B2,5 minutes
33.287,15.256,10.07,5.145,2.808,0.888,B2,5 minutes
30.346,5.506,9.153,0.176,0.328,9.227,B2,5 minutes
20.085,36.063,4.127,15.478,7.59,4.795,B2,5 minutes
6.973,21.762,12.963,13.155,8.85,4.381,B2,5 minutes
39.912,34.265,14.235,6.658,13.372,2.541,B2,5 minutes
1.655,25.634,15.093,15.735,4.54,12.504,B2,5 minutes
30.535,29.135,7.082,3.02,7.862,1.074,B2,5 minutes
38.139,17.169,3.85,4.678,5.628,4.206,B2,5 minutes
53.861,42.991,3.648,3.43,7.137,2.291,B2,5 minutes
69.909,11.615,11.532,27.211,1.914,9.644,B2,5 minutes
73.686,26.287,24.517,17.913,5.784,1.305,B2,5 minutes
59.366,1.375,5.125,0.631,1.113,6.614,B2,5 minutes
44.204,8.489,1.966,5.935,5.522,5.821,B2,5 minutes
4.921,41.662,20.94,10.58,9.495,3.238,B2,5 minutes
6.087,9.749,8.746,22.989,7.901,9.967,B2,5 minutes
44.811,34.407,9.119,5.681,12.774,0.355,B2,5 minutes
1.517,29.532,10.459,4.956,5.076,10.799,B2,5 minutes
16.07,14.743,4.923,10.381,0.963,7.617,B2,5 minutes
2.217,2.194,24.439,6.752,10.661,5.594,B2,5 minutes
19.012,28.389,6.307,7.839,1.533,6.513,B2,5 minutes
43.364,25.331,11.934,3.733,18.667,0.471,B2,5 minutes
28.762,33.311,18.559,1.55,0.025,2.276,B2,5 minutes
50.036,42.758,9.604,1.739,7.385,1.512,B2,5 minutes
19.199,3.428,3.552,9.122,7.315,6.702,B2,5 minutes
13.924,2.471,4.97,4.291,2.464,0.524,B2,5 minutes
21.902,34.477,4.781,21.193,9.298,7.413,B2,5 minutes
0.115,11.732,9.695,16.175,7.94,7.151,B2,5 minutes
3.057,13.834,10.892,0.398,4.439,1.369,B2,5 minutes
8.329,4.083,8.186,10.405,18.994,0.52,B2,5 minutes
2.541,11.732,8.204,6.145,12.916,0.474,B2,5 minutes
29.089,6.717,6.214,2.52,4.06,2.795,B2,5 minutes
29.229,13.624,5.794,10.449,4.291,3.611,B2,5 minutes
17.332,1.702,19.836,11.326,0.582,6.958,B2,5 minutes
30.348,20.621,35.664,7.419,8.07,1.515,B2,5 minutes
2.45,7.302,0.895,13.67,7.862,2.127,B2,5 minutes
4.687,20.691,15.326,3.008,7.178,1.107,B2,5 minutes
12.387,7.815,1.626,0.839,6.336,0.372,B2,5 minutes
20.691,10.964,10.208,7.337,6.361,9.658,B2,5 minutes
31.468,7.113,3.99,0.209,8.622,0.882,B2,5 minutes
16.493,3.474,22.819,9.924,1.593,1.016,B2,5 minutes
76.721,13.46,13.834,3.99,12.463,7.796,B2,5 minutes
5.903,9.073,8.87,1.27,7.1,2.028,B2,5 minutes
59.926,5.737,18.465,3.603,6.789,8.375,B2,5 minutes
24.703,0.372,1.72,18.053,0.784,1.398,B2,5 minutes
11.079,36.271,7.551,13.052,4.907,3.261,B2,5 minutes
6.882,23.092,18.108,0.349,4.262,1.888,B2,5 minutes
13.04,17.96,0.273,34.652,6.779,5.005,B2,5 minutes
35.76,4.526,8.22,4.212,1.65,2.13,B2,5 minutes
14.207,13.435,6.836,8.27,3.718,6.912,B2,5 minutes
16.12,10.682,8.686,0.839,3.376,11.481,B2,5 minutes
23.348,18.333,17.175,19.826,0.178,6.218,B2,5 minutes
39.912,3.988,30.346,15.056,5.444,1.521,B2,5 minutes
11.034,16.166,30.641,0.874,5.561,1.795,B2,5 minutes
40.752,23.302,3.166,1.982,7.067,1.404,B2,5 minutes
18.265,26.217,33.085,31.935,5.32,3.284,B2,5 minutes
22.835,2.66,0.74,9.308,0.04,4.381,B2,5 minutes
13.227,5.737,14.331,9.516,4.814,5.238,B2,5 minutes
1.751,31.116,2.497,7.85,7.986,1.801,B2,5 minutes
25.45,13.155,5.623,7.218,3.995,8.049,B2,5 minutes
46.91,3.313,8.388,4.291,17.014,0.858,B2,5 minutes
76.674,6.437,23.18,1.692,1.999,9.547,B2,5 minutes
6.276,2.331,7.191,11.816,2.73,1.867,B2,5 minutes
29.182,12.667,5.529,12.702,7.948,5.506,B2,5 minutes
30.348,7.745,3.226,0.106,2.285,4.122,B2,5 minutes
0.162,23.047,5.079,0.36,5.823,2.206,B2,5 minutes
24.05,2.614,18.434,11.408,14.129,7.346,B2,5 minutes
11.967,17.96,0.955,5.588,7.878,4.392,B2,5 minutes
67.53,3.031,7.613,3.535,4.449,1.608,B2,5 minutes
12.154,2.191,7.022,28.681,1.966,14.772,B2,5 minutes
57.173,8.795,4.065,1.471,3.866,1.721,B2,5 minutes
9.492,34.011,0.426,15.7,6.032,2.06,B2,5 minutes
39.306,24.118,17.454,4.734,4.33,8.055,B2,5 minutes
27.174,8.399,8.311,0.29,0.273,1.544,B2,5 minutes
29.929,10.542,4.674,8.979,2.917,4.139,B2,5 minutes
20.412,7.769,5.496,5.494,4.874,5.335,B2,5 minutes
13.834,19.595,2.401,4.384,2.985,1.908,B2,5 minutes
5.11,23.908,9.228,6.693,0.115,2.94,B2,5 minutes
4.55,8.469,11.843,7.65,2.191,0.24,B2,5 minutes
4.781,26.266,20.365,2.171,0.577,5.36,B2,5 minutes
31.652,11.758,0.862,1.961,1.702,0.899,B2,5 minutes
20.362,13.738,32.976,5.422,0.077,2.74,B2,5 minutes
31.888,20.272,34.343,9.355,1.447,1.424,B2,5 minutes
37.393,15.583,7.442,2.847,1.012,7.915,B2,5 minutes
6.043,25.961,4.407,10.043,0.123,2.897,B2,5 minutes
0.491,33.798,10.164,0.619,6.654,10.002,B2,5 minutes
5.9,6.064,6.711,6.742,12.603,0.544,B2,5 minutes
54.561,37.929,2.684,7.897,3.614,5.355,B2,5 minutes
56.334,3.544,27.454,6.577,4.254,4.542,B2,5 minutes
31.795,2.52,2.419,7.486,3.848,4.556,B2,5 minutes
18.17,32.611,9.601,7.358,8.699,0.351,B2,5 minutes
1.773,3.464,0.495,11.991,,,A1,5 minutes
4.819,3.851,0.691,3.253,,,A1,5 minutes
7.153,13.258,4.344,4.022,,,A1,5 minutes
6.111,2.81,7.115,5.367,,,A1,5 minutes
14.952,11.778,1.083,8.469,,,A1,5 minutes
24.401,0.305,2.999,4.164,,,A1,5 minutes
10.58,1.588,2.494,7.572,,,A1,5 minutes
0.492,1.6,0.359,6.676,,,A1,5 minutes
13.585,5.585,3.623,5.032,,,A1,5 minutes
18.794,4.29,7.304,1.296,,,A1,5 minutes
9.555,8.431,2.914,4.114,,,A1,5 minutes
10.682,1.344,3.161,13.842,,,A1,5 minutes
7.563,6.811,5.625,12.02,,,A1,5 minutes
8.12,2.269,5.9,4.712,,,A1,5 minutes
15.492,7.451,3.433,23.427,,,A1,5 minutes
0.578,5.727,0.71,16.396,,,A1,5 minutes
12.646,5.855,7.02,11.529,,,A1,5 minutes
1.358,0.091,3.758,2.663,,,A1,5 minutes
1.488,19.392,2.21,10.013,,,A1,5 minutes
9.47,7.779,8.291,18.83,,,A1,5 minutes
9.145,4.534,3.36,12.191,,,A1,5 minutes
3.578,7.11,5.236,5.409,,,A1,5 minutes
8.547,1.244,5.644,16.268,,,A1,5 minutes
24.914,1.93,4.667,9.65,,,A1,5 minutes
11.536,5.288,1.545,8.192,,,A1,5 minutes
6.356,4.591,0.502,7.943,,,A1,5 minutes
13.898,6.569,8.339,8.761,,,A1,5 minutes
1.671,2.511,7.153,11.792,,,A1,5 minutes
4.705,4.162,1.384,6.498,,,A1,5 minutes
2.257,0.279,0.293,15.699,,,A1,5 minutes
1.887,5.684,0.445,13.059,,,A1,5 minutes
1.602,3.037,6.764,11.394,,,A1,5 minutes
1.785,2.371,2.684,6.911,,,A1,5 minutes
27.845,5.727,1.14,6.576,,,A1,5 minutes
18.14,7.309,0.473,3.46,,,A1,5 minutes
3.879,0.974,7.219,9.245,,,A1,5 minutes
3.794,8.334,0.597,7.708,,,A1,5 minutes
22.921,3.308,4.373,5.509,,,A1,5 minutes
9.771,7.395,5.881,1.339,,,A1,5 minutes
1.745,1.93,1.166,7.373,,,A1,5 minutes
8.104,3.182,0.495,11.55,,,A1,5 minutes
6.64,9.33,9.325,8.668,,,A1,5 minutes
3.863,7.409,4.392,4.491,,,A1,5 minutes
9.743,9.683,1.659,13.564,,,A1,5 minutes
6.669,5.755,4.373,10.035,,,A1,5 minutes
10.853,9.131,0.827,10.54,,,A1,5 minutes
23.121,5.658,2.883,8.476,,,A1,5 minutes
15.521,5.884,4.876,4.036,,,A1,5 minutes
4.916,2.496,1.194,4.143,,,A1,5 minutes
17.029,2.186,2.134,4.662,,,A1,5 minutes
17.713,5.203,8.32,6.825,,,A1,5 minutes
17.855,3.407,3.312,3.253,,,A1,5 minutes
18.31,1.446,1.602,14.532,,,A1,5 minutes
8.917,4.304,2.969,11.593,,,A1,5 minutes
24.828,9.472,8.054,7.957,,,A1,5 minutes
0.748,1.813,4.401,7.786,,,A1,5 minutes
0.948,2.667,5.9,10.924,,,A1,5 minutes
19.335,9.316,0.438,3.687,,,A1,5 minutes
20.957,7.036,3.348,5.438,,,A1,5 minutes
14.297,0.222,2.164,12.852,,,A1,5 minutes
4.147,6.982,2.067,5.872,,,A1,5 minutes
15.663,3.253,3.5,11.102,,,A1,5 minutes
9.43,0.051,0.027,6.114,,,A1,5 minutes
3.72,5.969,3.604,13.898,,,A1,5 minutes
14.069,0.547,0.457,14.133,,,A1,5 minutes
22.267,3.35,5.094,6.768,,,A1,5 minutes
25.483,7.506,0.587,17.165,,,A1,5 minutes
3.025,6.424,4.736,6.512,,,A1,5 minutes
5.075,5.485,0.682,9.223,,,A1,5 minutes
2.212,1.346,0.673,4.918,,,A1,5 minutes
2.285,2.383,0.466,8.59,,,A1,5 minutes
15.635,0.618,4.904,7.786,,,A1,5 minutes
13.927,1.273,5.416,17.826,,,A1,5 minutes
5.115,1.856,7.532,13.002,,,A1,5 minutes
3.139,0.108,5.862,13.635,,,A1,5 minutes
0.578,4.916,0.959,8.547,,,A1,5 minutes
6.84,5.158,4.6,8.433,,,A1,5 minutes
21.612,4.349,2.532,12.02,,,A1,5 minutes
2.24,6.552,3.832,8.028,,,A1,5 minutes
2.513,1.987,5.881,7.103,,,A1,5 minutes
19.392,0.177,3.87,0.599,,,A1,5 minutes
5.331,1.005,3.452,12.276,,,A1,5 minutes
8.291,5.502,2.456,16.104,,,A1,5 minutes
18.823,5.189,5.986,15.855,,,A1,5 minutes
6.726,1.728,2.191,10.967,,,A1,5 minutes
14.695,4.093,0.703,10.483,,,A1,5 minutes
6.367,8.474,0.805,7.451,,,A1,5 minutes
16.688,1.104,4.885,12.162,,,A1,5 minutes
14.366,7.238,2.855,6.498,,,A1,5 minutes
18.737,2.354,0.891,6.683,,,A1,5 minutes
3.31,14.067,4.942,5.182,,,A1,5 minutes
22.381,1.503,0.115,8.27,,,A1,5 minutes
12.305,3.111,5.144,6.114,,,A1,5 minutes
4.619,1.173,0.065,4.698,,,A1,5 minutes
4.546,4.249,2.589,7.722,,,A1,5 minutes
8.946,5.172,0.817,6.22,,,A1,5 minutes
23.075,3.95,2.705,16.296,,,A1,5 minutes
7.494,1.93,10.473,11.073,,,A1,5 minutes
13.272,16.389,3.623,9.672,,,A1,5 minutes
1.273,0.45,3.834,0.457,,,A1,5 minutes
66.087,37.46,3.373,0.555,13.813,3.397,B1,5 minutes
36.091,39.664,2.469,2.791,24.952,4.075,B1,5 minutes
6.12,16.151,14.073,12.782,3.513,15.261,B1,5 minutes
52.238,2.356,22.953,1.329,13.169,12.141,B1,5 minutes
14.638,29.882,2.871,33.039,1.529,7.126,B1,5 minutes
15.325,12.252,1.995,15.823,5.943,4.184,B1,5 minutes
6.34,4.369,6.255,2.454,3.988,8.056,B1,5 minutes
22.69,11.998,22.953,9.531,8.281,4.324,B1,5 minutes
12.273,13.706,15.924,13.015,16.709,0.862,B1,5 minutes
1.593,1.606,4.334,17.444,10.543,0.282,B1,5 minutes
31.005,6.501,4.447,4.454,7.801,0.594,B1,5 minutes
24.436,14.977,6.834,17.486,10.866,4.244,B1,5 minutes
48.89,0.428,18.63,12.708,9.899,4.714,B1,5 minutes
19.13,24.958,10.55,9.394,4.906,1.419,B1,5 minutes
44.736,14.647,10.866,17.126,9.031,3.591,B1,5 minutes
52.865,14.032,26.377,18.516,5.139,6.012,B1,5 minutes
59.866,19.173,30.135,1.254,11.475,0.674,B1,5 minutes
26.801,4.602,4.617,4.539,5.351,2.274,B1,5 minutes
21.088,27.0,31.839,23.006,13.086,3.183,B1,5 minutes
45.923,46.847,12.019,6.861,0.476,15.69,B1,5 minutes
4.306,8.323,7.315,3.248,11.744,8.766,B1,5 minutes
41.77,45.478,8.606,8.917,1.085,3.898,B1,5 minutes
11.036,6.141,5.258,5.228,4.27,5.487,B1,5 minutes
27.912,5.781,0.865,0.661,8.353,10.16,B1,5 minutes
11.036,5.738,38.662,24.193,3.776,5.145,B1,5 minutes
26.293,15.494,18.531,10.642,17.88,6.398,B1,5 minutes
36.388,24.936,3.916,13.629,11.304,6.764,B1,5 minutes
34.141,0.131,7.518,2.812,4.052,15.145,B1,5 minutes
45.321,23.08,10.4,13.746,4.956,0.933,B1,5 minutes
17.605,26.598,21.441,2.378,3.789,2.685,B1,5 minutes
26.471,24.415,10.442,21.101,4.638,3.815,B1,5 minutes
5.145,3.365,12.18,8.046,3.153,12.337,B1,5 minutes
20.614,21.555,17.223,10.303,10.296,2.899,B1,5 minutes
87.362,7.887,17.153,12.699,5.973,0.402,B1,5 minutes
34.226,7.188,15.613,14.954,3.174,5.344,B1,5 minutes
4.263,22.5,21.088,15.166,8.585,3.286,B1,5 minutes
35.023,27.975,25.044,7.135,10.514,12.768,B1,5 minutes
40.024,7.611,21.885,20.942,8.162,3.411,B1,5 minutes
12.867,14.202,40.456,17.306,13.199,1.117,B1,5 minutes
50.704,44.419,10.677,19.552,2.404,2.96,B1,5 minutes
28.666,29.81,0.209,19.734,1.254,2.623,B1,5 minutes
26.767,8.959,1.424,3.999,18.327,1.604,B1,5 minutes
8.154,0.356,31.802,4.626,6.948,4.027,B1,5 minutes
35.794,29.183,26.745,7.961,5.872,2.25,B1,5 minutes
13.367,3.386,11.058,5.715,5.888,14.718,B1,5 minutes
26.632,24.712,41.705,6.467,0.942,2.303,B1,5 minutes
18.969,19.224,7.448,8.385,10.649,1.768,B1,5 minutes
31.802,12.625,28.095,1.085,17.456,0.168,B1,5 minutes
18.707,31.365,18.269,26.949,3.308,3.233,B1,5 minutes
19.054,14.18,18.856,8.48,5.625,4.944,B1,5 minutes
0.873,5.781,15.09,17.507,0.435,4.163,B1,5 minutes
1.161,37.659,5.563,5.673,3.006,0.847,B1,5 minutes
34.599,19.597,1.571,14.647,10.543,1.662,B1,5 minutes
8.196,16.469,25.049,11.595,2.977,3.411,B1,5 minutes
17.825,1.267,9.1,16.268,10.698,1.36,B1,5 minutes
57.908,33.01,14.138,13.269,14.187,17.149,B1,5 minutes
44.092,29.607,10.748,14.901,2.455,1.294,B1,5 minutes
53.721,11.023,1.749,14.583,12.231,7.691,B1,5 minutes
17.952,25.665,0.689,27.859,10.838,7.532,B1,5 minutes
34.057,2.072,6.086,8.607,2.25,0.878,B1,5 minutes
15.062,8.438,0.314,1.829,1.924,9.166,B1,5 minutes
28.293,8.811,5.323,0.102,13.297,2.001,B1,5 minutes
17.223,13.396,2.837,11.566,10.338,1.228,B1,5 minutes
29.895,5.598,4.721,37.428,3.67,11.714,B1,5 minutes
35.87,37.205,9.411,6.13,0.963,1.334,B1,5 minutes
23.334,33.985,20.529,9.489,5.823,4.618,B1,5 minutes
31.166,30.7,17.492,3.556,1.502,3.741,B1,5 minutes
13.968,37.32,4.108,21.173,0.928,5.881,B1,5 minutes
5.823,38.316,3.492,13.462,2.143,5.026,B1,5 minutes
70.673,10.421,7.702,6.976,5.909,13.11,B1,5 minutes
15.833,40.265,13.819,15.653,3.972,1.646,B1,5 minutes
16.884,6.332,1.684,7.582,6.834,1.339,B1,5 minutes
30.742,28.221,4.806,9.499,15.431,3.54,B1,5 minutes
14.392,9.319,7.419,1.392,7.031,0.843,B1,5 minutes
17.817,25.148,39.43,8.035,13.028,8.721,B1,5 minutes
13.968,42.829,1.684,8.777,16.412,10.721,B1,5 minutes
43.338,0.937,13.29,22.508,2.724,6.035,B1,5 minutes
15.96,6.827,24.258,4.645,4.213,5.492,B1,5 minutes
11.629,8.692,26.067,19.711,15.092,0.64,B1,5 minutes
0.526,16.821,11.468,9.139,13.022,7.11,B1,5 minutes
19.427,37.405,11.666,1.267,17.4,1.318,B1,5 minutes
53.721,4.107,29.522,8.448,17.783,8.615,B1,5 minutes
1.085,0.746,25.778,4.761,8.126,25.575,B1,5 minutes
72.995,21.258,3.345,11.852,6.635,10.665,B1,5 minutes
0.576,24.733,20.481,9.351,4.638,6.785,B1,5 minutes
40.837,18.757,21.95,15.611,2.567,5.844,B1,5 minutes
9.307,5.662,7.363,12.127,3.31,6.951,B1,5 minutes
39.1,5.908,16.299,6.425,4.073,15.695,B1,5 minutes
30.666,20.22,36.303,11.47,1.749,5.802,B1,5 minutes
2.899,19.139,16.87,5.45,2.187,11.94,B1,5 minutes
49.178,14.329,13.522,1.032,5.768,4.213,B1,5 minutes
10.959,13.812,20.848,3.958,1.078,7.592,B1,5 minutes
16.588,23.58,5.704,5.579,0.752,7.958,B1,5 minutes
22.606,11.383,9.504,2.971,12.279,1.675,B1,5 minutes
29.776,7.294,27.013,1.204,1.38,3.026,B1,5 minutes
18.249,11.171,0.986,9.436,2.808,4.477,B1,5 minutes
24.936,44.334,7.583,3.342,11.46,9.031,B1,5 minutes
3.45,2.759,19.512,11.873,2.759,0.245,B1,5 minutes
24.606,3.746,33.463,9.055,1.502,13.179,B1,5 minutes
41.982,1.106,0.003,10.75,3.649,9.584,B1,5 minutes
4.56,8.15,1.6,3.118,4.68,4.391,C,5 minutes
29.348,7.361,10.945,12.059,0.624,3.44,C,5 minutes
4.56,22.482,11.86,6.91,0.12,3.406,C,5 minutes
3.958,8.999,7.459,2.205,3.215,6.577,C,5 minutes
5.31,6.865,16.698,5.934,6.317,2.605,C,5 minutes
22.903,13.197,25.397,0.413,3.23,1.305,C,5 minutes
42.898,12.379,10.223,2.336,3.432,0.96,C,5 minutes
26.403,20.814,1.344,4.661,1.908,2.813,C,5 minutes
23.128,25.388,4.92,7.136,2.629,3.174,C,5 minutes
60.475,9.788,5.205,1.585,0.286,0.909,C,5 minutes
20.499,0.398,15.03,5.13,0.052,2.464,C,5 minutes
27.89,14.166,0.038,9.258,8.413,0.809,C,5 minutes
0.819,15.924,16.728,8.319,0.676,2.374,C,5 minutes
15.782,11.237,7.053,6.599,3.906,5.872,C,5 minutes
1.765,0.661,5.687,3.151,0.007,5.241,C,5 minutes
3.523,20.611,8.045,6.081,1.111,0.803,C,5 minutes
10.824,4.184,8.301,4.815,1.968,7.298,C,5 minutes
24.645,11.665,2.081,1.258,2.021,0.081,C,5 minutes
31.601,1.765,4.259,2.205,9.367,1.337,C,5 minutes
10.944,0.51,5.206,17.716,2.726,0.132,C,5 minutes
22.977,8.758,16.067,1.727,2.464,1.878,C,5 minutes
18.29,15.473,5.506,15.635,2.216,0.206,C,5 minutes
8.465,11.62,18.636,1.739,1.901,0.132,C,5 minutes
8.014,1.923,4.59,5.885,8.27,0.74,C,5 minutes
10.764,9.907,10.659,1.675,0.856,2.939,C,5 minutes
27.139,13.851,14.204,3.992,2.591,6.486,C,5 minutes
9.472,10.576,6.587,6.223,1.675,0.915,C,5 minutes
15.361,19.079,5.521,3.034,0.375,3.118,C,5 minutes
21.851,0.353,0.609,4.961,1.66,4.11,C,5 minutes
33.523,20.115,6.152,11.012,0.435,2.278,C,5 minutes
13.017,11.597,8.435,0.571,3.613,2.718,C,5 minutes
21.58,18.892,20.334,11.782,0.458,0.336,C,5 minutes
40.66,7.834,2.05,3.534,8.443,0.815,C,5 minutes
11.41,9.75,0.263,8.301,2.734,4.284,C,5 minutes
3.749,31.901,17.088,10.2,8.518,1.089,C,5 minutes
14.775,8.24,8.105,5.698,5.123,2.482,C,5 minutes
8.69,14.256,12.312,0.166,8.195,3.134,C,5 minutes
3.508,26.177,8.075,5.536,5.041,4.177,C,5 minutes
40.374,2.313,1.765,10.268,5.596,3.534,C,5 minutes
52.182,18.448,6.888,1.45,6.324,1.782,C,5 minutes
6.707,23.766,6.903,5.085,6.092,1.281,C,5 minutes
3.102,5.033,13.498,8.105,1.089,0.482,C,5 minutes
27.484,11.192,8.0,9.731,1.713,2.616,C,5 minutes
5.04,33.568,7.519,7.264,3.778,0.949,C,5 minutes
17.524,18.944,0.338,3.963,1.548,0.746,C,5 minutes
3.327,27.417,15.481,12.026,6.828,1.401,C,5 minutes
9.006,6.392,1.555,5.461,4.319,1.502,C,5 minutes
7.084,2.381,6.212,11.41,1.494,4.588,C,5 minutes
24.284,12.228,3.733,8.571,5.986,1.327,C,5 minutes
3.208,21.422,10.043,12.544,4.206,0.678,C,5 minutes
11.771,2.043,3.523,11.94,8.142,0.229,C,5 minutes
2.126,15.647,8.886,3.936,1.893,1.777,C,5 minutes
41.697,10.426,5.145,15.969,2.832,3.664,C,5 minutes
9.562,13.468,3.613,0.177,6.926,4.323,C,5 minutes
24.42,19.98,1.841,6.16,1.975,2.229,C,5 minutes
29.663,8.623,4.875,5.885,1.51,0.864,C,5 minutes
17.93,8.346,8.044,5.874,3.711,1.085,C,5 minutes
32.171,5.198,0.804,2.858,3.177,2.351,C,5 minutes
14.64,7.361,0.037,7.586,2.532,3.72,C,5 minutes
21.776,14.295,7.579,16.487,6.445,5.01,C,5 minutes
36.588,13.641,2.771,1.743,10.02,1.337,C,5 minutes
5.896,15.872,10.464,11.124,2.524,2.16,C,5 minutes
19.432,4.447,8.946,3.158,0.788,1.53,C,5 minutes
15.376,0.353,12.566,8.131,4.739,2.409,C,5 minutes
28.881,5.919,5.026,3.23,3.282,2.037,C,5 minutes
24.255,20.003,4.079,7.117,2.283,3.665,C,5 minutes
4.019,17.186,15.421,1.213,4.311,2.353,C,5 minutes
16.593,9.84,7.564,9.067,4.191,1.208,C,5 minutes
4.965,15.654,12.867,6.701,5.183,0.815,C,5 minutes
31.946,3.884,12.988,6.284,7.902,4.03,C,5 minutes
7.654,21.506,8.39,6.746,2.035,3.061,C,5 minutes
3.282,15.811,11.545,3.17,12.237,0.363,C,5 minutes
20.739,8.413,1.645,2.403,2.299,1.996,C,5 minutes
1.54,5.829,5.656,7.519,2.276,0.154,C,5 minutes
11.455,9.653,5.806,15.365,4.432,1.18,C,5 minutes
10.329,15.473,5.461,2.318,3.846,0.132,C,5 minutes
25.501,3.072,1.24,4.391,1.345,0.73,C,5 minutes
32.577,6.978,21.16,5.513,6.197,0.639,C,5 minutes
27.049,15.135,9.532,10.662,0.827,1.941,C,5 minutes
12.972,9.569,6.242,8.289,6.347,2.222,C,5 minutes
4.154,19.838,15.361,3.219,0.045,7.027,C,5 minutes
21.715,13.551,4.664,15.271,0.157,0.357,C,5 minutes
13.513,8.262,2.937,0.477,5.423,0.143,C,5 minutes
46.789,5.4,0.458,9.281,5.949,1.817,C,5 minutes
46.548,21.4,2.351,4.285,0.278,1.654,C,5 minutes
14.054,12.116,3.313,2.516,2.178,0.318,C,5 minutes
47.916,1.63,18.186,3.67,1.931,6.965,C,5 minutes
16.532,25.021,0.818,6.437,2.591,0.47,C,5 minutes
36.813,6.505,5.851,15.913,6.851,2.122,C,5 minutes
17.389,9.562,18.862,8.391,1.036,3.872,C,5 minutes
10.869,19.387,0.248,3.377,2.096,2.398,C,5 minutes
16.127,6.746,2.801,2.201,4.905,2.346,C,5 minutes
10.538,30.053,1.029,9.074,2.771,0.398,C,5 minutes
6.994,12.312,0.668,6.753,3.628,3.394,C,5 minutes
35.702,4.612,11.696,10.099,9.044,1.034,C,5 minutes
8.826,10.847,10.269,13.99,1.991,2.415,C,5 minutes
3.372,8.781,1.239,4.33,6.407,2.904,C,5 minutes
28.536,3.665,6.498,3.755,6.535,0.385,C,5 minutes
10.809,8.188,20.319,10.212,3.568,2.263,C,5 minutes
20.469,29.445,8.24,12.695,1.915,2.246,C,5 minutes
6.451,11.642,0.985,2.208,6.895,2.181,A3,5 minutes
12.575,2.952,1.52,6.035,0.004,0.537,A3,5 minutes
25.061,8.499,0.203,8.64,3.953,0.98,A3,5 minutes
6.69,13.988,8.956,6.292,6.001,2.938,A3,5 minutes
16.414,2.037,3.747,7.486,0.228,2.664,A3,5 minutes
10.011,7.168,1.043,1.392,5.286,5.457,A3,5 minutes
21.045,6.015,4.352,9.414,4.218,0.989,A3,5 minutes
21.482,11.662,2.058,3.131,4.033,3.927,A3,5 minutes
28.402,10.608,2.833,4.582,4.423,3.086,A3,5 minutes
9.693,15.657,0.972,7.585,5.735,1.545,A3,5 minutes
19.714,16.951,1.409,3.409,1.674,3.793,A3,5 minutes
7.485,13.372,0.818,0.408,1.535,0.501,A3,5 minutes
15.915,4.443,2.143,5.717,0.567,2.102,A3,5 minutes
22.994,26.912,3.734,3.081,1.979,0.851,A3,5 minutes
17.805,12.515,14.351,4.534,2.9,2.564,A3,5 minutes
18.301,3.867,0.367,2.585,0.752,0.155,A3,5 minutes
13.431,1.361,7.864,0.905,4.105,7.928,A3,5 minutes
3.509,2.177,5.059,9.852,9.096,2.352,A3,5 minutes
7.626,11.224,14.669,0.655,5.982,7.51,A3,5 minutes
33.354,8.459,10.613,4.514,2.906,0.322,A3,5 minutes
20.608,25.717,2.978,0.815,2.304,2.763,A3,5 minutes
7.485,23.532,4.383,4.007,4.491,0.861,A3,5 minutes
5.775,5.596,6.459,8.678,7.008,1.52,A3,5 minutes
0.19,0.288,7.87,8.599,0.203,2.292,A3,5 minutes
26.275,16.235,6.08,18.977,6.166,1.04,A3,5 minutes
3.986,8.161,9.142,0.596,3.389,2.242,A3,5 minutes
12.575,2.198,1.435,3.717,9.235,0.144,A3,5 minutes
16.313,6.411,9.739,6.999,1.52,0.045,A3,5 minutes
13.034,4.841,1.547,4.324,3.053,1.179,A3,5 minutes
25.817,3.707,12.496,4.473,0.68,2.46,A3,5 minutes
14.762,0.408,4.065,2.435,0.738,0.482,A3,5 minutes
16.374,12.933,5.107,4.603,1.489,4.354,A3,5 minutes
24.664,13.551,6.61,7.773,10.096,0.99,A3,5 minutes
16.711,4.503,13.954,3.161,3.715,0.508,A3,5 minutes
30.549,22.198,1.661,2.584,0.228,2.241,A3,5 minutes
5.24,6.89,3.151,0.08,8.401,1.686,A3,5 minutes
8.797,6.751,4.622,1.113,4.045,3.21,A3,5 minutes
6.433,0.725,14.457,2.884,1.979,2.594,A3,5 minutes
33.014,10.071,14.232,8.003,3.251,3.017,A3,5 minutes
9.574,1.679,15.054,15.161,1.613,0.866,A3,5 minutes
15.857,10.767,3.821,7.754,0.103,2.211,A3,5 minutes
1.759,3.112,3.238,2.039,0.433,3.435,A3,5 minutes
3.967,11.004,14.656,5.26,6.943,0.697,A3,5 minutes
15.618,8.182,0.076,1.651,0.4,0.352,A3,5 minutes
3.927,7.546,10.489,0.587,2.635,3.414,A3,5 minutes
19.574,1.799,7.321,9.435,4.509,3.911,A3,5 minutes
17.01,8.897,21.862,4.383,2.178,9.623,A3,5 minutes
22.596,0.506,15.38,1.451,0.156,2.549,A3,5 minutes
0.208,15.12,2.872,4.831,3.303,1.018,A3,5 minutes
9.415,8.996,0.706,9.404,7.399,3.315,A3,5 minutes
19.136,6.71,4.145,13.49,1.595,0.313,A3,5 minutes
0.667,2.355,2.846,8.996,3.966,1.417,A3,5 minutes
22.339,14.684,16.87,1.293,1.793,0.925,A3,5 minutes
10.229,3.031,7.591,6.542,1.031,0.97,A3,5 minutes
18.044,2.237,2.408,0.596,5.538,0.317,A3,5 minutes
2.276,20.369,2.674,10.151,0.203,2.201,A3,5 minutes
1.64,12.676,1.939,16.601,2.859,5.586,A3,5 minutes
4.087,14.225,15.518,4.335,6.796,2.967,A3,5 minutes
45.243,2.137,3.986,11.612,8.347,0.458,A3,5 minutes
12.376,8.958,1.807,1.331,2.715,1.929,A3,5 minutes
4.463,7.606,1.117,6.093,4.418,0.372,A3,5 minutes
21.562,4.981,6.067,3.3,5.975,2.196,A3,5 minutes
6.133,10.149,0.95,10.1,4.9,3.29,A3,5 minutes
2.496,6.91,9.182,0.815,2.753,1.948,A3,5 minutes
10.33,3.152,8.553,3.013,10.196,0.173,A3,5 minutes
3.27,15.836,11.024,1.452,3.841,6.448,A3,5 minutes
12.238,10.706,7.016,13.372,8.532,0.695,A3,5 minutes
8.479,28.164,3.901,7.725,1.421,0.105,A3,5 minutes
4.503,2.554,12.933,7.247,4.94,1.646,A3,5 minutes
18.402,6.193,3.827,7.695,4.292,2.162,A3,5 minutes
2.674,12.853,6.783,3.033,0.203,2.256,A3,5 minutes
10.348,15.001,8.845,4.295,2.382,4.478,A3,5 minutes
11.006,23.711,6.266,0.208,5.172,0.665,A3,5 minutes
15.42,7.406,6.226,8.31,7.419,2.769,A3,5 minutes
6.849,3.729,1.687,7.039,0.276,2.276,A3,5 minutes
0.706,14.444,5.086,7.069,0.911,0.304,A3,5 minutes
20.072,0.905,3.363,8.779,2.158,0.268,A3,5 minutes
17.368,10.011,4.418,3.698,2.548,0.253,A3,5 minutes
17.745,18.283,6.141,8.232,0.117,3.331,A3,5 minutes
13.869,5.397,5.028,4.345,7.533,9.15,A3,5 minutes
40.371,8.161,7.644,5.687,1.673,4.299,A3,5 minutes
25.22,8.6,8.943,0.587,0.679,2.049,A3,5 minutes
6.451,17.824,2.846,8.3,3.835,1.605,A3,5 minutes
13.211,14.028,2.443,5.169,3.755,5.681,A3,5 minutes
14.068,7.406,1.86,2.655,12.476,2.037,A3,5 minutes
7.983,3.768,11.806,0.677,0.044,3.171,A3,5 minutes
5.895,7.725,10.149,3.867,0.606,3.873,A3,5 minutes
24.128,0.985,0.752,6.512,7.558,1.601,A3,5 minutes
15.836,2.813,5.046,13.162,9.473,0.004,A3,5 minutes
5.338,13.569,19.044,8.032,2.587,4.458,A3,5 minutes
18.938,4.822,10.189,0.368,1.076,2.684,A3,5 minutes
8.201,18.58,8.341,4.582,5.69,2.922,A3,5 minutes
27.726,1.621,2.501,2.942,0.433,2.163,A3,5 minutes
8.58,10.131,2.165,1.333,7.407,0.647,A3,5 minutes
5.2,7.725,5.969,5.288,6.71,6.332,A3,5 minutes
20.886,0.05,9.282,2.794,4.065,1.078,A3,5 minutes
12.437,3.429,15.332,3.628,5.717,1.918,A3,5 minutes
8.241,22.914,2.475,4.413,1.971,2.203,A3,5 minutes
26.771,0.746,1.634,0.508,0.175,1.735,A3,5 minutes
27.05,3.232,1.162,9.871,6.557,1.671,A3,5 minutes
6.951,6.826,5.213,1.997,2.672,,A2,5 minutes
28.945,2.011,6.272,6.93,4.737,,A2,5 minutes
14.949,1.756,10.378,0.408,6.784,,A2,5 minutes
4.404,18.626,4.19,4.014,1.982,,A2,5 minutes
9.164,4.666,1.595,2.708,1.559,,A2,5 minutes
8.95,12.467,0.262,0.568,3.356,,A2,5 minutes
4.558,5.63,4.511,2.895,1.785,,A2,5 minutes
12.771,14.038,1.857,5.636,6.838,,A2,5 minutes
19.376,0.542,0.571,8.305,10.575,,A2,5 minutes
2.083,20.501,6.046,1.077,2.541,,A2,5 minutes
40.014,0.298,10.2,4.127,4.487,,A2,5 minutes
4.237,25.268,3.797,3.273,1.381,,A2,5 minutes
10.581,7.046,10.819,6.323,1.273,,A2,5 minutes
1.845,5.612,15.449,8.688,3.13,,A2,5 minutes
29.445,1.702,3.583,2.836,5.005,,A2,5 minutes
5.118,3.719,5.296,8.01,2.285,,A2,5 minutes
12.33,0.791,16.567,0.952,1.541,,A2,5 minutes
13.271,8.165,14.639,3.371,0.274,,A2,5 minutes
16.413,0.065,8.867,8.715,3.416,,A2,5 minutes
15.663,0.863,4.999,2.199,2.184,,A2,5 minutes
15.127,15.098,0.369,10.733,0.922,,A2,5 minutes
8.379,9.986,3.035,5.029,0.458,,A2,5 minutes
14.306,21.019,6.356,2.386,4.13,,A2,5 minutes
23.911,13.11,5.035,3.502,2.119,,A2,5 minutes
2.773,4.082,12.949,6.353,2.732,,A2,5 minutes
26.91,3.005,7.927,2.967,0.982,,A2,5 minutes
25.875,15.342,3.737,8.046,4.624,,A2,5 minutes
23.34,2.023,11.533,1.747,0.048,,A2,5 minutes
20.233,1.898,4.32,0.476,1.982,,A2,5 minutes
11.342,14.627,3.142,1.336,7.159,,A2,5 minutes
1.952,5.308,6.356,1.815,0.428,,A2,5 minutes
10.021,18.698,7.462,8.236,5.159,,A2,5 minutes
19.84,1.369,0.488,5.877,2.113,,A2,5 minutes
5.951,19.358,3.63,1.199,1.172,,A2,5 minutes
10.093,9.539,6.118,1.372,2.755,,A2,5 minutes
6.975,10.795,10.438,1.815,1.97,,A2,5 minutes
5.225,0.905,0.952,7.117,3.582,,A2,5 minutes
23.732,20.162,0.524,0.649,2.976,,A2,5 minutes
15.877,14.235,1.357,0.533,3.321,,A2,5 minutes
8.343,6.54,4.868,2.681,1.268,,A2,5 minutes
11.664,9.867,1.476,2.431,4.445,,A2,5 minutes
31.623,12.021,0.631,0.845,0.75,,A2,5 minutes
11.093,1.744,2.166,3.484,0.226,,A2,5 minutes
21.269,14.253,7.296,7.022,0.726,,A2,5 minutes
8.343,20.215,5.844,2.604,0.476,,A2,5 minutes
28.731,8.474,5.558,0.378,3.279,,A2,5 minutes
33.552,7.135,6.379,1.041,3.315,,A2,5 minutes
6.582,8.599,2.023,2.032,6.439,,A2,5 minutes
27.696,3.077,4.892,1.485,3.963,,A2,5 minutes
33.409,5.148,1.892,0.896,0.44,,A2,5 minutes
22.34,2.095,1.785,7.468,7.611,,A2,5 minutes
2.487,4.975,3.975,0.425,1.636,,A2,5 minutes
32.766,5.493,3.428,0.128,2.083,,A2,5 minutes
31.266,9.26,10.45,0.512,1.339,,A2,5 minutes
17.484,18.686,3.963,8.7,8.004,,A2,5 minutes
1.166,7.742,4.261,2.327,5.171,,A2,5 minutes
11.735,4.529,9.522,1.488,3.279,,A2,5 minutes
29.267,1.381,5.606,5.511,1.16,,A2,5 minutes
11.95,8.343,0.559,5.326,2.386,,A2,5 minutes
9.7,7.885,17.758,1.931,0.256,,A2,5 minutes
11.128,1.208,5.665,2.038,6.6,,A2,5 minutes
2.523,2.273,1.202,0.735,1.321,,A2,5 minutes
2.511,1.529,0.143,3.684,3.118,,A2,5 minutes
9.652,8.986,4.154,1.583,0.333,,A2,5 minutes
4.023,4.076,1.547,1.024,6.427,,A2,5 minutes
28.874,12.235,13.925,1.657,6.35,,A2,5 minutes
2.511,5.398,3.19,5.63,1.613,,A2,5 minutes
8.557,17.77,2.202,8.183,1.571,,A2,5 minutes
2.202,6.671,5.951,2.925,1.22,,A2,5 minutes
0.059,5.653,4.427,2.083,0.125,,A2,5 minutes
6.915,6.344,7.998,3.701,0.619,,A2,5 minutes
12.009,4.505,15.365,5.243,2.583,,A2,5 minutes
12.664,4.79,4.475,3.225,1.22,,A2,5 minutes
5.653,23.786,5.832,0.488,3.279,,A2,5 minutes
3.44,9.861,8.867,12.598,2.297,,A2,5 minutes
38.657,4.112,13.711,3.309,1.946,,A2,5 minutes
8.843,4.85,8.296,9.474,1.518,,A2,5 minutes
1.452,3.208,4.701,5.21,2.297,,A2,5 minutes
6.629,12.021,6.665,0.783,2.613,,A2,5 minutes
9.95,7.129,4.88,12.411,3.208,,A2,5 minutes
16.413,6.129,9.593,3.523,1.059,,A2,5 minutes
3.023,0.774,1.833,9.289,4.82,,A2,5 minutes
0.44,4.166,7.153,7.665,4.743,,A2,5 minutes
13.092,0.417,7.379,0.601,0.369,,A2,5 minutes
25.839,14.235,10.616,0.574,0.994,,A2,5 minutes
4.059,1.523,1.262,0.199,1.029,,A2,5 minutes
1.024,5.165,0.131,3.092,2.19,,A2,5 minutes
5.13,17.93,12.83,5.832,0.309,,A2,5 minutes
19.483,9.682,5.332,8.903,2.297,,A2,5 minutes
38.05,5.505,6.57,4.514,2.595,,A2,5 minutes
6.772,11.218,13.58,0.61,2.226,,A2,5 minutes
17.662,15.895,2.94,0.568,1.91,,A2,5 minutes
14.949,0.47,4.332,12.28,0.845,,A2,5 minutes
4.487,9.771,7.284,4.728,5.046,,A2,5 minutes
7.831,11.378,3.702,1.333,5.243,,A2,5 minutes
15.342,6.439,6.57,4.353,1.41,,A2,5 minutes
17.627,3.969,1.416,3.591,3.208,,A2,5 minutes
4.844,4.666,7.141,5.88,3.475,,A2,5 minutes
24.197,13.824,5.13,8.671,5.243,,A2,5 minutes
39.907,6.564,3.035,2.13,1.434,,A2,5 minutes
