0.05,0.1,0.15,0.2,0.3,0.4,0.5,0.6,0.7,0.8,0.9,Transcript
13.271,6.343,6.323,1.051,5.343,10.084,2.147,0.973,0.005,2.413,2.583,B2
11.734,4.594,6.696,4.911,2.526,0.17,0.584,0.959,4.231,1.302,3.44,B2
14.718,17.332,12.123,6.693,3.754,1.564,2.565,7.401,0.055,1.99,1.932,B2
15.93,8.958,2.621,9.364,3.01,3.463,3.234,0.437,2.227,0.829,0.649,B2
13.227,1.261,3.91,0.736,0.421,5.133,0.076,1.748,3.107,1.938,0.683,B2
4.97,4.153,4.485,1.937,4.003,2.973,1.468,4.013,4.327,1.401,3.7,B2
19.478,0.512,8.469,8.653,6.183,0.069,3.862,3.77,1.132,1.713,4.884,B2
9.821,5.273,1.782,4.093,12.022,4.83,4.984,0.706,2.945,7.51,0.411,B2
8.979,9.306,7.362,4.093,6.719,4.031,1.564,3.564,1.857,4.177,0.862,B2
4.037,9.353,10.988,0.978,4.734,5.611,3.68,3.131,0.308,3.748,0.432,B2
5.154,5.226,9.601,13.169,1.634,1.459,3.862,5.288,0.164,0.06,2.445,B2
5.34,2.567,0.271,7.337,2.567,0.978,2.077,0.792,5.24,2.246,3.013,B2
8.609,6.507,9.866,2.252,0.133,0.908,6.115,6.382,1.054,7.486,5.291,B2
1.562,13.738,13.069,16.0,10.031,1.97,6.078,6.301,0.091,2.894,4.736,B2
0.771,4.291,8.031,9.67,4.666,2.911,0.281,1.908,1.548,0.346,4.609,B2
13.505,5.48,8.064,8.524,7.139,2.675,1.296,2.328,5.216,1.935,1.909,B2
8.469,5.18,1.795,7.3,6.509,1.494,1.405,4.52,5.847,1.631,1.37,B2
12.994,7.277,15.669,3.862,6.818,4.666,0.804,6.381,3.313,3.722,2.606,B2
29.835,10.799,8.609,2.506,7.59,2.433,2.273,2.466,7.97,0.279,0.787,B2
10.381,3.57,1.873,1.447,0.667,4.497,5.938,0.088,1.345,4.612,0.214,B2
14.44,4.991,7.269,0.316,3.894,2.022,0.916,5.632,7.953,2.62,0.177,B2
3.614,9.262,17.268,9.367,6.087,0.605,6.304,1.017,8.698,0.608,3.293,B2
4.827,2.751,13.585,0.153,5.327,5.276,1.109,3.018,1.165,5.361,3.085,B2
16.49,25.214,3.21,8.83,1.618,2.74,1.417,0.289,4.023,1.113,0.183,B2
3.897,2.707,3.692,2.066,0.818,4.585,1.97,4.546,6.103,1.73,1.81,B2
2.401,4.127,4.734,4.641,3.692,2.361,3.845,1.537,3.573,2.06,1.849,B2
13.505,11.548,2.808,3.29,3.228,13.892,1.354,4.404,0.554,4.195,3.259,B2
7.393,4.946,3.552,3.279,7.86,2.139,4.736,5.631,11.288,2.503,2.427,B2
22.837,9.705,0.566,3.722,2.116,7.871,1.025,3.261,0.468,2.88,0.877,B2
10.101,9.285,1.764,14.251,4.799,4.252,4.482,2.46,2.012,3.813,1.74,B2
10.988,4.69,2.108,8.76,6.291,9.658,2.32,2.631,6.343,6.629,2.824,B2
7.442,7.815,4.578,6.544,5.172,3.877,0.232,1.887,0.464,0.826,3.0,B2
24.095,13.74,8.902,1.039,9.355,3.523,0.638,4.19,2.027,1.547,3.508,B2
1.471,14.251,1.222,8.466,4.177,3.43,1.702,2.633,0.411,3.666,1.468,B2
0.444,3.055,7.878,8.037,3.251,8.288,3.339,4.466,0.055,2.267,3.124,B2
12.945,11.265,4.299,4.349,0.356,2.903,1.172,0.549,3.007,0.823,1.136,B2
11.825,11.501,0.846,2.541,1.22,0.421,1.205,0.915,7.092,3.066,2.036,B2
8.233,13.67,3.132,1.457,5.086,10.723,0.129,3.362,0.741,4.873,2.513,B2
11.125,8.559,4.563,2.46,4.643,3.515,3.862,0.067,3.511,2.089,1.647,B2
29.975,12.245,1.035,2.555,2.557,5.066,0.307,1.074,1.025,1.497,2.181,B2
2.075,11.265,13.1,10.635,0.924,0.891,6.525,3.766,1.231,10.414,3.15,B2
0.444,13.32,6.54,1.296,2.964,1.815,1.137,5.04,0.741,4.381,4.83,B2
17.706,2.401,1.002,14.134,4.174,0.281,3.302,0.275,0.525,1.789,1.354,B2
4.034,6.742,2.666,11.755,6.017,0.121,1.634,0.271,2.525,1.611,5.916,B2
5.669,0.748,5.729,11.65,0.566,1.299,0.575,1.775,0.542,1.39,0.377,B2
0.349,5.924,2.093,9.658,1.554,7.172,5.04,1.985,0.012,0.908,2.012,B2
0.164,6.393,23.366,4.664,1.105,5.883,1.494,2.688,3.2,1.007,1.173,B2
5.11,15.443,3.01,11.942,9.067,5.71,2.355,4.503,3.354,0.993,4.628,B2
1.984,15.56,5.856,7.314,3.778,1.815,3.288,1.978,1.012,1.5,0.629,B2
8.842,6.672,0.211,5.704,3.008,1.57,0.456,6.023,6.809,7.317,2.948,B2
0.678,6.159,2.668,5.072,0.333,4.017,5.138,6.013,0.751,3.264,0.229,B2
5.716,1.258,6.385,2.089,5.154,1.028,9.145,1.148,1.585,1.17,2.788,B2
1.095,11.897,1.471,3.442,1.564,3.535,5.571,0.126,4.784,0.101,9.135,B2
5.996,18.73,7.564,5.833,8.678,0.66,3.544,4.407,6.909,1.938,0.543,B2
3.941,2.007,0.815,5.422,5.597,2.031,3.122,2.571,5.274,2.83,3.08,B2
0.955,9.122,3.088,12.142,4.299,13.318,0.241,4.742,0.542,0.984,4.244,B2
28.853,4.501,3.319,0.734,1.292,2.174,5.46,1.725,1.651,1.308,1.502,B2
10.335,10.195,8.546,7.629,7.419,5.669,2.532,5.854,0.698,2.005,2.158,B2
6.789,18.636,4.192,2.728,10.099,1.643,6.332,4.151,1.211,0.5,0.644,B2
19.572,3.547,3.381,0.104,4.485,2.083,7.673,0.577,1.432,1.308,0.538,B2
6.649,16.446,2.821,9.994,14.718,5.949,3.533,1.265,2.914,1.734,3.241,B2
11.641,15.324,2.09,9.842,1.665,3.249,6.18,0.321,1.718,0.054,0.442,B2
5.11,1.004,8.064,4.046,5.014,3.62,9.91,5.127,5.093,1.815,0.502,B2
1.002,10.545,9.632,1.214,5.403,7.489,3.232,1.628,7.423,0.993,3.448,B2
15.466,2.101,4.705,12.7,2.899,2.485,5.028,0.531,1.194,0.264,7.665,B2
1.564,16.469,7.302,3.754,4.884,4.299,1.884,2.489,2.72,0.619,1.86,B2
32.679,14.93,6.463,0.153,2.666,2.291,5.093,4.083,3.88,6.612,3.378,B2
1.331,1.165,6.323,0.479,6.864,2.139,1.888,7.055,1.687,2.092,0.439,B2
10.241,1.702,1.702,7.533,1.168,2.092,3.355,0.421,2.841,1.413,1.432,B2
10.055,10.638,1.437,2.929,4.299,2.888,2.838,1.935,4.087,1.04,3.84,B2
0.398,13.038,11.563,0.083,7.652,9.518,4.596,0.916,2.85,3.119,2.754,B2
5.016,3.267,1.764,4.921,2.448,1.667,0.703,0.395,3.268,0.183,3.49,B2
5.994,23.721,2.075,7.547,8.103,1.29,3.512,5.576,1.694,1.713,2.811,B2
17.937,11.079,12.403,8.434,0.102,3.69,2.119,6.631,2.154,0.462,1.04,B2
12.947,14.23,3.461,5.632,8.412,0.5,0.771,6.371,3.648,2.579,4.324,B2
4.643,4.27,1.795,11.279,11.151,3.305,2.096,0.11,2.62,2.6,2.419,B2
8.748,12.504,5.605,1.319,3.648,9.751,2.259,1.3,1.544,0.223,2.186,B2
19.523,2.287,4.05,2.168,2.223,3.381,4.251,4.578,2.002,3.958,0.351,B2
13.554,0.981,1.984,3.08,2.808,0.063,0.687,0.395,1.785,2.258,1.502,B2
8.142,0.722,7.582,2.112,8.904,6.515,6.505,1.255,0.342,6.282,5.83,B2
16.866,0.769,13.816,5.191,8.298,4.028,0.213,0.99,0.842,0.748,0.196,B2
4.41,6.602,1.391,5.504,0.11,0.285,6.759,1.69,3.284,3.996,1.821,B2
0.631,6.183,4.643,0.666,1.919,5.255,5.55,1.243,4.73,0.267,1.147,B2
0.025,6.602,2.373,9.635,0.095,7.256,1.562,4.857,0.318,2.366,5.281,B2
6.18,2.471,0.52,5.55,4.169,4.6,9.943,0.472,1.697,2.422,1.391,B2
18.17,12.084,8.839,0.316,11.219,2.238,8.415,2.769,3.394,1.31,0.361,B2
1.328,11.872,5.947,2.276,4.06,3.465,9.252,3.198,2.604,1.389,0.455,B2
10.568,7.976,12.154,14.265,1.087,0.812,2.369,4.39,5.131,5.031,0.413,B2
1.795,0.162,5.669,2.868,2.658,9.233,4.823,2.318,2.005,1.363,1.981,B2
3.477,6.043,9.679,1.144,2.176,4.287,3.409,6.511,7.067,1.445,0.183,B2
4.314,1.632,6.429,3.43,15.987,0.724,9.819,1.257,1.941,0.045,1.743,B2
5.576,1.587,0.367,2.95,2.147,3.877,0.568,4.06,0.124,1.162,0.092,B2
14.113,5.809,2.015,11.349,8.173,2.565,0.237,5.096,1.122,1.524,5.377,B2
28.622,1.587,16.024,4.013,6.429,1.468,9.696,3.216,2.211,0.803,1.209,B2
4.363,15.954,9.402,2.985,0.403,7.314,0.86,2.977,7.099,3.862,0.973,B2
25.497,34.524,26.321,4.851,3.236,1.305,4.2,2.467,0.571,1.258,2.894,B2
21.295,10.521,8.855,1.622,6.455,0.835,6.983,3.614,3.174,2.43,3.832,B2
12.341,20.202,9.99,13.341,3.552,5.588,8.121,1.354,3.913,2.01,3.757,B2
24.281,0.095,5.856,0.967,4.446,5.809,5.704,4.258,1.375,3.792,3.513,B2
7.022,11.872,13.414,0.675,4.283,0.31,1.879,2.94,0.165,2.106,3.257,B2
5.729,7.506,2.589,3.977,5.374,3.77,2.79,0.967,3.214,1.86,5.626,A1
6.384,10.295,5.352,10.872,5.869,9.797,2.607,2.52,4.631,3.715,4.707,A1
4.432,6.083,10.001,1.695,8.891,0.273,8.65,1.635,6.914,4.24,4.245,A1
0.419,0.72,17.269,5.428,3.282,2.358,0.302,1.047,5.087,2.21,5.713,A1
3.566,2.084,1.365,2.378,1.36,1.908,6.251,4.204,3.253,0.218,3.311,A1
6.27,8.576,11.206,0.532,3.701,4.204,5.124,1.374,1.34,3.181,1.174,A1
8.075,2.81,2.096,9.143,0.516,3.336,1.967,1.728,4.507,3.349,3.657,A1
4.506,8.929,2.553,9.392,2.103,3.759,5.337,4.878,4.712,5.586,9.086,A1
2.257,1.671,2.703,2.689,1.624,0.379,4.113,3.18,1.697,2.299,3.91,A1
0.407,8.374,8.132,14.423,1.235,3.108,0.735,6.908,5.619,1.377,2.68,A1
6.726,4.05,1.121,7.513,3.056,1.136,3.484,3.346,0.764,4.887,0.847,A1
10.438,5.77,0.694,2.264,5.314,0.442,7.051,2.278,0.85,8.257,4.169,A1
5.473,17.81,6.88,2.81,2.957,4.236,8.067,3.056,3.228,3.386,0.555,A1
1.443,7.89,10.03,4.546,1.702,0.803,2.53,0.272,6.317,0.532,3.382,A1
2.781,1.19,5.644,2.091,5.253,1.497,2.417,6.991,5.266,2.379,5.213,A1
2.667,6.481,5.181,0.471,1.495,0.646,1.725,5.566,10.812,1.436,2.02,A1
8.007,7.591,1.026,2.478,0.537,0.34,3.134,0.518,1.939,4.79,2.699,A1
1.83,2.143,4.887,8.018,0.075,1.223,6.476,3.996,5.097,2.011,0.29,A1
1.118,6.299,1.178,2.791,0.649,0.293,3.336,0.02,3.169,3.126,1.214,A1
4.136,1.884,2.98,4.449,0.056,0.312,3.959,4.337,3.897,6.392,4.12,A1
22.222,4.788,2.21,3.898,6.197,3.973,4.344,1.996,5.583,0.79,3.224,A1
3.367,12.672,1.586,1.735,11.633,0.229,7.173,7.622,7.321,5.074,3.316,A1
4.973,5.585,1.386,1.486,1.614,3.784,6.757,2.764,6.89,7.026,2.394,A1
2.041,2.257,1.984,4.624,4.736,10.694,2.761,2.065,1.996,0.993,3.469,A1
2.439,5.371,2.212,2.129,6.448,5.425,0.188,3.431,3.848,4.478,2.901,A1
0.407,12.16,11.168,0.917,1.918,3.806,3.891,3.163,2.907,2.909,2.492,A1
0.435,1.019,1.745,2.546,6.875,8.922,2.061,2.852,2.944,1.559,4.37,A1
5.701,13.213,4.119,4.311,2.217,2.785,1.036,1.737,4.328,6.535,3.874,A1
6.213,5.428,2.153,3.564,2.174,0.136,3.094,0.506,4.7,0.618,2.294,A1
26.519,3.094,4.717,1.844,6.182,5.887,0.914,1.033,5.552,5.948,3.809,A1
2.61,0.862,0.447,1.208,1.432,2.08,0.851,4.328,6.941,4.306,2.504,A1
0.891,4.119,5.827,1.759,1.382,1.867,4.375,0.136,3.875,2.126,0.561,A1
0.321,2.098,1.308,5.464,6.059,4.521,5.027,4.496,4.7,1.351,1.137,A1
4.033,3.535,7.345,5.53,4.171,4.645,2.069,0.658,5.31,8.363,2.585,A1
2.371,6.028,8.132,13.028,4.949,9.125,2.024,6.341,2.439,4.266,3.676,A1
3.891,2.311,0.4,3.215,4.738,3.059,8.505,5.319,10.053,0.589,9.079,A1
7.75,2.371,9.906,4.702,3.777,0.677,1.44,5.903,4.005,2.171,0.852,A1
2.769,3.336,1.877,2.148,2.345,5.279,5.815,2.449,7.88,3.452,2.229,A1
8.462,5.272,1.745,4.641,0.404,9.662,0.962,3.986,1.551,1.442,8.384,A1
6.754,3.822,2.772,6.439,3.198,7.086,0.612,0.516,4.2,1.529,6.87,A1
3.322,1.688,9.811,9.242,5.215,3.688,1.053,5.129,3.558,0.136,4.169,A1
2.61,3.123,1.178,2.048,4.75,8.307,6.316,1.742,0.62,2.391,2.575,A1
3.623,5.345,2.772,6.531,3.137,1.493,5.263,0.044,0.173,3.843,3.534,A1
1.984,3.35,10.741,5.684,0.293,2.585,6.581,4.6,8.409,1.498,5.583,A1
16.671,25.025,4.534,2.762,7.553,5.318,2.744,4.247,3.678,3.397,3.565,A1
15.362,7.85,13.227,3.514,1.851,1.721,1.944,2.655,4.076,2.377,0.452,A1
0.276,0.62,3.597,5.684,5.684,6.926,2.403,5.895,4.773,6.403,4.932,A1
10.011,2.926,4.743,11.747,2.691,5.396,1.366,2.693,1.586,3.711,3.202,A1
10.995,2.126,2.665,0.589,4.755,0.888,3.826,4.508,5.518,4.667,3.21,A1
4.164,4.204,3.718,0.881,0.12,2.495,0.578,5.931,2.997,5.994,4.884,A1
3.993,5.416,3.955,6.047,7.914,3.068,3.615,1.806,7.612,3.256,4.005,A1
2.371,4.162,2.335,3.407,0.798,8.602,4.924,4.736,1.015,4.089,4.286,A1
0.504,0.846,7.07,5.414,7.553,10.626,1.805,1.083,4.694,8.497,2.623,A1
6.225,0.151,6.548,1.517,5.362,4.336,3.817,4.017,6.866,4.188,3.282,A1
3.196,3.464,8.92,2.632,5.604,3.848,0.626,2.769,6.361,6.424,2.555,A1
8.104,2.112,5.466,0.478,11.614,5.517,4.133,3.95,3.114,8.369,5.283,A1
15.59,0.618,1.005,6.624,3.27,4.816,1.748,4.126,3.918,1.427,1.012,A1
6.185,1.301,17.022,6.851,6.799,2.507,5.408,1.707,2.588,3.263,1.337,A1
0.362,3.452,1.08,19.944,1.375,1.08,1.953,9.275,1.716,6.629,2.273,A1
7.819,9.456,0.976,1.372,6.405,3.767,1.369,3.431,4.013,3.975,4.302,A1
4.591,7.051,2.61,4.192,1.932,0.351,8.81,0.604,2.307,2.773,3.029,A1
2.496,3.735,2.648,3.464,0.722,4.692,0.225,5.637,4.525,2.096,2.617,A1
6.766,11.149,0.464,7.392,2.942,1.351,4.022,6.481,3.485,0.167,3.629,A1
2.013,3.592,5.893,2.055,5.561,0.806,4.048,3.395,2.271,1.417,2.798,A1
5.872,5.898,6.889,2.155,1.154,2.02,6.686,5.677,2.586,2.811,4.065,A1
12.345,3.706,6.887,1.906,4.617,2.069,7.967,5.151,2.911,2.016,1.152,A1
4.574,1.062,3.085,4.446,3.962,4.667,0.268,4.828,2.637,0.218,8.646,A1
6.726,9.484,1.69,8.26,0.566,4.005,1.289,6.353,4.69,7.287,0.502,A1
6.14,4.349,4.679,5.77,12.867,1.529,6.561,1.742,5.196,4.194,3.605,A1
0.008,4.691,11.073,8.894,8.559,1.511,2.824,4.921,0.018,2.719,2.745,A1
9.698,0.691,13.483,0.129,1.586,8.232,4.54,5.203,2.932,1.724,2.383,A1
0.578,11.166,8.32,0.279,1.78,0.636,4.739,1.804,5.009,0.597,2.803,A1
6.299,20.514,2.667,3.894,1.206,0.887,2.966,3.716,4.405,3.146,2.408,A1
3.493,11.462,3.787,4.873,5.158,4.93,0.794,1.377,6.514,7.335,4.09,A1
1.984,6.965,0.824,3.201,6.334,3.585,2.878,3.794,1.161,2.914,2.147,A1
20.087,0.905,2.155,2.995,8.488,1.173,4.275,5.485,3.893,2.377,4.571,A1
4.961,10.423,0.39,4.966,0.369,2.931,3.774,2.601,1.669,5.891,3.418,A1
6.128,6.996,0.599,7.1,8.388,1.634,5.206,1.745,3.55,2.167,6.124,A1
5.144,14.565,8.398,4.973,0.184,4.887,5.4,3.22,2.435,1.494,8.324,A1
5.884,0.407,0.682,1.609,2.202,7.936,0.234,3.891,3.363,1.698,1.516,A1
1.83,7.636,1.235,5.431,1.22,0.3,3.897,4.313,1.685,2.274,4.797,A1
1.318,16.97,2.601,0.357,5.755,0.944,4.463,9.973,2.728,3.478,2.686,A1
2.655,3.993,0.122,2.859,8.35,3.005,5.069,2.783,1.468,6.125,0.939,A1
1.005,9.769,5.625,1.681,4.083,3.382,3.373,0.43,4.895,4.243,4.125,A1
4.79,0.919,16.054,1.13,6.837,4.553,5.112,6.163,3.997,0.231,2.15,A1
18.379,3.936,2.402,5.748,4.56,1.038,3.74,1.877,1.277,0.974,5.387,A1
9.071,3.822,3.322,3.172,4.854,1.325,5.559,4.283,1.923,5.679,1.603,A1
6.043,1.714,2.001,2.712,2.596,0.935,3.717,3.81,1.96,7.237,6.203,A1
3.481,10.623,8.075,0.76,5.959,6.478,3.865,2.115,2.885,1.303,3.148,A1
6.299,0.191,6.51,1.692,3.825,2.098,4.947,0.096,1.508,7.04,2.302,A1
5.075,4.446,9.906,5.594,2.776,2.706,0.737,1.597,3.47,3.176,2.074,A1
15.464,3.094,8.616,0.49,6.045,5.101,9.905,1.825,2.757,1.399,5.45,A1
5.115,5.357,2.029,3.784,9.579,1.809,0.174,7.257,2.527,1.214,2.531,A1
8.234,0.333,1.394,1.031,5.589,3.831,7.218,1.448,3.123,4.537,4.335,A1
5.217,10.765,14.831,5.855,2.615,3.123,4.329,2.935,6.313,2.913,2.373,A1
12.02,6.908,9.318,7.855,3.241,10.544,5.163,3.625,5.424,3.631,2.025,A1
4.534,7.634,0.931,11.078,1.154,3.578,1.623,2.674,0.299,4.928,3.412,A1
19.489,10.822,4.83,8.175,5.404,4.51,6.652,7.674,5.227,0.901,0.001,A1
6.925,1.842,0.483,4.79,9.005,1.956,2.32,2.76,3.108,8.139,2.349,A1
5.303,5.53,0.995,17.24,6.662,9.331,6.669,1.431,0.248,2.13,0.588,A1
13.409,1.36,6.086,1.307,4.587,1.715,2.229,0.66,2.847,6.247,0.062,B1
23.716,0.504,3.888,7.389,2.475,0.107,3.933,1.346,3.198,3.869,5.331,B1
11.002,1.191,0.548,1.108,1.375,2.745,6.217,4.721,5.305,3.503,4.316,B1
22.275,8.705,14.412,3.863,1.232,3.868,1.382,4.495,5.52,3.206,0.801,B1
8.874,4.191,0.294,3.058,6.82,2.187,0.114,0.215,0.552,5.434,0.784,B1
11.078,2.42,5.351,1.352,2.327,2.489,9.188,1.06,7.336,4.917,1.964,B1
17.308,4.539,0.364,7.264,2.637,8.878,1.526,4.933,0.792,1.4,2.647,B1
9.349,14.753,0.413,2.229,1.027,2.219,2.089,0.624,0.504,3.056,1.637,B1
3.204,0.081,7.758,1.786,3.683,5.847,1.992,1.793,2.272,0.229,5.256,B1
11.977,7.328,6.298,2.613,6.206,0.084,0.526,2.713,2.99,3.397,0.563,B1
19.258,9.065,6.156,8.554,1.05,4.552,5.488,0.335,4.331,1.964,2.997,B1
8.79,3.776,1.127,0.915,0.018,1.876,3.831,0.877,1.642,3.35,1.039,B1
1.721,6.51,1.133,2.642,8.169,2.367,5.704,3.556,0.55,0.145,1.425,B1
4.984,13.07,9.425,3.185,4.177,0.065,2.284,1.359,1.963,0.603,2.981,B1
4.764,3.492,6.939,7.656,5.618,9.37,7.658,1.878,0.571,4.565,3.146,B1
3.874,4.857,3.775,0.451,9.552,2.335,2.818,2.536,2.814,0.239,2.18,B1
9.764,10.599,0.04,3.246,3.612,0.55,1.636,0.986,3.429,1.251,1.751,B1
4.942,7.815,2.441,5.736,6.199,0.688,3.92,1.922,1.875,0.504,2.899,B1
4.001,3.111,9.194,4.636,0.893,1.638,4.424,0.448,0.692,1.76,2.33,B1
7.357,1.797,2.385,5.726,1.585,6.755,1.776,0.865,1.133,1.795,2.782,B1
22.487,11.383,6.072,1.074,1.253,1.429,1.933,5.537,4.355,6.003,0.012,B1
4.348,8.217,1.189,14.117,0.061,0.382,4.365,4.308,3.037,2.735,0.814,B1
5.526,3.619,7.306,2.348,8.041,0.467,5.442,4.841,6.341,2.756,5.406,B1
24.521,4.043,8.205,6.194,1.671,4.091,0.644,6.301,3.095,0.823,2.713,B1
11.299,2.78,5.654,19.819,1.904,3.845,5.988,2.101,1.615,1.596,0.05,B1
5.696,3.174,3.416,6.255,1.627,4.147,0.305,2.512,2.789,3.18,0.809,B1
1.543,17.52,0.407,5.334,0.533,2.388,3.217,1.038,5.342,1.278,0.92,B1
2.602,4.997,11.553,3.916,5.717,1.726,3.479,5.111,0.317,4.735,2.509,B1
2.611,13.587,16.37,6.584,2.943,4.486,1.869,0.898,0.308,3.993,1.196,B1
7.357,0.937,2.526,6.681,4.892,0.96,0.869,1.864,2.76,3.05,0.635,B1
0.364,18.757,5.04,10.811,4.002,8.099,8.518,6.397,0.492,1.988,1.912,B1
10.027,10.981,1.401,3.365,1.982,2.189,2.233,0.386,1.821,2.393,1.026,B1
5.781,2.729,9.369,0.598,4.749,3.778,2.119,1.17,5.017,1.625,2.442,B1
18.918,6.594,12.773,3.068,2.171,4.324,0.242,5.895,0.861,3.614,2.098,B1
7.739,7.561,3.218,3.778,6.474,7.084,3.501,0.594,0.395,3.898,1.038,B1
13.197,11.544,4.772,0.862,0.285,12.143,2.653,0.737,1.687,1.13,3.258,B1
0.025,6.785,8.205,6.385,2.913,1.002,2.619,0.379,1.115,4.258,1.936,B1
0.364,11.489,3.421,1.564,0.28,0.338,1.907,5.756,4.802,5.13,2.646,B1
2.356,1.021,14.031,5.122,3.734,2.184,1.568,6.003,6.628,1.678,2.846,B1
19.003,8.099,0.336,0.091,1.163,7.543,1.348,2.955,5.777,3.241,2.138,B1
17.571,18.991,6.261,4.306,0.499,0.084,4.285,3.072,2.602,8.119,1.079,B1
19.69,17.605,12.124,3.259,8.706,5.9,5.789,0.324,0.631,2.383,6.486,B1
3.289,5.492,14.11,7.58,2.948,0.939,0.331,0.608,4.246,3.985,1.958,B1
21.47,8.726,2.56,3.323,1.627,0.735,0.581,1.68,2.112,3.227,2.013,B1
13.375,14.371,4.786,8.078,4.319,7.2,0.081,3.97,6.092,1.421,2.075,B1
12.943,5.251,7.49,6.255,5.166,0.642,4.03,2.3,0.028,3.717,2.038,B1
7.951,2.411,2.187,6.001,4.919,2.104,0.869,0.979,3.162,0.939,0.417,B1
7.103,12.019,6.058,3.037,0.299,0.859,0.013,1.028,4.149,2.319,2.99,B1
27.106,12.464,1.726,4.117,2.461,5.367,2.098,3.702,3.949,1.254,6.394,B1
1.721,7.476,11.883,3.893,8.239,3.13,0.267,1.452,6.117,2.444,0.843,B1
13.799,0.695,11.615,5.103,7.096,0.494,2.437,4.368,1.887,0.475,0.462,B1
7.484,2.2,5.696,1.53,6.955,0.772,5.425,2.284,4.067,1.395,1.499,B1
0.017,0.102,2.955,7.071,1.204,3.972,0.78,3.094,1.264,1.413,1.232,B1
19.342,1.458,2.413,12.169,4.037,0.642,0.852,0.734,3.927,1.016,1.437,B1
9.349,9.849,0.718,5.855,4.15,2.489,0.475,6.185,5.003,0.317,1.403,B1
6.204,5.196,13.841,6.84,14.929,3.444,1.187,0.893,1.348,1.702,3.68,B1
8.408,11.616,3.557,0.79,2.349,4.555,5.022,3.635,4.103,1.458,2.529,B1
12.604,5.874,6.877,8.194,2.194,2.15,1.42,0.042,3.195,2.703,2.945,B1
24.86,2.759,3.826,5.567,0.993,7.179,2.31,5.872,3.259,3.938,1.046,B1
8.79,4.658,5.654,3.799,0.589,2.346,3.874,0.015,2.753,2.369,3.344,B1
16.376,13.333,1.212,0.1,0.935,3.99,0.547,5.318,3.208,0.958,1.465,B1
11.883,2.729,4.786,4.052,6.536,2.284,3.467,6.704,2.614,4.436,3.697,B1
3.416,3.988,6.453,1.096,1.02,2.25,0.767,3.213,2.781,4.075,3.35,B1
16.257,9.913,0.285,1.148,1.168,6.798,2.022,2.422,2.009,0.767,0.209,B1
10.663,5.344,1.254,2.697,3.542,4.064,3.56,0.314,5.881,0.062,0.636,B1
0.314,5.42,0.78,0.163,4.327,0.608,5.658,5.634,1.406,5.461,3.873,B1
9.646,8.006,1.339,9.338,5.026,4.859,2.534,2.762,5.078,3.847,0.584,B1
3.958,17.973,6.566,4.179,4.715,7.49,6.166,1.86,7.273,1.707,1.561,B1
7.654,11.171,6.255,1.765,0.004,2.851,0.776,2.546,4.887,1.688,1.542,B1
1.5,7.188,0.732,6.912,5.35,7.439,0.86,0.96,2.832,2.441,1.999,B1
9.052,9.256,2.992,3.429,3.861,1.742,1.678,1.32,2.853,3.95,3.869,B1
8.112,2.305,0.025,7.518,1.791,2.69,3.123,4.177,0.94,0.292,0.972,B1
18.206,11.354,11.728,5.132,8.599,1.853,2.933,1.804,2.126,9.476,0.214,B1
9.01,4.424,2.201,4.581,7.181,5.124,4.179,7.97,4.636,1.05,6.152,B1
13.748,4.361,6.99,6.827,3.614,1.17,3.081,2.143,4.4,8.448,2.911,B1
5.187,3.437,7.866,13.354,1.564,0.508,0.013,3.748,1.572,0.24,1.605,B1
11.977,4.213,7.363,2.674,5.18,0.181,5.128,1.933,0.498,5.024,3.971,B1
30.997,0.259,3.416,8.692,12.054,5.895,1.098,2.31,0.616,0.345,5.45,B1
21.046,11.002,1.82,4.901,2.469,4.276,9.684,3.697,0.453,0.359,0.103,B1
12.561,17.372,0.605,8.067,9.115,3.887,3.725,2.992,2.224,1.617,0.445,B1
26.844,9.603,7.216,7.974,8.713,5.087,2.31,0.603,2.335,3.13,0.702,B1
26.471,0.335,0.435,0.131,5.33,1.177,7.044,6.075,1.557,2.939,2.291,B1
14.096,10.993,0.011,4.88,1.367,0.063,1.28,3.098,2.856,1.737,2.192,B1
0.322,4.467,0.209,6.872,1.876,1.029,2.81,0.72,3.398,4.07,6.426,B1
4.391,21.292,0.709,2.897,4.602,5.058,1.822,2.885,4.524,1.577,1.133,B1
10.324,8.607,3.162,4.668,9.439,0.025,5.598,10.631,0.211,1.072,2.244,B1
5.662,19.406,8.968,3.681,0.435,1.606,1.89,2.6,5.341,0.166,2.55,B1
7.103,8.98,3.67,2.305,2.397,2.279,0.852,3.811,1.318,4.15,1.499,B1
1.373,4.107,5.464,1.18,5.266,6.109,0.475,3.109,2.704,1.392,1.524,B1
2.263,7.251,0.342,0.534,3.817,1.071,6.361,0.603,0.461,1.527,0.128,B1
9.722,9.023,8.14,6.404,1.839,7.5,3.293,6.171,0.892,0.006,2.137,B1
12.951,10.07,1.65,4.234,3.64,5.196,0.949,1.006,2.723,0.941,2.473,B1
6.204,2.272,16.206,2.134,4.348,2.701,2.924,1.17,1.488,3.068,1.895,B1
0.873,22.317,2.625,10.358,1.692,1.403,2.505,3.066,1.53,2.682,0.014,B1
14.011,4.7,0.737,5.461,0.322,8.427,1.331,5.159,2.239,2.372,2.743,B1
5.272,5.887,4.843,5.27,7.039,1.816,8.518,4.467,1.739,0.211,4.426,B1
2.729,1.127,6.792,4.488,4.792,0.928,6.721,1.466,4.227,3.196,0.455,B1
10.231,5.789,7.244,4.02,6.522,0.153,0.305,5.841,0.894,7.211,4.322,B1
17.308,4.615,2.207,1.839,3.811,1.145,0.178,4.655,6.108,3.643,2.993,B1
17.486,0.25,0.082,1.998,3.373,4.587,0.928,2.777,1.276,4.43,1.801,B1
8.33,13.603,1.931,1.581,3.741,0.244,0.531,0.248,1.753,3.551,2.912,C
1.029,3.53,5.596,2.426,3.785,6.617,2.266,1.746,2.104,0.889,1.73,C
1.029,12.357,1.419,5.062,1.337,3.637,1.394,1.156,0.092,0.081,2.482,C
1.991,12.048,1.3,0.285,0.857,2.268,0.542,1.307,1.032,1.182,5.283,C
7.67,5.04,1.135,3.568,3.305,4.684,0.404,4.15,0.9,0.792,1.68,C
0.218,4.695,5.536,6.07,3.816,2.296,1.971,2.577,2.113,1.058,0.763,C
2.516,8.391,1.751,1.427,2.224,1.349,3.025,1.938,4.972,1.891,0.273,C
13.333,10.696,4.47,3.722,8.593,1.265,1.247,2.873,4.376,0.623,0.05,C
7.203,1.495,0.459,5.033,0.797,3.844,1.869,1.712,0.201,4.42,0.02,C
2.487,2.802,2.682,0.323,1.623,3.784,2.011,2.025,1.19,2.753,2.198,C
7.219,6.572,1.705,12.605,4.567,0.606,2.408,0.759,2.87,3.419,0.524,C
2.471,6.279,0.969,0.544,0.353,2.56,1.558,2.419,2.693,0.642,2.905,C
15.541,4.087,7.895,4.751,2.035,4.719,0.988,1.946,0.5,3.15,3.803,C
8.436,2.246,5.356,1.975,1.675,4.341,1.236,4.631,1.908,2.222,1.097,C
21.355,5.581,1.975,2.137,0.511,1.912,1.545,1.42,0.33,0.268,2.048,C
7.789,8.6,4.455,4.571,3.162,3.18,1.38,3.095,5.133,2.46,0.596,C
7.489,1.232,3.222,8.882,7.954,2.499,3.298,0.282,0.961,2.944,0.804,C
9.502,0.443,6.692,5.416,1.908,6.876,4.81,1.081,1.37,0.823,1.272,C
13.333,9.269,10.283,5.153,7.181,1.879,2.714,1.66,3.414,0.963,3.666,C
8.075,1.727,11.755,0.578,6.618,3.737,0.544,4.604,0.545,1.71,1.998,C
7.219,8.21,5.746,3.316,2.073,4.149,2.89,2.557,0.758,1.508,1.094,C
10.329,5.619,6.978,3.118,3.447,3.523,2.915,0.105,3.195,0.082,0.373,C
1.089,3.072,1.57,3.53,1.247,4.465,0.639,1.911,0.127,1.812,1.57,C
5.851,15.811,1.9,6.363,1.247,1.546,0.256,0.928,3.256,1.864,1.663,C
11.124,11.462,6.182,1.18,7.789,2.888,0.709,3.038,1.17,3.922,0.981,C
19.883,8.639,0.007,4.605,6.34,1.079,0.238,0.353,2.139,0.106,2.303,C
8.6,0.06,7.279,1.202,4.852,3.089,0.943,1.356,5.474,1.268,0.311,C
1.344,0.842,2.832,6.595,4.266,8.814,2.68,0.763,1.595,0.037,1.787,C
5.491,2.313,5.716,0.972,2.727,0.443,1.164,0.763,4.553,2.178,0.253,C
7.129,0.848,3.313,2.798,0.42,0.336,0.116,2.302,5.909,1.151,1.182,C
10.764,2.216,0.278,0.42,4.221,2.858,3.891,1.325,0.272,4.064,0.464,C
8.841,2.464,5.371,2.013,3.297,0.105,2.162,2.201,0.108,1.23,1.985,C
3.163,16.442,2.321,8.188,5.603,2.167,0.81,3.665,5.02,0.899,1.36,C
0.263,5.491,0.594,2.843,2.711,1.502,2.183,0.733,0.034,0.763,2.041,C
1.45,3.478,6.257,1.75,2.381,3.057,2.55,3.481,1.393,0.397,0.226,C
1.434,3.688,3.538,2.622,3.335,5.868,1.669,3.414,4.463,0.812,1.443,C
5.265,1.968,0.383,7.057,5.138,1.135,0.039,0.743,1.994,1.295,1.988,C
18.831,3.072,8.705,4.623,5.063,1.551,1.826,1.052,1.933,2.639,1.771,C
8.014,2.268,6.873,3.568,0.526,1.699,2.838,2.28,1.402,0.699,1.242,C
7.715,10.576,1.6,2.663,4.68,1.168,2.25,2.572,2.297,0.937,1.73,C
3.388,2.471,12.341,0.781,1.307,3.468,1.103,1.923,1.93,0.684,1.057,C
1.765,1.795,2.516,3.884,3.297,1.901,0.598,1.16,1.611,3.732,0.375,C
4.139,13.378,1.435,0.673,3.861,0.595,1.892,2.925,3.108,1.12,3.949,C
5.265,17.501,2.051,4.071,3.343,0.104,1.576,0.064,1.292,4.677,1.968,C
6.453,4.454,3.538,6.441,3.846,1.925,4.069,1.739,0.98,2.216,3.205,C
13.468,9.705,6.722,7.733,1.187,2.308,2.079,0.623,1.573,1.474,1.843,C
8.346,1.901,1.179,1.349,1.54,0.465,2.414,5.397,2.651,1.636,2.532,C
2.667,13.085,7.835,0.853,3.049,0.634,0.551,2.442,1.138,4.082,1.61,C
16.848,1.044,6.708,2.065,1.3,6.381,2.865,3.557,2.828,4.399,1.074,C
3.163,3.147,8.195,2.358,2.171,2.047,2.369,0.912,1.042,1.689,2.599,C
6.002,3.102,6.467,5.901,4.192,2.819,1.5,1.071,1.91,1.601,0.017,C
14.279,4.943,13.709,6.043,0.293,0.385,1.583,3.703,2.947,1.46,1.858,C
15.135,0.848,5.37,1.506,5.889,3.277,0.274,0.785,3.024,0.778,6.853,C
3.568,4.139,0.848,7.692,5.649,2.008,0.427,0.897,2.76,2.596,0.353,C
5.912,6.798,0.052,7.924,4.056,1.354,6.867,2.584,0.903,2.665,1.993,C
6.707,10.779,8.931,0.053,2.944,1.028,3.712,7.358,1.035,0.17,2.248,C
2.922,2.426,2.877,0.459,2.171,0.284,3.016,0.564,0.987,0.261,3.61,C
22.001,1.029,4.395,1.975,2.629,2.12,0.132,0.402,1.579,0.409,0.321,C
21.355,2.291,0.578,9.596,4.875,0.178,0.366,0.529,1.666,3.648,2.681,C
1.585,0.842,7.113,6.081,1.817,3.868,2.453,2.738,2.078,2.479,0.851,C
7.129,7.902,3.793,0.526,1.976,0.346,0.224,0.556,1.823,4.296,1.963,C
6.633,0.195,5.281,5.45,2.366,0.177,2.291,1.484,0.153,0.706,0.769,C
11.89,0.871,1.074,2.881,0.721,2.881,1.173,0.072,2.477,0.616,1.522,C
10.779,0.781,1.525,5.141,6.204,2.251,0.287,0.492,2.345,1.598,0.703,C
17.389,7.85,1.12,0.432,9.907,4.234,0.625,2.888,1.878,0.059,1.735,C
6.858,1.908,2.096,0.143,8.3,6.989,11.98,0.301,0.749,0.636,3.123,C
6.047,1.141,1.029,0.075,1.78,2.689,0.472,0.022,3.807,0.137,0.969,C
0.623,3.012,5.325,8.105,0.894,6.295,6.399,3.924,4.985,1.046,1.695,C
3.057,4.837,0.383,3.755,3.297,0.572,4.977,1.919,2.29,2.884,0.448,C
0.894,3.395,6.392,3.568,0.428,3.749,4.898,3.128,3.491,2.574,0.661,C
16.278,2.577,0.248,1.991,6.805,0.537,1.378,1.622,1.759,1.284,0.285,C
16.503,7.602,9.832,5.315,0.976,2.443,1.583,0.729,2.204,0.587,1.087,C
12.026,5.13,5.07,4.409,2.457,6.561,1.583,3.317,0.784,1.106,4.4,C
2.065,2.561,3.027,8.871,2.599,0.864,5.524,3.643,2.503,1.984,0.724,C
6.482,1.856,2.186,6.279,0.052,2.674,2.642,5.21,2.342,0.039,3.133,C
1.93,8.481,1.059,0.274,5.296,3.349,1.31,0.037,1.279,4.371,2.975,C
9.607,0.256,0.698,0.623,9.78,2.646,3.616,0.879,1.251,3.836,2.706,C
1.84,3.974,5.972,9.13,0.067,3.891,0.283,1.427,0.427,0.242,0.649,C
8.736,2.201,0.999,0.285,0.248,3.202,3.417,0.848,1.489,2.709,3.36,C
4.454,4.386,3.703,6.374,4.237,0.657,2.038,3.091,0.163,2.502,2.018,C
7.67,5.4,3.508,5.687,3.914,2.689,1.446,0.992,2.783,2.079,4.019,C
23.879,3.237,1.585,0.549,0.638,7.406,0.368,3.831,0.851,1.586,1.259,C
4.38,3.079,4.184,2.719,2.884,6.037,1.398,2.547,5.526,1.967,3.248,C
2.516,2.809,0.082,3.963,3.779,7.326,0.975,0.586,1.492,3.425,2.684,C
0.398,0.233,4.86,8.206,5.31,3.371,3.147,0.113,0.198,0.737,1.157,C
10.329,8.391,2.847,6.07,4.92,0.099,0.03,2.37,2.838,2.022,2.667,C
11.8,0.263,7.009,4.127,3.47,0.156,0.695,0.263,3.25,1.955,2.121,C
4.56,7.361,5.881,1.822,6.234,3.671,1.177,0.166,2.229,0.495,4.547,C
2.516,5.716,1.3,4.634,1.427,4.099,1.398,1.521,0.41,4.634,2.438,C
7.293,1.57,5.161,4.938,5.002,2.527,4.806,4.108,2.963,2.122,0.611,C
0.909,5.288,9.968,1.502,0.082,0.751,2.973,0.804,3.056,1.203,0.328,C
12.702,1.795,6.603,1.941,1.186,6.122,0.287,1.292,2.484,2.581,1.52,C
6.498,2.667,4.349,8.808,2.299,6.685,1.141,2.284,2.867,1.825,0.195,C
4.769,0.211,4.289,3.8,0.834,2.188,2.212,2.761,2.783,2.926,0.083,C
9.547,0.623,10.118,1.822,10.449,1.146,2.877,0.244,1.164,1.458,2.937,C
3.794,3.395,5.191,5.112,1.735,3.564,4.756,0.897,4.096,1.386,3.886,C
9.727,5.056,1.014,1.833,1.885,2.937,2.795,2.543,4.65,2.97,0.007,C
4.815,3.546,11.591,7.162,1.758,0.832,0.918,0.917,0.632,0.223,0.474,C
12.672,1.022,0.864,4.984,5.543,2.989,0.447,4.135,1.541,2.033,2.631,C
3.523,0.413,2.726,8.713,2.832,2.15,5.423,0.033,0.968,2.439,1.618,C
8.739,1.204,2.329,2.684,2.634,3.399,0.774,0.183,0.772,0.275,0.99,A3
1.878,6.531,6.756,1.739,0.944,0.806,0.595,2.296,2.169,1.041,1.755,A3
0.667,7.685,5.908,4.552,3.144,1.013,1.556,0.365,5.216,1.467,0.949,A3
2.257,8.202,0.871,0.059,1.056,1.351,5.187,4.444,0.127,0.375,2.153,A3
7.665,3.509,3.283,1.878,0.965,5.245,3.473,1.209,1.578,1.293,2.983,A3
2.753,3.727,3.662,0.547,0.766,1.799,0.384,0.339,3.024,1.868,0.397,A3
1.759,0.228,5.081,0.309,0.7,0.163,1.375,0.289,3.641,0.38,0.758,A3
5.059,8.758,6.438,2.744,0.95,0.264,4.914,2.701,1.655,0.463,0.559,A3
13.749,5.518,0.023,4.374,2.508,2.172,0.932,2.813,3.35,1.274,1.523,A3
3.628,5.14,4.649,6.829,5.351,0.115,2.566,2.2,3.003,2.031,2.79,A3
9.574,2.019,2.647,3.192,1.449,1.293,2.387,1.08,2.325,1.65,1.776,A3
0.309,2.455,5.404,4.057,3.237,4.612,2.288,6.226,1.459,1.155,2.508,A3
11.841,2.972,3.503,2.922,6.677,0.746,0.375,0.842,1.37,3.164,2.068,A3
1.502,0.705,1.727,3.906,1.846,0.567,0.005,0.783,1.729,0.593,1.584,A3
18.262,3.112,3.596,7.773,4.888,1.724,4.488,4.163,3.943,0.508,0.537,A3
4.166,10.428,4.352,7.357,2.184,3.107,0.015,0.305,0.891,1.053,2.675,A3
21.84,7.386,3.164,4.216,6.889,4.473,0.953,0.602,0.962,1.053,0.198,A3
0.407,0.825,3.676,3.599,4.424,4.528,4.312,1.096,2.03,0.924,0.532,A3
10.905,0.407,7.618,6.522,3.621,4.11,3.132,1.379,3.175,3.363,0.466,A3
7.445,6.909,7.671,4.881,0.097,1.601,1.564,0.677,0.749,0.924,0.835,A3
3.57,2.793,10.833,4.731,3.722,0.367,0.546,0.427,2.824,0.673,3.505,A3
9.137,2.098,2.7,10.021,0.261,1.565,3.791,1.8,0.134,0.449,1.243,A3
12.238,2.594,2.787,1.073,1.966,0.954,2.769,0.632,7.645,0.488,1.47,A3
4.185,2.952,6.446,6.274,4.577,0.129,1.413,2.549,2.859,1.21,0.053,A3
5.955,5.696,0.513,1.233,1.528,0.536,0.28,4.38,6.798,0.838,0.72,A3
10.568,1.222,7.83,7.805,0.223,2.044,1.546,2.133,0.407,2.495,1.012,A3
0.15,3.787,0.513,4.713,1.216,0.319,4.598,0.443,1.432,3.081,0.221,A3
4.503,0.367,4.211,2.903,4.907,2.763,3.045,0.71,0.969,0.131,1.303,A3
7.485,3.669,0.547,7.188,3.403,2.251,2.237,3.98,0.518,5.16,2.185,A3
11.223,2.336,3.986,8.41,5.472,3.853,2.312,3.656,0.013,4.05,0.447,A3
2.655,0.508,0.799,2.306,3.543,3.583,6.258,3.147,3.029,1.431,0.935,A3
11.342,4.96,0.208,4.106,3.383,1.691,2.579,2.455,1.995,5.145,0.373,A3
6.631,10.328,1.634,4.116,4.516,1.62,5.295,6.64,2.54,0.588,3.279,A3
4.662,0.864,1.693,0.955,0.13,1.55,3.97,0.042,1.963,2.168,1.306,A3
2.992,6.433,1.096,0.329,1.878,1.302,0.26,0.683,3.08,0.695,1.489,A3
10.051,4.185,4.543,0.458,4.476,1.679,10.29,0.789,2.181,6.507,2.433,A3
8.699,0.647,3.251,9.483,0.95,1.755,1.059,1.848,0.871,0.976,1.845,A3
1.223,10.05,0.619,3.618,0.135,0.079,3.024,2.135,2.036,2.35,0.564,A3
0.884,8.678,0.243,4.474,0.706,2.998,6.066,1.785,1.621,2.287,0.279,A3
11.78,0.766,0.129,1.87,2.15,1.84,0.118,4.606,0.481,1.175,0.345,A3
10.587,6.73,9.428,1.54,0.685,5.566,1.104,2.118,0.563,0.879,1.827,A3
0.269,2.198,8.36,1.551,2.104,0.009,3.97,1.484,0.488,1.917,0.078,A3
0.468,4.224,0.163,1.858,2.244,1.542,0.559,3.921,2.12,0.112,0.859,A3
8.121,0.746,2.196,1.58,3.682,0.193,1.437,0.079,4.349,3.278,3.06,A3
1.918,1.242,2.986,3.727,5.617,0.736,0.766,0.922,1.608,0.107,0.048,A3
1.441,5.955,3.999,3.371,1.528,2.097,2.332,0.74,1.845,4.007,0.8,A3
4.98,6.731,0.826,2.584,3.702,2.536,0.718,1.656,0.498,1.806,0.716,A3
1.839,4.662,0.699,5.677,2.349,5.289,0.619,2.163,0.907,0.895,2.388,A3
1.003,0.586,1.162,1.889,4.033,1.843,5.29,3.084,3.146,2.027,2.833,A3
8.222,1.005,4.861,3.548,0.978,1.958,0.793,5.305,1.587,1.496,0.193,A3
10.648,8.698,10.9,0.049,4.285,2.788,1.743,2.383,1.09,5.296,1.642,A3
13.551,4.006,0.759,3.886,2.76,4.274,2.63,2.458,2.848,2.503,0.477,A3
5.616,0.09,2.435,2.624,0.07,2.153,1.075,2.857,3.014,1.405,1.032,A3
10.091,5.279,0.433,4.027,2.821,2.46,1.524,4.079,1.608,3.143,0.431,A3
10.905,7.745,1.356,2.395,5.656,2.531,1.556,0.309,4.568,1.878,2.565,A3
5.298,4.165,7.737,2.546,1.124,4.841,0.331,1.169,3.815,0.559,0.769,A3
1.441,3.669,2.872,5.795,2.302,1.843,1.421,1.779,1.654,2.343,0.403,A3
15.16,10.051,3.251,4.881,1.893,1.282,4.161,1.139,0.657,1.083,2.142,A3
14.365,3.529,4.065,1.81,0.639,1.341,0.364,0.431,1.211,0.124,1.339,A3
5.24,1.401,1.242,2.605,0.455,0.402,0.567,2.271,1.447,2.429,3.705,A3
1.123,9.037,7.472,4.096,4.789,3.225,0.531,2.516,0.567,1.107,1.978,A3
8.222,2.277,0.937,0.327,0.309,4.917,2.447,4.556,2.817,4.248,3.494,A3
6.531,1.66,4.052,1.691,2.044,0.899,0.995,3.118,2.088,2.497,0.263,A3
7.247,0.089,5.669,3.748,2.203,0.004,1.331,2.047,0.667,3.499,2.548,A3
7.904,8.976,2.819,4.582,1.109,8.65,1.756,0.238,2.368,3.08,1.096,A3
3.927,3.152,0.627,0.158,4.584,1.103,4.014,4.839,2.009,0.846,1.947,A3
0.269,6.073,8.553,9.961,3.429,1.706,3.509,1.391,1.239,1.264,2.859,A3
7.883,1.401,0.394,2.843,0.347,3.33,0.854,1.711,0.753,2.603,1.836,A3
14.346,4.683,0.534,1.651,0.221,1.73,0.483,0.914,1.478,0.561,0.073,A3
5.001,1.124,3.177,1.053,3.436,6.73,4.467,0.319,0.067,3.01,3.34,A3
4.683,9.157,4.259,5.397,1.892,3.568,1.47,3.356,3.641,0.408,2.058,A3
9.534,7.843,8.129,0.198,1.587,1.799,1.206,1.651,1.51,0.544,1.228,A3
8.559,1.681,0.879,2.385,0.461,1.993,0.663,3.787,1.391,1.073,1.4,A3
11.939,7.367,0.19,9.703,1.038,1.098,1.14,1.782,1.373,2.152,1.92,A3
1.701,14.345,3.039,3.092,5.14,5.258,1.538,3.217,0.333,0.408,0.103,A3
8.461,2.098,2.382,0.805,1.707,1.65,0.236,0.46,2.144,2.388,0.919,A3
2.734,2.495,4.145,0.914,3.722,0.263,0.57,0.944,3.966,3.28,3.619,A3
13.431,5.517,3.456,4.772,1.752,5.2,3.446,2.408,1.675,0.122,0.531,A3
10.131,4.364,7.75,3.917,2.501,1.958,3.008,1.888,2.74,1.104,1.982,A3
0.208,12.894,5.735,5.22,2.9,1.154,3.649,0.152,0.709,0.73,0.758,A3
1.661,5.576,7.366,2.575,2.158,4.221,1.886,0.304,0.84,2.012,1.059,A3
9.137,6.472,2.74,3.121,1.369,5.278,0.019,1.303,2.603,1.532,0.128,A3
4.524,2.774,0.083,2.634,2.336,2.889,2.662,5.266,0.133,6.799,0.499,A3
2.236,1.699,1.308,5.18,0.791,1.049,3.14,2.475,0.226,1.474,1.231,A3
0.269,0.965,2.528,2.049,2.257,0.979,3.401,3.777,2.385,0.996,3.361,A3
1.719,6.254,0.521,4.265,2.574,0.354,0.852,1.693,0.465,0.37,0.858,A3
3.23,0.944,8.903,7.386,1.295,1.094,2.742,1.689,2.341,2.594,0.704,A3
13.948,6.989,2.284,4.534,1.09,0.15,0.546,1.858,2.499,1.78,1.376,A3
9.654,2.436,6.459,1.172,3.212,2.864,1.413,1.447,0.232,0.588,2.618,A3
0.049,2.157,8.739,1.341,2.019,10.07,1.375,0.52,1.221,1.745,0.576,A3
3.867,0.508,0.327,1.292,1.646,2.685,1.609,2.108,2.7,1.769,1.269,A3
10.449,7.268,10.03,1.939,0.4,4.483,0.697,2.672,0.271,4.705,0.385,A3
1.542,6.829,10.269,0.16,3.344,1.103,3.024,1.447,0.768,0.577,0.424,A3
5.2,3.509,1.507,0.776,0.148,0.273,3.45,0.001,0.326,0.895,2.901,A3
3.729,5.338,1.899,3.649,0.712,1.093,4.511,0.587,0.831,2.752,0.707,A3
1.223,9.296,0.858,4.224,1.216,0.591,0.809,1.445,1.475,0.162,2.373,A3
4.781,3.608,10.422,1.162,1.151,2.211,0.078,0.997,2.178,1.919,0.547,A3
13.927,5.378,8.951,3.538,0.647,1.566,2.109,2.273,1.09,1.789,3.563,A3
19.653,1.143,3.323,2.148,4.206,2.024,1.927,1.853,0.347,4.09,0.819,A3
10.825,4.683,5.995,4.504,3.794,1.85,0.873,1.385,2.696,1.35,1.228,A3
14.235,2.095,5.987,0.381,2.285,1.684,1.097,0.771,1.443,2.719,0.712,A2
11.652,1.547,3.832,1.762,1.732,2.496,0.412,1.39,1.717,4.834,0.073,A2
2.238,8.968,0.857,4.475,0.565,4.304,0.724,5.347,2.717,0.021,0.323,A2
6.653,7.397,9.284,4.288,4.457,1.921,0.226,1.065,2.713,0.269,0.407,A2
3.237,3.184,4.094,6.611,2.672,3.737,1.091,1.152,2.98,0.033,1.924,A2
7.915,5.564,1.797,1.922,0.827,6.625,1.712,0.753,1.842,0.507,4.424,A2
6.332,5.296,6.13,2.969,4.826,0.311,1.072,2.898,1.88,2.27,2.924,A2
6.772,3.327,4.725,2.244,5.975,2.726,1.119,0.717,2.221,1.346,1.773,A2
0.548,5.653,1.809,2.068,3.166,1.215,1.495,0.788,2.297,0.521,3.073,A2
2.809,6.832,8.474,0.158,2.404,1.369,2.515,0.277,2.3,1.537,2.127,A2
1.19,3.493,5.32,3.377,2.44,1.061,0.699,2.107,1.047,0.539,0.333,A2
2.38,1.476,3.237,0.012,0.303,0.1,1.481,1.381,1.055,0.417,3.946,A2
7.117,11.384,4.511,3.368,3.91,3.161,2.698,0.774,0.664,0.82,1.565,A2
0.024,1.434,2.666,1.181,0.952,0.247,1.994,1.381,0.978,0.318,1.297,A2
1.297,6.451,6.546,0.658,3.844,0.9,1.222,0.152,1.864,3.355,5.384,A2
2.702,4.112,3.523,1.047,5.522,2.577,2.263,0.542,2.045,1.088,1.387,A2
4.19,2.208,0.333,3.458,2.315,2.373,2.351,2.993,1.424,0.673,0.972,A2
0.655,2.702,1.773,0.173,0.482,0.872,1.309,0.64,1.953,1.146,3.672,A2
7.796,2.273,1.274,1.092,1.797,2.087,3.037,1.562,2.705,0.18,0.567,A2
6.915,7.451,1.309,4.487,0.173,0.568,1.629,2.434,0.159,0.889,0.385,A2
21.126,5.415,8.272,2.8,1.357,1.532,2.244,1.857,2.036,3.694,2.789,A2
8.45,8.224,7.974,3.734,0.054,0.354,0.838,2.235,0.368,2.625,0.552,A2
9.581,8.992,4.57,0.729,4.469,1.253,4.547,1.83,0.768,1.137,2.64,A2
5.046,2.291,1.714,4.308,4.112,3.313,0.115,1.779,0.535,2.226,0.125,A2
12.402,3.719,3.368,6.442,1.898,3.081,1.033,2.856,0.104,2.336,4.84,A2
0.012,3.083,6.844,1.467,0.428,0.144,0.965,0.845,2.788,2.83,1.369,A2
4.082,3.219,2.583,3.975,3.005,0.1,1.484,6.198,1.749,0.349,2.142,A2
2.845,3.19,5.761,2.434,1.143,0.057,3.147,0.375,1.962,2.545,0.268,A2
11.664,10.545,2.726,0.845,0.536,4.886,1.372,1.262,0.072,0.03,3.86,A2
3.773,0.649,5.999,1.681,4.939,1.046,0.92,2.22,4.511,0.176,0.645,A2
6.094,1.113,3.868,1.363,0.458,2.083,0.623,0.565,3.021,2.028,0.329,A2
5.094,2.618,2.19,0.068,1.285,0.372,1.772,0.777,0.994,0.428,0.494,A2
6.975,0.994,2.059,5.395,0.845,3.788,4.679,0.006,2.156,2.481,2.309,A2
7.629,6.469,2.142,1.488,1.006,3.527,1.936,1.72,2.283,0.061,1.25,A2
0.833,3.297,3.475,1.818,2.672,1.168,2.915,0.327,2.475,1.427,0.369,A2
10.093,7.117,0.369,4.814,3.047,2.73,0.719,3.463,1.073,0.729,0.502,A2
2.345,8.938,0.381,1.265,0.756,1.305,2.69,1.961,1.437,0.856,1.184,A2
5.832,11.134,1.309,3.452,2.124,1.385,0.838,0.131,3.113,1.537,1.246,A2
4.297,2.38,1.214,1.181,4.892,1.083,1.163,4.416,2.277,1.668,2.868,A2
4.594,4.564,0.345,1.163,1.988,0.198,0.249,3.419,1.271,1.26,0.165,A2
5.201,0.94,0.893,0.646,1.892,2.822,1.666,0.122,0.003,0.014,1.164,A2
1.559,3.886,0.869,3.835,3.809,1.864,4.593,3.696,1.027,2.197,0.188,A2
3.594,3.452,1.726,1.032,1.273,2.377,1.747,0.33,0.188,1.268,1.992,A2
7.01,1.291,7.272,9.26,2.154,0.283,1.254,0.146,3.503,2.913,1.962,A2
5.737,1.494,1.702,8.111,2.624,0.957,4.005,1.285,0.481,2.511,1.914,A2
1.833,1.976,3.963,0.747,1.387,0.921,0.609,3.059,2.69,0.675,0.022,A2
3.904,11.218,3.523,2.996,0.607,2.804,0.523,0.217,4.337,3.083,0.778,A2
4.13,0.97,0.666,0.184,1.863,1.886,8.224,0.789,2.134,0.744,1.393,A2
2.737,2.327,0.738,1.72,5.433,1.36,2.526,2.565,0.619,1.923,1.66,A2
12.949,0.417,0.75,3.324,2.077,3.6,0.612,2.166,0.532,0.492,1.214,A2
1.845,0.684,8.355,3.228,4.225,2.815,2.504,3.562,1.353,1.601,0.159,A2
6.51,2.969,0.607,3.163,1.44,5.871,2.333,1.895,2.522,4.417,1.734,A2
7.582,2.791,0.988,1.988,1.25,0.961,1.24,0.735,2.397,0.358,1.678,A2
4.654,0.149,1.202,1.788,0.196,3.06,4.533,1.187,1.858,1.236,3.158,A2
11.331,1.648,4.463,0.628,2.089,3.599,0.063,0.723,3.305,1.023,0.401,A2
7.201,3.868,6.487,1.952,4.731,2.703,1.123,0.476,2.427,0.079,0.133,A2
4.439,10.753,2.202,1.925,3.077,1.637,3.204,1.976,2.151,0.883,0.583,A2
3.88,0.797,5.999,0.664,2.642,3.019,2.994,2.633,2.072,2.59,0.109,A2
4.297,2.244,1.69,5.984,2.505,0.76,0.33,4.314,1.871,2.311,0.151,A2
1.381,0.244,2.88,1.279,4.683,4.529,0.616,0.515,2.271,0.956,0.571,A2
8.617,0.851,1.833,2.315,3.457,0.771,2.565,0.794,3.363,0.938,0.748,A2
6.296,1.97,1.0,4.183,2.154,1.381,2.576,2.946,1.088,2.827,3.581,A2
5.165,1.024,0.25,0.958,1.791,0.189,1.094,0.836,1.109,2.239,0.76,A2
2.202,2.077,2.904,2.36,5.249,1.452,1.477,4.433,0.785,2.505,2.712,A2
9.76,6.778,0.262,0.899,3.862,1.172,0.163,1.803,3.713,4.047,0.258,A2
22.447,4.493,0.488,2.136,1.803,1.925,0.19,0.301,0.858,0.9,0.625,A2
1.69,1.619,4.725,2.958,1.458,0.11,2.858,1.693,3.092,0.285,2.267,A2
1.226,13.771,0.119,1.628,4.755,2.708,0.417,3.133,1.11,2.145,1.422,A2
8.665,13.58,1.071,6.546,2.69,0.436,0.691,4.49,2.907,0.213,2.232,A2
14.592,4.868,3.285,1.541,0.744,3.023,1.465,0.714,0.47,0.068,1.303,A2
2.952,2.238,8.165,3.583,0.559,1.882,0.17,4.567,1.361,1.7,0.296,A2
1.654,12.937,7.272,1.77,0.339,5.787,3.669,2.428,0.973,1.784,0.726,A2
6.546,6.028,3.678,1.782,1.797,1.275,5.812,2.27,0.111,0.414,0.286,A2
4.951,6.975,2.357,3.701,3.172,1.119,1.404,1.366,1.141,1.722,0.901,A2
8.117,0.452,0.512,0.217,2.511,2.068,2.179,2.922,1.892,1.048,1.932,A2
9.724,2.011,1.404,2.297,2.535,1.247,1.016,5.148,3.062,3.558,0.813,A2
0.119,5.957,0.393,1.479,3.065,1.257,3.391,1.958,0.05,1.134,1.272,A2
3.202,3.094,1.571,1.253,0.494,2.266,0.374,2.83,2.96,0.083,1.363,A2
7.939,4.612,1.083,5.264,2.166,1.144,2.236,0.274,1.689,0.87,0.831,A2
9.01,5.683,7.082,2.693,0.012,0.731,0.049,3.559,2.434,0.832,1.345,A2
13.878,3.886,0.964,2.788,2.232,2.953,1.388,0.661,0.2,0.925,0.53,A2
4.939,1.523,6.237,5.109,1.839,4.866,2.861,1.116,0.733,2.786,0.216,A2
3.059,3.868,0.548,1.092,1.613,1.181,1.038,1.056,3.523,0.881,2.478,A2
5.475,5.344,0.69,5.046,0.309,1.367,0.174,1.095,3.003,3.549,2.0,A2
4.475,1.363,0.952,0.577,5.13,1.186,0.024,0.5,0.007,1.585,2.577,A2
10.045,9.557,2.535,1.988,4.076,2.554,1.666,2.264,0.476,1.487,1.155,A2
5.344,6.903,8.95,5.594,0.048,0.354,4.954,2.08,3.08,0.968,2.573,A2
11.378,6.487,5.594,7.492,5.582,1.997,1.59,0.833,1.162,1.434,1.089,A2
3.297,2.166,2.63,2.128,0.524,1.983,3.268,0.512,0.206,0.26,1.008,A2
13.402,8.01,9.176,1.904,1.565,0.373,0.644,2.395,1.287,1.643,2.144,A2
6.379,10.557,3.737,2.056,0.756,0.033,1.438,0.964,0.443,3.504,0.631,A2
0.666,3.44,1.274,5.701,3.636,7.107,0.64,5.02,2.069,1.869,0.718,A2
0.417,2.47,0.238,1.369,3.434,1.869,0.694,3.383,0.971,1.523,2.232,A2
6.618,1.541,2.69,2.261,0.232,1.239,0.501,1.336,1.565,0.255,1.327,A2
4.63,4.797,1.714,2.363,0.381,1.148,0.669,1.357,0.047,0.007,1.279,A2
0.845,0.155,0.226,0.988,0.286,1.22,1.901,0.232,0.544,2.217,1.027,A2
4.868,0.649,3.237,0.289,2.666,0.78,0.065,0.637,0.147,1.097,0.484,A2
6.272,4.291,1.94,1.056,3.243,0.418,1.876,2.244,1.323,1.311,0.799,A2
3.083,1.387,0.071,6.68,1.565,1.729,1.227,1.574,0.983,3.188,0.484,A2
6.153,0.434,3.487,0.64,2.125,2.953,1.472,1.238,0.759,0.925,1.769,A2
