# percent estimate error for select word 'eat'; TTS: 30 - 180 minutes, sampling interval size = 30 sec 
30.0,40.0,50.0,60.0,70.0,80.0,90.0,100.0,110.0,120.0,130.0,140.0,150.0,160.0,170.0,180.0,Transcript
19.596,49.511,51.489,13.617,36.681,35.213,81.617,59.468,23.894,13.617,7.34,2.511,40.872,24.574,14.915,28.468,A1
6.979,99.34,20.277,13.617,76.553,15.277,29.128,39.532,8.723,22.915,1.191,25.298,14.277,25.255,34.34,30.681,A1
46.851,0.34,59.468,0.34,42.383,19.596,10.745,12.298,9.383,13.617,14.128,2.511,14.277,37.702,61.809,6.319,A1
86.702,19.596,12.298,53.489,25.298,35.213,10.745,35.553,15.979,16.277,4.277,17.426,3.66,4.66,1.511,43.957,A1
33.553,60.128,35.553,92.681,14.574,15.277,15.83,3.66,23.234,32.894,19.596,87.936,22.915,66.936,3.851,10.745,A1
32.894,20.277,35.553,125.915,42.383,20.277,15.83,16.277,20.277,6.319,23.34,25.298,56.809,7.149,3.851,6.319,A1
46.851,59.468,4.319,20.277,31.66,24.574,20.277,40.191,26.851,46.17,16.532,20.277,6.979,0.34,31.319,17.383,A1
73.426,30.234,83.383,0.34,8.213,30.234,24.702,7.638,15.979,9.638,7.34,5.362,6.979,57.638,0.83,21.809,A1
32.894,10.298,51.489,0.34,3.17,4.66,15.17,4.319,5.106,6.319,28.809,2.511,17.617,14.617,24.298,32.894,A1
86.702,69.426,59.468,52.83,87.936,39.532,60.128,67.447,42.021,32.894,13.468,5.362,9.638,34.553,66.511,26.915,A1
6.319,29.574,4.319,59.468,31.0,84.383,11.404,12.298,5.766,43.532,38.66,8.872,9.638,25.255,1.511,28.468,A1
20.277,79.404,107.298,46.851,2.511,45.191,19.596,24.255,12.362,16.936,14.128,36.681,1.0,32.064,21.936,13.617,A1
6.319,60.128,99.34,59.468,2.511,20.277,20.277,24.255,26.851,36.213,26.404,25.957,20.277,5.319,1.511,17.383,A1
46.17,40.191,4.319,32.894,19.596,15.277,19.596,51.489,45.638,10.298,1.872,17.426,4.319,0.34,28.979,4.106,A1
6.979,30.234,51.489,26.915,8.213,10.298,33.553,55.489,41.34,3.0,1.872,20.277,1.0,7.149,12.574,35.106,A1
33.553,19.596,20.277,12.957,42.383,74.426,1.872,8.298,56.511,16.277,1.191,8.872,20.277,27.745,21.936,35.766,A1
100.0,29.574,52.17,6.979,42.383,9.638,1.872,12.298,15.979,32.894,35.596,25.957,38.872,24.574,54.787,32.894,A1
46.851,9.638,3.66,53.489,37.362,9.638,68.319,31.553,52.894,12.957,17.191,25.298,57.468,27.085,34.34,15.17,A1
32.894,9.638,11.617,6.979,31.66,59.468,37.319,7.638,5.106,3.66,7.34,17.426,48.83,7.149,0.83,15.83,A1
46.851,49.511,4.319,72.766,8.872,39.532,19.596,20.277,9.383,62.787,19.596,22.447,4.319,42.021,0.83,1.872,A1
6.979,10.298,20.277,33.553,8.872,15.277,42.404,55.489,15.979,59.468,44.128,11.064,14.957,32.064,3.191,11.404,A1
60.128,50.17,52.17,46.851,48.085,40.191,20.277,39.532,23.234,23.596,10.404,68.021,32.894,22.085,1.511,13.617,A1
46.851,20.277,19.596,46.851,3.17,9.638,46.17,32.234,9.383,9.638,34.936,25.298,59.468,0.34,3.851,63.894,A1
60.128,30.234,83.383,53.489,54.447,84.383,46.851,63.447,34.106,46.17,4.936,31.0,9.638,0.34,19.596,11.404,A1
6.319,49.511,43.511,6.979,25.298,39.532,46.17,44.191,5.106,33.553,4.936,8.872,54.149,7.809,22.617,8.532,A1
6.979,20.277,35.553,52.83,25.957,25.255,6.319,8.298,15.979,42.851,14.128,16.745,6.319,19.596,38.362,41.745,A1
32.894,9.638,4.319,33.553,8.213,30.234,11.404,43.511,34.766,10.298,93.191,16.745,46.17,4.66,24.957,15.17,A1
6.979,109.298,60.128,6.979,54.447,74.426,6.319,20.277,88.468,20.277,38.66,3.17,14.277,52.0,13.234,13.617,A1
32.894,89.362,52.17,53.489,31.0,35.213,37.319,24.255,49.255,16.277,1.872,6.021,35.553,35.213,36.681,10.745,A1
139.191,30.234,67.447,33.553,19.596,4.66,2.553,11.617,5.106,3.0,25.745,3.17,9.638,7.149,26.638,32.894,A1
46.851,50.17,12.298,6.979,59.468,0.34,41.745,39.532,16.638,16.277,7.34,5.362,1.66,2.83,20.277,26.915,A1
59.468,50.17,36.213,6.319,14.574,25.255,41.745,19.596,23.234,6.319,4.277,37.362,8.979,2.149,27.298,24.702,A1
6.979,29.574,4.319,32.894,60.128,40.191,51.277,16.277,13.021,49.511,28.809,19.596,14.277,0.34,1.511,8.532,A1
59.468,59.468,12.298,13.617,36.681,4.66,1.872,11.617,1.489,9.638,20.277,3.17,25.574,29.574,13.234,1.872,A1
6.319,10.298,99.34,12.957,19.596,10.298,6.319,32.234,20.277,0.34,26.404,45.234,35.553,14.617,33.681,4.766,A1
46.17,59.468,28.234,6.319,53.766,4.66,50.617,3.66,1.489,13.617,1.872,48.745,6.319,5.319,26.638,19.596,A1
32.894,60.128,35.553,26.915,8.872,39.532,37.979,12.298,5.766,19.596,19.596,16.745,70.106,12.787,7.872,37.319,A1
33.553,169.106,36.213,19.596,59.468,9.638,10.745,8.298,15.979,23.596,17.191,14.574,6.319,24.574,15.574,24.702,A1
60.128,29.574,27.574,112.617,70.851,34.553,15.17,55.489,31.149,3.66,13.468,11.723,46.17,47.681,3.191,35.106,A1
32.894,39.532,123.255,12.957,20.277,15.277,20.277,23.596,8.723,6.319,13.468,39.532,17.617,17.766,28.979,24.702,A1
20.277,40.191,59.468,66.787,8.872,64.447,33.553,39.532,8.723,19.596,22.66,17.426,19.596,66.936,7.872,46.17,A1
20.277,20.277,12.298,40.191,14.574,49.511,15.83,15.617,19.596,29.574,25.745,53.766,9.638,29.574,24.298,4.106,A1
32.894,70.106,35.553,0.34,20.277,5.319,10.745,40.191,5.766,12.957,74.809,23.106,3.66,25.255,10.894,6.979,A1
33.553,19.596,52.17,46.17,43.043,35.213,60.128,15.617,16.638,29.574,11.064,31.66,8.979,79.404,22.617,13.617,A1
165.787,39.532,4.319,32.894,76.553,79.404,2.553,11.617,13.021,3.0,25.745,2.511,16.936,45.191,54.787,15.83,A1
6.979,40.191,36.213,6.319,20.277,14.617,46.17,4.319,13.021,0.34,54.0,11.064,6.979,27.745,12.574,30.681,A1
33.553,9.638,83.383,0.34,3.17,15.277,1.872,7.638,59.468,6.319,87.064,42.383,6.979,32.064,26.638,55.043,A1
6.979,10.298,4.319,26.255,14.574,5.319,10.745,36.213,34.766,0.34,8.0,8.872,1.66,25.255,17.255,24.021,A1
6.319,30.234,20.277,32.894,54.447,9.638,11.404,7.638,23.894,52.83,41.064,13.915,27.574,34.553,34.34,9.191,A1
72.766,49.511,60.128,12.957,3.17,5.319,20.277,0.34,5.106,32.894,7.34,2.511,24.915,0.34,3.191,41.745,A1
86.043,20.277,3.66,99.34,42.383,54.489,6.319,16.277,30.468,56.809,7.34,17.426,48.83,12.787,61.809,26.915,A1
6.979,9.638,51.489,26.255,13.915,4.66,19.596,24.255,2.149,30.234,7.34,8.213,9.638,20.277,3.851,12.957,A1
20.277,10.298,28.234,46.17,25.298,9.638,6.979,15.617,5.106,3.66,4.936,25.298,48.83,4.66,1.511,26.915,A1
19.596,59.468,28.234,72.766,13.915,74.426,6.979,3.66,1.489,12.957,44.128,62.319,32.894,7.149,7.872,37.319,A1
32.894,29.574,11.617,39.532,3.17,24.574,55.043,35.553,45.638,32.894,1.872,5.362,1.0,5.319,43.043,26.255,A1
59.468,20.277,36.213,6.979,53.766,19.596,20.277,3.66,66.723,3.66,1.191,23.106,4.319,34.553,46.064,1.872,A1
59.468,30.234,12.298,6.319,48.745,15.277,6.319,3.66,15.979,30.234,19.596,17.426,32.894,9.638,17.915,8.532,A1
60.128,40.191,44.191,6.979,2.511,5.319,42.404,24.255,34.106,33.553,20.277,6.021,25.574,47.0,39.021,8.532,A1
72.766,9.638,75.404,20.277,25.298,35.213,19.596,19.596,13.021,43.532,1.191,28.149,54.809,22.085,64.149,26.915,A1
32.894,80.064,35.553,6.979,3.17,9.638,24.702,12.298,2.149,13.617,28.809,53.766,25.574,2.149,41.362,1.872,A1
152.489,0.34,27.574,40.191,31.0,24.574,6.319,40.191,42.021,26.915,8.0,31.66,12.298,39.532,13.234,26.915,A1
19.596,10.298,52.17,20.277,31.66,49.511,28.468,4.319,31.149,9.638,16.532,16.745,14.277,17.766,45.404,6.319,A1
59.468,9.638,12.298,0.34,19.596,5.319,32.894,16.277,30.468,20.277,47.872,20.277,56.809,22.766,10.894,11.404,A1
72.766,29.574,36.213,26.915,2.511,10.298,55.043,3.66,48.596,29.574,10.404,14.574,35.553,99.34,3.851,4.106,A1
60.128,39.532,44.191,39.532,60.128,24.574,15.17,36.213,23.894,33.553,4.277,6.021,9.638,15.277,6.191,2.553,A1
20.277,119.277,36.213,6.979,20.277,14.617,10.745,48.17,42.021,9.638,29.468,33.83,38.872,14.617,12.574,26.255,A1
72.766,50.17,27.574,72.766,8.872,64.447,2.553,20.277,19.596,13.617,8.0,3.17,35.553,12.128,28.979,24.702,A1
46.851,29.574,43.511,13.617,31.0,44.511,50.617,23.596,41.34,59.468,23.34,13.915,32.894,42.021,17.915,6.979,A1
33.553,20.277,44.191,52.83,3.17,69.426,41.745,11.617,41.34,16.936,11.064,13.915,1.66,47.681,14.915,0.34,A1
6.979,30.234,27.574,46.851,14.574,65.106,1.872,16.277,23.894,3.66,1.191,11.064,46.17,9.638,8.532,19.596,A1
46.17,0.34,19.596,0.34,25.298,19.596,59.468,27.574,48.596,19.596,4.277,16.745,8.979,56.979,36.021,41.745,A1
59.468,39.532,19.596,20.277,31.66,10.298,2.553,15.617,8.723,46.851,44.128,11.064,6.979,7.809,31.319,12.957,A1
32.894,109.298,12.298,0.34,31.66,5.319,6.979,32.234,63.085,66.106,4.936,8.213,27.574,0.34,21.936,6.979,A1
60.128,149.17,36.213,26.915,19.596,4.66,10.745,7.638,2.149,30.234,11.064,17.426,19.596,7.809,39.021,31.34,A1
6.979,99.34,36.213,6.319,8.213,19.596,51.277,24.255,26.851,36.213,10.404,3.17,16.936,44.511,48.404,6.979,A1
100.0,9.638,19.596,26.915,3.17,4.66,37.319,3.66,8.723,26.255,1.872,11.723,8.979,27.085,3.851,24.702,A1
6.979,139.191,3.66,32.894,8.213,19.596,2.553,11.617,63.085,26.915,71.745,48.085,8.979,22.766,12.574,8.532,A1
72.766,40.191,51.489,33.553,42.383,40.191,29.128,63.447,1.489,33.553,1.872,16.745,19.596,34.553,3.191,6.319,A1
192.362,60.128,11.617,46.17,82.255,5.319,90.468,8.298,16.638,9.638,11.064,17.426,19.596,7.149,22.617,4.106,A1
33.553,60.128,27.574,12.957,19.596,65.106,33.553,36.213,15.979,13.617,4.936,23.106,9.638,7.149,20.277,4.766,A1
112.617,19.596,11.617,99.34,48.085,19.596,6.319,27.574,45.638,40.191,34.936,13.915,38.213,12.787,10.213,35.766,A1
6.979,0.34,11.617,26.915,2.511,20.277,19.596,24.255,13.021,3.66,10.404,17.426,22.255,24.574,3.851,28.468,A1
60.128,19.596,27.574,33.553,31.66,39.532,6.979,4.319,34.106,16.277,13.468,31.66,41.532,12.128,17.255,26.255,A1
6.319,30.234,52.17,32.894,60.128,30.234,41.745,8.298,8.723,6.979,10.404,0.34,9.638,27.745,32.0,21.809,A1
33.553,49.511,36.213,12.957,14.574,9.638,24.021,12.298,34.766,66.787,25.745,16.745,35.553,0.34,31.319,6.979,A1
6.979,0.34,19.596,52.83,19.596,0.34,6.319,4.319,41.34,9.638,26.404,6.021,8.979,12.128,17.255,10.745,A1
6.319,9.638,19.596,6.319,53.766,74.426,37.979,43.511,19.596,66.106,38.66,43.043,30.234,10.298,66.511,21.809,A1
19.596,40.191,12.298,0.34,53.766,19.596,42.404,51.489,20.277,3.0,13.468,33.83,46.17,10.298,3.851,17.383,A1
86.702,30.234,19.596,6.319,48.745,14.617,37.979,7.638,8.723,16.277,17.191,2.511,4.319,40.191,22.617,30.681,A1
60.128,10.298,36.213,159.128,14.574,19.596,42.404,23.596,27.511,29.574,4.936,2.511,52.17,71.936,1.511,24.702,A1
46.17,10.298,3.66,46.17,43.043,20.277,11.404,19.596,8.723,6.979,28.809,40.191,6.979,12.128,22.617,10.745,A1
46.17,0.34,4.319,40.191,31.66,4.66,55.043,12.298,15.979,13.617,71.745,19.596,48.83,19.596,17.255,2.553,A1
20.277,30.234,99.34,26.255,31.66,4.66,37.979,28.234,34.766,0.34,7.34,3.17,6.979,22.085,10.213,15.83,A1
6.979,49.511,83.383,46.17,37.362,15.277,11.404,20.277,34.766,9.638,10.404,5.362,12.298,22.766,10.213,32.894,A1
19.596,9.638,28.234,6.319,48.745,0.34,33.553,4.319,5.106,13.617,1.872,17.426,19.596,5.319,7.872,17.383,A1
33.553,59.468,3.66,26.255,42.383,45.191,24.702,15.617,12.362,33.553,65.596,11.723,1.66,30.234,6.191,21.809,A1
33.553,70.106,27.574,12.957,2.511,9.638,24.702,31.553,45.638,3.66,4.277,22.447,35.553,2.83,19.596,4.106,A1
86.702,0.34,27.574,32.894,42.383,14.617,6.319,4.319,30.468,29.574,50.277,19.596,32.894,32.723,17.255,8.532,A1
192.362,70.106,43.511,33.553,31.66,45.191,24.702,3.66,73.957,29.574,7.34,2.511,1.0,2.149,6.191,24.021,A1
6.319,70.106,59.468,19.596,8.213,19.596,6.319,31.553,8.723,10.298,53.34,25.957,11.617,2.149,19.596,26.255,A1
22.73,62.27,7.27,46.811,12.595,15.905,27.878,25.176,119.162,8.176,10.554,29.149,19.635,15.973,28.176,31.365,A2
116.351,201.351,35.095,15.905,20.527,50.676,3.027,39.081,47.514,35.23,67.622,2.662,44.365,39.081,48.189,3.027,A2
23.635,120.216,44.365,8.176,13.905,21.703,85.446,20.541,39.081,19.77,3.419,7.27,10.365,21.703,20.905,15.905,A2
7.27,39.081,7.27,0.446,52.338,1.486,2.122,16.554,3.054,42.041,14.122,58.959,29.811,21.77,39.081,5.608,A2
39.081,143.405,2.0,31.365,0.649,30.459,3.027,58.27,3.054,30.459,42.932,9.284,25.824,50.676,15.459,33.027,A2
38.189,42.041,11.27,77.716,12.595,15.905,13.324,11.905,41.0,54.541,24.824,19.216,1.095,24.595,3.635,9.851,A2
8.176,76.824,7.27,22.73,12.595,27.5,33.027,25.824,13.797,30.459,10.838,63.568,11.27,1.419,0.905,8.176,A2
22.73,39.081,7.27,38.189,47.014,4.311,8.176,2.0,26.446,49.77,6.986,33.77,51.446,1.419,15.459,8.176,A2
39.081,27.5,2.0,38.189,7.27,36.257,28.784,2.635,1.149,38.189,21.257,2.662,10.365,18.797,39.081,9.851,A2
69.095,62.27,11.27,0.446,5.973,47.838,28.784,21.189,3.054,26.595,35.527,13.905,5.081,44.878,41.811,3.027,A2
147.27,120.216,44.365,15.0,12.595,15.905,27.878,25.176,36.784,39.081,28.392,27.149,25.824,33.297,28.176,23.635,A2
69.095,4.311,62.905,61.365,20.527,39.081,33.027,15.905,43.297,22.73,17.689,29.149,60.716,13.014,41.811,44.243,A2
100.0,97.041,7.27,69.095,12.595,10.108,27.878,6.635,15.703,31.365,10.554,49.027,28.905,27.5,50.0,0.446,A2
53.635,62.27,16.554,0.446,25.838,42.041,43.338,6.635,24.135,26.595,21.541,20.527,16.554,1.486,23.635,8.176,A2
23.635,53.635,29.811,39.081,20.527,7.27,3.027,39.081,3.054,57.5,32.243,33.77,10.365,13.068,3.635,4.703,A2
23.635,76.824,35.095,38.189,27.149,50.676,3.027,39.081,1.149,42.041,10.554,0.649,1.095,21.703,3.635,38.189,A2
100.0,27.5,48.365,0.446,5.973,7.27,27.878,11.905,11.486,8.176,85.446,25.838,8.176,1.486,30.905,3.027,A2
22.73,50.676,25.824,38.189,45.716,21.703,7.27,49.0,3.054,8.176,3.703,75.514,22.73,18.865,1.824,5.608,A2
8.176,85.446,11.27,62.27,65.581,10.108,33.027,58.27,55.946,19.77,14.122,10.581,32.0,44.878,22.73,8.176,A2
54.541,30.459,7.27,39.081,12.595,4.311,22.73,39.081,3.054,38.189,39.378,10.581,32.0,21.703,18.189,20.149,A2
7.27,4.311,7.27,39.081,78.824,21.703,33.027,16.554,5.365,39.081,3.703,9.284,29.811,27.554,44.541,12.432,A2
22.73,15.905,39.081,45.905,33.77,79.649,23.635,2.0,11.486,50.676,0.149,27.149,7.27,18.865,28.176,38.189,A2
38.189,50.676,20.541,15.0,52.338,30.459,3.027,20.541,5.365,39.081,14.405,50.324,29.811,44.946,14.541,5.608,A2
7.27,42.041,2.0,70.0,12.595,27.5,3.027,49.0,1.149,11.135,14.405,75.514,28.905,24.662,7.27,23.635,A2
53.635,53.635,20.541,38.189,13.905,53.635,12.432,53.0,24.135,18.865,17.689,13.905,22.73,4.311,11.811,8.176,A2
53.635,30.459,53.635,116.351,13.905,27.5,38.189,34.446,39.081,18.865,28.676,20.527,39.081,76.757,14.541,20.149,A2
22.73,65.23,35.095,54.541,20.527,1.486,8.176,39.081,68.595,42.041,10.838,23.838,14.365,7.216,10.0,51.068,A2
69.095,7.27,7.27,61.365,52.338,10.108,7.27,35.095,5.365,19.77,3.419,2.662,1.095,21.703,18.189,45.905,A2
39.081,53.635,35.095,30.459,40.392,108.635,8.176,7.27,3.054,4.311,10.838,17.216,17.446,27.5,12.73,9.851,A2
23.635,108.635,57.635,7.27,53.635,30.459,75.149,6.635,1.149,23.635,17.973,47.014,17.446,15.905,34.554,17.581,A2
7.27,97.041,7.27,45.905,20.527,15.905,23.635,62.905,47.514,15.0,0.149,20.527,11.27,27.554,45.459,18.486,A2
39.081,42.041,16.554,15.0,20.527,47.838,53.635,48.365,47.514,15.0,17.973,15.905,10.365,7.27,22.73,20.149,A2
8.176,30.459,53.635,30.459,13.905,59.432,7.27,15.905,51.73,61.365,10.554,32.459,42.176,10.176,1.824,7.27,A2
7.27,30.459,53.635,39.081,12.595,1.486,8.176,53.635,11.486,7.27,14.405,15.905,28.905,39.149,74.541,12.432,A2
85.446,15.905,7.27,15.0,60.257,13.068,33.932,53.0,11.486,0.446,21.257,13.905,7.27,42.041,37.27,0.446,A2
22.73,42.041,20.541,45.905,19.216,18.865,39.081,16.554,28.351,38.189,28.676,32.459,5.081,7.216,33.635,30.459,A2
131.811,7.27,44.365,8.176,45.716,1.486,33.027,21.189,1.149,19.77,3.703,27.149,19.635,39.081,63.635,7.27,A2
70.0,39.081,11.27,39.081,33.77,18.865,38.189,16.554,28.351,23.635,42.649,5.973,19.635,7.216,4.554,21.054,A2
69.095,42.041,81.459,70.0,13.905,13.068,54.541,62.905,13.797,0.446,46.216,25.838,25.824,10.108,1.824,12.432,A2
23.635,65.23,25.824,53.635,7.27,21.703,27.878,49.0,22.23,31.365,7.27,68.892,11.27,10.176,18.189,20.149,A2
100.905,4.311,62.905,53.635,73.514,1.486,69.095,6.635,7.27,15.905,14.122,7.27,62.905,10.176,7.27,2.122,A2
7.27,4.311,29.811,69.095,0.649,30.459,95.757,16.554,43.297,8.176,14.405,9.284,14.365,1.419,20.905,17.581,A2
8.176,30.459,11.27,76.824,32.459,56.473,49.392,7.27,47.514,12.041,6.986,22.527,32.905,4.311,25.446,23.635,A2
100.905,42.041,16.554,0.446,33.77,10.108,23.635,21.189,28.351,11.135,42.932,20.527,35.095,10.108,26.365,75.149,A2
69.095,7.27,7.27,61.365,39.081,24.662,23.635,21.189,1.149,27.5,6.986,20.527,47.459,18.797,17.27,0.446,A2
54.541,88.405,11.27,22.73,32.459,4.311,80.297,6.635,15.703,35.23,3.703,23.838,44.365,10.108,37.27,7.27,A2
23.635,18.865,44.365,39.081,72.203,7.27,13.324,30.459,22.23,7.27,39.081,30.459,2.0,18.865,7.27,13.324,A2
69.095,27.5,39.081,61.365,0.649,85.446,3.027,11.905,24.135,18.865,35.811,10.581,14.365,4.311,18.189,15.905,A2
53.635,4.311,76.176,15.905,12.595,59.432,7.27,21.189,18.014,49.77,3.419,10.581,47.459,30.392,6.365,0.446,A2
38.189,18.865,25.824,53.635,0.649,4.311,44.243,11.905,24.135,42.946,3.703,53.635,13.459,24.595,3.635,31.365,A2
39.081,50.676,39.081,8.176,78.824,50.676,28.784,11.905,53.635,4.311,49.784,40.392,32.0,7.27,41.811,8.176,A2
69.095,18.865,44.365,46.811,20.527,44.878,13.324,15.905,3.054,15.905,17.973,22.527,2.0,1.419,12.73,18.486,A2
69.095,85.446,122.541,38.189,39.081,59.432,12.432,15.905,28.351,26.595,14.405,3.959,11.27,27.5,15.459,0.446,A2
38.189,30.459,48.365,8.176,66.878,18.865,23.635,2.0,19.919,53.635,21.541,20.527,38.189,18.797,28.176,3.027,A2
22.73,27.5,20.541,15.905,58.959,36.257,3.027,2.0,26.446,19.77,10.554,37.081,1.095,10.108,47.27,8.176,A2
53.635,27.5,48.365,45.905,5.973,27.5,70.0,29.811,11.486,4.311,28.676,3.959,2.0,21.703,15.459,10.757,A2
8.176,88.405,16.554,38.189,40.392,73.865,22.73,25.824,3.054,73.865,3.703,5.973,16.554,4.378,48.189,5.608,A2
22.73,42.041,81.459,38.189,53.635,50.676,3.027,21.189,32.568,4.311,7.27,9.284,22.73,10.176,29.095,4.703,A2
7.27,27.5,35.095,0.446,20.527,4.311,33.932,2.0,11.486,72.959,6.986,43.703,22.73,7.27,17.27,13.324,A2
69.095,42.041,35.095,0.446,39.081,44.878,64.838,29.811,1.149,39.081,14.122,32.459,1.095,30.459,15.459,7.27,A2
23.635,39.081,11.27,15.0,53.635,30.459,8.176,39.73,9.581,22.73,3.419,17.216,1.095,21.77,36.365,39.081,A2
38.189,97.041,53.635,31.365,47.014,10.108,3.027,21.189,11.486,7.27,3.703,10.581,10.365,47.838,20.905,57.122,A2
38.189,50.676,44.365,62.27,12.595,36.257,17.581,30.459,60.162,0.446,60.486,2.662,8.176,4.311,6.365,44.243,A2
8.176,65.23,7.27,23.635,19.216,47.838,27.878,76.176,9.581,15.0,10.554,27.149,38.189,10.108,9.081,5.608,A2
23.635,18.865,39.081,84.541,20.527,91.243,2.122,11.27,7.27,72.959,3.419,9.284,10.365,27.5,26.365,28.784,A2
53.635,53.635,16.554,30.459,19.216,18.865,27.878,25.176,64.378,58.405,7.27,47.014,10.365,21.703,10.0,4.703,A2
7.27,7.27,2.0,8.176,27.149,44.878,22.73,25.824,36.784,22.73,60.486,17.216,10.365,21.77,4.554,23.635,A2
38.189,42.041,44.365,154.986,33.77,68.068,27.878,25.824,30.662,3.405,10.554,13.905,57.635,1.486,1.824,12.432,A2
38.189,18.865,29.811,22.73,13.905,33.297,3.027,2.635,5.365,15.905,28.392,7.27,8.176,21.77,25.446,2.122,A2
69.095,42.041,48.365,7.27,12.595,33.297,3.027,25.824,19.919,66.135,14.122,3.959,4.189,21.703,9.081,15.0,A2
38.189,15.905,66.905,15.0,13.905,10.108,3.027,53.0,18.014,3.405,10.838,9.284,23.635,13.068,3.635,12.432,A2
54.541,42.041,62.905,61.365,66.878,68.068,27.878,2.0,36.784,4.311,78.311,9.284,14.365,27.5,12.73,0.446,A2
54.541,7.27,11.27,0.446,33.77,71.027,58.784,35.095,5.365,38.189,49.784,9.284,14.365,15.973,12.73,13.324,A2
53.635,27.5,2.0,15.0,12.595,30.459,17.581,15.905,26.446,42.946,14.122,2.662,5.081,41.986,10.0,2.122,A2
100.0,53.635,53.635,38.189,0.649,42.041,39.081,53.0,66.284,22.73,28.392,7.27,50.541,30.459,0.905,17.581,A2
100.905,120.216,62.905,38.189,25.838,33.297,17.581,20.541,11.486,7.27,21.541,33.77,32.905,15.905,42.73,7.27,A2
38.189,15.905,48.365,23.635,7.27,4.311,13.324,16.554,41.0,30.459,17.689,0.649,29.811,21.703,20.905,4.703,A2
100.0,30.459,66.905,46.811,12.595,10.108,39.081,21.189,45.203,46.811,28.392,0.649,22.73,33.351,3.635,22.73,A2
22.73,85.446,44.365,7.27,13.905,24.662,2.122,11.905,32.568,62.27,42.932,52.338,10.365,21.703,29.095,12.432,A2
23.635,4.311,53.635,84.541,53.635,27.5,59.689,2.0,5.365,15.0,28.676,5.973,1.095,10.108,25.446,46.811,A2
38.189,65.23,11.27,0.446,39.081,21.703,12.432,21.189,36.784,3.405,6.986,32.459,60.716,33.351,1.824,27.878,A2
84.541,76.824,25.824,46.811,12.595,24.662,43.338,35.095,19.919,50.676,6.986,27.149,63.811,53.581,0.905,12.432,A2
100.905,50.676,20.541,77.716,27.149,33.297,7.27,71.541,34.878,18.865,6.986,20.527,13.459,82.554,18.189,15.0,A2
69.095,143.405,11.27,30.459,53.635,24.662,38.189,6.635,47.514,38.189,21.541,23.838,2.0,1.419,31.824,9.851,A2
39.081,97.041,53.635,15.0,13.905,33.297,18.486,29.811,15.703,12.041,10.554,32.459,13.459,15.973,33.635,12.432,A2
69.095,50.676,20.541,31.365,5.973,36.257,23.635,39.73,26.446,3.405,3.703,37.081,10.365,1.419,4.554,45.905,A2
69.095,15.905,25.824,46.811,7.27,36.257,3.027,2.0,77.014,22.73,50.068,13.905,11.27,1.486,20.905,31.365,A2
70.0,65.23,16.554,22.73,13.905,53.635,3.027,6.635,60.162,35.23,32.243,33.77,17.446,68.068,29.095,4.703,A2
39.081,30.459,76.176,7.27,58.959,97.041,8.176,21.189,11.486,34.324,17.689,30.459,29.811,7.27,52.716,12.432,A2
22.73,53.635,20.541,30.459,40.392,4.311,43.338,16.554,24.135,38.189,74.757,20.527,29.811,7.216,6.365,20.149,A2
23.635,7.27,2.0,45.905,13.905,24.662,58.784,25.176,18.014,46.811,10.554,43.703,11.27,24.595,4.554,44.243,A2
70.0,100.0,16.554,39.081,58.959,44.878,18.486,44.365,45.203,35.23,50.068,9.284,14.365,4.378,1.824,9.851,A2
23.635,73.865,7.27,31.365,20.527,7.27,49.392,57.635,5.365,11.135,14.122,0.649,7.27,33.351,9.081,33.932,A2
85.446,42.041,11.27,23.635,52.338,7.27,44.243,39.081,49.419,15.905,10.554,5.973,20.541,15.973,20.905,5.608,A2
53.635,73.865,48.365,15.905,12.595,42.041,63.946,39.73,34.878,7.27,10.554,50.324,17.446,1.419,47.27,0.446,A2
22.73,42.041,2.0,100.905,53.635,18.865,44.243,35.095,39.081,4.311,10.554,13.905,19.635,1.419,12.73,3.027,A2
22.73,42.041,20.541,54.541,13.905,1.486,28.784,43.73,3.054,18.865,49.784,82.135,44.365,24.662,29.095,7.27,A2
38.189,15.905,35.095,100.905,66.878,7.27,23.635,21.189,51.73,18.865,3.703,32.459,26.73,15.905,15.459,10.757,A2
8.176,30.459,35.095,61.365,73.514,44.878,49.392,34.446,28.351,42.946,17.973,17.216,53.635,36.189,6.365,38.189,A2
8.176,154.986,39.081,31.365,25.838,53.635,48.486,44.365,19.919,19.77,17.973,45.716,1.095,13.014,67.27,15.905,A2
100.0,16.42,6.444,44.556,52.062,16.42,11.296,33.062,3.235,33.062,59.062,19.21,37.494,49.691,29.148,36.753,A3
100.0,16.42,33.062,10.877,33.062,8.519,11.296,0.21,33.062,5.333,48.407,23.963,2.42,12.272,9.988,26.074,A3
33.469,49.691,20.16,33.062,4.963,25.16,3.901,6.864,27.012,33.469,18.123,14.469,24.605,12.679,2.16,33.062,A3
11.296,33.469,33.469,44.556,52.062,16.84,33.469,53.432,8.864,21.963,64.173,23.963,20.16,4.37,9.988,11.296,A3
77.827,0.21,46.778,11.296,14.049,33.062,33.469,26.407,33.469,16.84,27.938,42.975,2.012,16.84,9.58,22.383,A3
55.235,66.741,60.086,0.21,52.481,33.062,33.469,6.444,2.815,21.963,33.469,56.815,11.296,20.58,49.123,21.963,A3
210.469,16.84,72.975,22.383,23.963,8.111,33.062,26.407,45.148,50.099,7.889,38.222,20.16,25.16,9.988,10.877,A3
10.877,33.062,6.444,10.877,42.556,0.21,11.296,20.16,51.198,11.296,17.704,47.309,55.235,53.852,17.407,14.988,A3
100.0,16.84,33.062,10.877,4.543,41.79,3.901,26.815,9.284,49.691,22.827,28.309,42.346,3.951,9.58,3.494,A3
55.235,33.062,20.16,22.383,23.963,66.741,3.901,19.753,57.667,11.296,33.062,14.469,29.037,4.37,9.58,25.667,A3
77.827,82.951,20.16,22.383,14.049,33.469,3.494,0.21,15.333,50.099,74.0,0.21,6.864,29.309,29.148,18.272,A3
33.469,66.321,46.778,0.21,52.062,0.21,33.469,33.469,15.333,21.963,27.938,14.469,33.062,0.21,48.716,7.605,A3
55.642,16.84,33.469,33.469,4.963,8.519,3.494,46.778,33.062,33.062,18.123,23.963,6.864,20.58,9.58,14.58,A3
10.877,132.852,60.086,22.383,33.469,25.16,63.037,6.864,45.148,5.333,38.173,9.296,15.321,8.519,21.728,3.901,A3
10.877,0.21,33.062,0.21,4.963,0.21,3.494,6.444,39.099,16.84,13.0,18.802,10.877,12.272,9.988,11.296,A3
55.642,33.469,6.444,10.877,33.469,24.741,48.259,0.21,27.012,27.506,18.123,9.716,33.062,37.21,37.383,37.173,A3
10.877,16.42,6.864,0.21,4.543,0.21,62.63,6.864,27.42,55.235,7.469,28.716,46.778,49.691,17.815,18.272,A3
33.062,83.37,20.16,0.21,33.469,8.111,18.691,46.358,27.012,16.84,53.531,18.802,20.16,12.272,21.728,33.062,A3
10.877,16.42,6.864,66.741,42.975,16.84,3.901,6.864,51.617,39.012,43.296,33.062,2.42,37.63,1.753,21.963,A3
33.062,66.741,33.062,0.21,42.556,0.21,3.901,19.753,20.963,22.383,12.58,33.469,6.864,4.37,21.321,3.494,A3
55.235,16.42,33.469,10.877,14.049,58.0,26.074,40.123,33.062,22.383,33.062,61.568,20.16,12.272,17.815,3.494,A3
33.469,66.321,33.469,21.963,4.543,16.84,18.691,33.062,3.235,44.148,38.593,14.469,15.728,29.309,17.815,14.58,A3
77.827,116.222,20.16,10.877,14.469,25.16,18.272,13.099,2.815,16.84,48.827,42.975,41.926,24.741,9.988,14.988,A3
11.296,0.21,73.383,66.741,23.556,74.642,25.667,33.062,39.099,33.469,53.938,14.049,6.444,16.84,25.642,18.272,A3
11.296,33.062,6.864,33.469,33.062,50.099,18.272,13.099,27.012,11.296,33.469,42.556,6.864,62.16,49.123,33.062,A3
33.469,16.42,19.753,33.062,14.049,33.062,25.667,20.16,2.815,5.753,18.123,28.309,15.728,12.679,13.494,14.58,A3
77.827,16.84,20.16,10.877,61.988,50.099,26.074,33.469,27.42,22.383,38.173,38.222,19.753,0.21,13.494,14.58,A3
77.827,50.099,19.753,143.938,33.062,41.79,11.296,13.519,21.37,33.469,7.889,23.556,29.037,0.21,9.988,21.963,A3
33.469,50.099,6.864,10.877,42.975,24.741,33.062,6.444,45.148,44.148,18.123,57.235,50.802,16.84,36.975,14.58,A3
10.877,50.099,46.358,33.062,23.963,91.272,3.901,13.099,8.864,27.506,17.704,0.21,6.864,24.741,2.16,22.383,A3
10.877,16.42,20.16,10.877,52.481,66.741,18.691,33.469,15.333,5.753,12.58,28.716,19.753,3.951,1.753,29.778,A3
77.827,16.84,6.864,55.235,4.543,8.111,40.864,40.123,15.333,16.84,22.827,9.716,10.877,3.951,13.901,21.963,A3
11.296,0.21,46.778,0.21,52.481,66.741,25.667,13.519,9.284,16.84,12.58,23.556,29.037,33.062,40.889,18.272,A3
55.642,83.37,6.444,66.321,42.975,33.062,18.691,6.864,33.062,33.062,7.469,33.062,6.444,8.519,29.556,44.556,A3
55.642,16.42,6.864,33.469,14.049,8.111,3.494,26.815,63.296,39.012,12.58,9.296,24.605,21.0,2.16,7.185,A3
55.642,16.42,46.778,22.383,42.975,50.099,40.444,26.815,45.148,5.333,27.938,19.21,24.605,16.84,33.062,11.296,A3
10.877,82.951,60.086,55.642,42.975,8.519,3.494,20.16,20.963,27.506,38.593,4.543,24.185,16.84,37.383,0.21,A3
33.062,16.84,19.753,0.21,61.988,50.099,18.691,19.753,3.235,16.84,84.235,18.802,11.296,28.901,40.889,7.605,A3
77.827,33.469,33.469,33.469,4.543,33.469,55.235,33.062,51.198,16.42,7.889,23.963,2.42,41.37,6.074,51.531,A3
77.827,66.741,59.667,10.877,14.469,41.37,10.877,33.062,2.815,16.42,18.123,23.963,10.877,12.679,6.074,14.58,A3
55.235,16.84,46.778,33.062,33.062,33.062,10.877,19.753,27.42,27.926,28.358,47.728,2.012,3.951,17.407,3.494,A3
55.235,16.42,33.469,44.556,4.543,49.691,33.469,59.667,39.519,44.556,22.827,38.222,11.296,20.58,9.58,18.272,A3
99.58,33.062,59.667,44.556,52.062,33.469,18.272,13.519,8.864,21.963,43.704,0.21,37.494,3.951,17.407,14.988,A3
10.877,0.21,6.444,10.877,33.469,66.741,3.494,6.444,14.914,44.556,27.938,33.469,29.037,33.469,13.494,25.667,A3
77.407,33.062,20.16,55.642,14.049,66.321,26.074,19.753,15.333,33.469,2.765,9.716,33.469,4.37,9.988,7.605,A3
55.235,66.741,20.16,21.963,14.469,16.84,3.901,39.704,21.37,39.012,48.827,9.716,10.877,0.21,13.494,26.074,A3
33.062,16.84,33.469,11.296,52.062,33.469,33.062,6.864,20.963,10.877,2.346,47.728,19.753,3.951,21.321,0.21,A3
166.111,99.58,19.753,66.741,33.469,50.099,40.864,19.753,45.148,16.84,2.346,0.21,11.296,8.519,1.753,21.963,A3
55.235,33.062,72.975,0.21,14.049,132.852,63.037,66.741,8.864,55.235,13.0,4.963,28.617,16.42,25.642,0.21,A3
100.0,66.321,6.864,22.383,61.568,24.741,40.864,20.16,63.296,39.012,17.704,28.309,6.864,20.58,1.753,25.667,A3
11.296,16.84,46.778,22.383,90.086,58.0,3.494,33.469,3.235,50.099,27.938,23.963,20.16,16.84,5.667,26.074,A3
11.296,16.42,20.16,22.383,52.481,24.741,26.074,19.753,21.37,27.506,13.0,9.296,15.728,20.58,6.074,18.272,A3
55.642,16.42,72.975,44.556,80.58,41.37,48.259,39.704,14.914,5.753,43.296,61.568,24.185,4.37,6.074,14.988,A3
33.062,50.099,19.753,55.642,61.988,16.42,10.877,19.753,21.37,10.877,43.296,4.963,6.444,33.062,13.901,11.296,A3
55.642,66.741,6.444,55.642,33.469,99.58,47.84,6.864,39.519,5.333,2.346,14.469,6.444,8.111,21.728,0.21,A3
55.642,99.58,6.444,11.296,61.988,16.42,63.037,26.815,8.864,11.296,22.827,4.543,2.012,8.111,9.58,33.469,A3
55.642,116.222,46.358,11.296,23.556,8.111,55.235,33.062,33.062,22.383,7.889,28.309,15.728,21.0,1.753,7.185,A3
33.469,49.691,33.062,55.642,33.469,16.42,47.84,13.099,27.42,27.926,22.827,38.222,29.037,20.58,13.494,3.901,A3
77.827,33.469,112.889,77.407,52.481,75.049,18.272,6.444,51.198,44.148,2.346,9.296,2.012,58.0,29.556,25.667,A3
55.235,33.469,33.469,44.556,71.074,8.111,99.58,33.469,33.469,33.062,48.407,18.802,24.605,0.21,13.494,25.667,A3
55.642,0.21,46.358,0.21,4.963,66.741,3.494,13.099,8.864,22.383,38.593,28.309,2.42,8.519,9.58,26.074,A3
100.0,16.42,19.753,10.877,14.469,50.099,3.494,26.407,39.519,38.605,18.123,28.716,2.42,4.37,60.444,10.877,A3
11.296,16.42,72.975,21.963,33.469,33.062,3.494,6.444,75.395,5.753,33.469,33.062,6.444,16.84,13.494,33.469,A3
33.469,116.222,20.16,33.062,33.062,16.84,18.691,26.815,57.247,5.333,2.765,33.062,15.321,8.519,25.642,22.383,A3
55.642,33.062,46.778,33.062,61.988,8.111,33.469,19.753,14.914,16.42,33.062,56.815,6.444,8.519,9.58,7.185,A3
10.877,16.84,6.864,33.469,4.963,8.111,40.444,6.864,27.012,27.926,2.765,18.802,6.864,24.741,21.728,14.58,A3
11.296,33.469,6.864,11.296,61.988,16.84,25.667,6.444,15.333,82.951,38.173,33.062,28.617,12.679,6.074,33.062,A3
55.642,16.84,19.753,10.877,42.556,16.42,11.296,13.099,51.617,10.877,48.827,33.469,112.889,8.519,48.716,33.469,A3
55.642,0.21,6.444,77.407,14.049,50.099,11.296,6.444,21.37,44.556,38.173,9.716,46.358,37.21,21.321,3.494,A3
55.642,16.84,6.864,33.062,23.556,24.741,3.494,19.753,15.333,33.469,7.469,9.296,2.012,28.901,36.975,22.383,A3
33.062,0.21,33.469,55.642,90.086,41.79,10.877,53.432,9.284,33.469,28.358,61.988,15.321,33.469,17.815,0.21,A3
10.877,0.21,33.062,11.296,33.062,16.42,3.494,13.519,3.235,27.506,43.296,23.963,77.407,24.741,64.358,18.691,A3
10.877,49.691,46.358,44.556,71.074,8.519,33.062,6.864,15.333,60.778,94.469,14.049,24.605,4.37,17.815,21.963,A3
33.062,33.469,99.58,55.642,14.469,24.741,3.494,39.704,9.284,38.605,12.58,18.802,20.16,37.63,2.16,29.358,A3
10.877,82.951,6.444,44.556,33.062,16.84,40.444,0.21,8.864,27.506,27.938,28.309,15.321,16.84,33.062,14.58,A3
33.469,50.099,6.444,33.469,33.062,33.469,48.259,13.519,2.815,16.42,18.123,42.556,2.012,37.21,29.148,22.383,A3
33.469,50.099,6.864,22.383,14.049,58.42,11.296,26.407,27.012,22.383,22.827,0.21,2.012,24.741,21.728,22.383,A3
33.469,16.42,60.086,33.469,23.963,58.0,3.901,19.753,9.284,16.84,17.704,38.222,6.864,25.16,9.58,11.296,A3
10.877,66.321,60.086,66.741,14.469,8.111,3.494,33.469,14.914,5.333,58.642,28.716,33.062,4.37,36.975,11.296,A3
11.296,50.099,46.778,10.877,4.543,74.642,11.296,126.198,21.37,0.21,12.58,37.802,11.296,25.16,5.667,0.21,A3
33.469,16.84,20.16,11.296,14.049,91.272,11.296,13.519,39.099,22.383,2.765,14.049,2.012,33.062,29.148,21.963,A3
33.062,66.741,19.753,22.383,4.543,50.099,55.642,40.123,3.235,38.605,48.827,0.21,50.802,33.469,2.16,11.296,A3
33.469,16.84,33.469,11.296,33.062,25.16,3.901,20.16,57.247,16.84,22.827,4.543,15.728,3.951,25.235,22.383,A3
55.235,66.321,60.086,77.407,23.556,33.469,55.642,20.16,39.099,10.877,28.358,33.062,15.728,12.272,21.728,37.173,A3
11.296,33.469,73.383,11.296,14.049,25.16,121.765,6.444,14.914,0.21,18.123,14.049,33.469,20.58,9.58,26.074,A3
10.877,66.741,73.383,66.321,61.988,16.42,77.407,19.753,15.333,5.333,23.235,4.543,11.296,37.21,13.494,7.185,A3
11.296,33.469,6.444,77.827,52.481,33.469,11.296,13.519,27.42,21.963,7.889,18.802,20.16,25.16,5.667,37.173,A3
77.827,50.099,33.062,0.21,14.469,8.519,70.432,33.062,8.864,27.506,13.0,4.963,6.864,66.321,6.074,33.469,A3
33.469,33.062,20.16,0.21,52.481,49.691,26.074,0.21,69.346,0.21,13.0,14.469,11.296,16.84,29.556,11.296,A3
55.642,16.42,33.469,0.21,80.988,8.519,10.877,13.099,15.333,21.963,23.235,4.543,37.901,12.679,13.901,11.296,A3
11.296,0.21,6.444,44.556,14.049,8.111,11.296,19.753,20.963,16.84,17.704,9.716,15.321,12.679,1.753,7.185,A3
11.296,100.0,46.358,44.556,23.556,49.691,3.901,66.321,27.42,55.235,43.296,4.963,33.469,8.111,13.901,29.778,A3
33.469,33.469,33.062,55.642,33.062,8.519,26.074,26.407,63.296,16.84,33.062,23.963,11.296,8.519,1.753,14.988,A3
33.062,50.099,59.667,33.469,14.049,16.42,33.062,6.864,27.42,22.383,23.235,37.802,33.469,33.469,13.901,14.988,A3
10.877,0.21,19.753,11.296,14.469,58.42,18.272,26.407,51.617,5.333,7.469,9.296,15.728,0.21,41.296,3.494,A3
11.296,0.21,33.469,44.148,14.469,8.519,18.691,13.099,27.42,0.21,2.765,0.21,2.012,33.469,9.988,10.877,A3
11.296,16.84,33.469,88.494,33.469,24.741,3.901,39.704,27.012,21.963,33.469,28.309,6.864,8.519,13.901,36.753,A3
11.296,66.741,19.753,33.469,4.963,25.16,3.901,19.753,33.469,5.753,48.827,14.469,20.16,45.531,37.383,11.296,A3
33.062,99.58,19.753,21.963,42.975,41.37,11.296,40.123,15.333,61.198,28.358,28.309,29.037,41.37,29.148,3.901,A3
55.642,33.062,20.16,10.877,33.469,66.741,77.827,33.062,39.099,0.21,68.877,19.21,6.864,8.519,5.667,0.21,A3
37.675,53.25,62.6,37.675,6.85,29.875,37.675,25.2,49.0,37.675,42.475,33.55,62.05,28.55,56.0,48.05,B1
100.0,100.0,124.375,37.675,6.85,86.975,149.3,105.675,69.975,24.65,71.225,6.85,25.2,18.2,10.0,3.875,B1
86.975,86.975,49.575,6.5,6.85,76.625,100.0,12.2,15.0,86.975,43.825,33.225,25.2,16.875,45.0,16.9,B1
24.65,40.225,25.2,6.5,33.55,16.875,3.875,86.975,52.975,71.4,42.475,59.925,12.2,28.55,67.0,14.275,B1
100.0,86.975,49.575,180.475,6.85,53.25,58.45,6.5,36.0,9.075,15.075,59.925,49.575,29.875,53.975,6.5,B1
100.0,180.475,25.2,6.5,33.55,6.5,58.45,62.6,66.0,53.25,101.375,46.575,62.6,29.875,32.0,37.675,B1
100.0,53.25,124.375,6.5,140.4,16.875,45.425,6.5,19.0,102.575,28.075,33.225,12.75,86.975,34.0,48.05,B1
100.0,100.0,62.6,55.825,113.7,29.875,170.075,6.5,36.0,6.5,0.675,20.2,37.125,29.875,1.0,3.875,B1
100.0,40.225,62.6,24.65,19.875,53.25,58.45,25.2,2.0,37.675,0.675,33.55,24.65,28.55,12.0,3.875,B1
24.65,6.5,62.6,86.975,46.575,16.875,3.875,25.2,120.975,6.5,13.7,86.975,12.75,51.925,1.0,6.5,B1
24.65,6.5,100.0,37.675,46.575,6.5,16.9,30.9,49.0,24.65,29.45,6.85,12.75,28.55,42.975,14.275,B1
149.3,40.225,12.2,55.825,19.875,6.5,58.45,30.9,49.0,55.825,15.075,33.225,12.2,6.5,21.0,6.5,B1
100.0,100.0,12.2,37.675,73.3,76.625,24.65,30.9,32.0,9.075,15.075,33.55,25.2,29.875,34.0,24.65,B1
100.0,53.25,62.6,86.975,33.55,40.225,3.875,49.575,32.0,9.075,71.225,73.3,62.6,29.875,10.0,6.5,B1
37.675,53.25,25.2,24.65,60.275,6.5,3.875,6.5,2.0,53.25,28.075,19.875,49.575,18.2,1.0,86.975,B1
24.65,6.5,12.2,55.825,46.575,40.225,58.45,12.2,32.0,22.1,13.7,73.3,12.2,6.5,21.0,27.275,B1
149.3,40.225,62.6,37.675,6.85,29.875,3.875,100.0,69.975,37.675,28.075,86.975,37.125,76.625,34.0,27.275,B1
149.3,86.975,12.2,37.675,6.85,110.35,45.425,25.2,66.0,55.825,72.6,33.55,74.525,64.95,34.0,66.2,B1
37.675,53.25,86.975,37.675,6.85,40.225,37.675,30.9,15.0,9.075,0.675,19.875,24.65,6.5,10.0,27.275,B1
100.0,53.25,25.2,37.675,33.55,16.875,37.675,6.5,49.0,6.5,13.7,46.575,37.125,40.225,67.0,27.275,B1
37.675,40.225,25.2,68.825,113.7,53.25,3.875,25.2,52.975,24.65,56.85,19.875,37.675,6.5,10.0,6.5,B1
24.65,133.725,62.6,6.5,140.4,16.875,24.65,43.9,69.975,6.5,42.475,73.3,37.675,64.95,12.0,14.275,B1
37.675,53.25,62.6,6.5,19.875,6.5,58.45,25.2,83.0,133.725,42.475,33.225,12.75,29.875,34.0,3.875,B1
149.3,53.25,12.2,6.5,33.55,29.875,58.45,25.2,83.0,6.5,85.625,73.3,37.675,51.925,53.975,6.5,B1
100.0,40.225,100.0,6.5,60.275,53.25,24.65,49.575,36.0,53.25,0.675,33.225,62.6,6.5,75.975,6.5,B1
37.675,100.0,12.2,55.825,19.875,76.625,24.65,30.9,66.0,22.1,0.675,100.35,12.75,40.225,34.0,3.875,B1
24.65,40.225,62.6,86.975,33.55,53.25,100.0,30.9,15.0,40.225,29.45,33.225,74.525,16.875,10.0,16.9,B1
37.675,86.975,100.0,37.675,46.575,40.225,58.45,43.9,36.0,40.225,28.075,6.85,12.75,40.225,23.0,3.875,B1
100.0,40.225,62.6,149.3,46.575,110.35,45.425,25.2,2.0,37.675,101.375,33.55,87.525,5.175,10.0,55.825,B1
24.65,6.5,12.2,24.65,86.975,6.5,3.875,124.375,2.0,68.825,29.45,20.2,24.65,28.55,12.0,16.9,B1
100.0,40.225,25.2,37.675,19.875,53.25,24.65,12.2,32.0,37.675,42.475,33.55,25.2,5.175,21.0,6.5,B1
100.0,53.25,62.6,24.65,6.85,29.875,128.525,43.9,2.0,22.1,0.675,86.975,62.05,40.225,1.0,45.425,B1
336.3,86.975,25.2,68.825,6.85,53.25,37.675,68.275,19.0,22.1,13.7,46.925,49.575,53.25,21.0,14.275,B1
24.65,53.25,62.6,6.5,73.3,40.225,100.0,12.2,2.0,53.25,0.675,6.5,0.275,40.225,12.0,118.15,B1
24.65,6.5,100.0,24.65,19.875,16.875,24.65,30.9,15.0,24.65,56.85,33.55,50.15,29.875,64.975,97.375,B1
100.0,53.25,12.2,6.5,73.3,6.5,128.525,25.2,2.0,68.825,115.75,6.85,24.65,5.175,42.975,16.9,B1
24.65,6.5,100.0,37.675,73.3,16.875,66.2,43.9,32.0,37.675,28.075,6.85,37.675,53.25,53.975,16.9,B1
100.0,100.0,62.6,55.825,6.85,29.875,107.75,12.2,49.0,53.25,13.7,19.875,12.75,29.875,34.0,16.9,B1
37.675,100.0,62.6,55.825,86.975,29.875,24.65,25.2,32.0,53.25,56.85,33.55,75.075,75.3,1.0,24.65,B1
37.675,40.225,49.575,68.825,46.575,6.5,58.45,30.9,32.0,55.825,42.475,46.575,24.65,29.875,42.975,6.5,B1
86.975,100.0,25.2,118.15,46.575,29.875,79.225,25.2,49.0,9.075,28.075,73.3,25.2,122.05,42.975,14.275,B1
273.975,40.225,124.375,68.825,33.55,40.225,86.975,25.2,66.0,22.1,15.075,46.575,50.15,40.225,10.0,3.875,B1
273.975,133.725,62.6,6.5,33.55,29.875,107.75,105.675,49.0,84.425,130.125,19.875,62.05,53.25,23.0,3.875,B1
24.65,53.25,86.975,37.675,19.875,110.35,3.875,12.2,66.0,6.5,0.675,6.85,37.675,29.875,34.0,27.275,B1
100.0,53.25,49.575,24.65,19.875,40.225,16.9,25.2,15.0,68.825,0.675,20.2,25.2,40.225,45.0,48.05,B1
86.975,53.25,86.975,68.825,46.575,40.225,24.65,43.9,36.0,68.825,42.475,46.575,50.15,6.5,141.975,24.65,B1
100.0,53.25,100.0,68.825,86.975,6.5,58.45,25.2,49.0,9.075,13.7,33.55,75.075,29.875,45.0,48.05,B1
37.675,40.225,25.2,24.65,33.55,100.0,37.675,30.9,49.0,37.675,0.675,46.925,0.275,16.875,21.0,16.9,B1
86.975,100.0,25.2,6.5,6.85,29.875,24.65,81.3,2.0,40.225,15.075,6.85,25.2,16.875,34.0,27.275,B1
100.0,100.0,12.2,6.5,6.85,29.875,66.2,43.9,120.975,9.075,56.85,113.7,62.6,5.175,32.0,16.9,B1
24.65,6.5,25.2,6.5,6.85,29.875,16.9,43.9,52.975,9.075,0.675,20.2,49.575,41.575,10.0,66.2,B1
24.65,53.25,25.2,86.975,46.575,76.625,58.45,30.9,69.975,71.4,115.75,6.85,50.15,41.575,56.0,6.5,B1
37.675,53.25,12.2,55.825,113.7,76.625,107.75,68.275,15.0,22.1,28.075,19.875,37.675,5.175,45.0,45.425,B1
86.975,53.25,124.375,149.3,46.575,63.6,16.9,6.5,2.0,6.5,42.475,33.55,12.2,18.2,42.975,68.825,B1
37.675,100.0,86.975,55.825,86.975,29.875,58.45,6.5,15.0,22.1,58.225,46.925,37.675,16.875,1.0,6.5,B1
24.65,40.225,311.375,55.825,19.875,29.875,16.9,49.575,52.975,37.675,42.475,59.925,12.2,51.925,12.0,16.9,B1
100.0,6.5,62.6,6.5,113.7,16.875,66.2,124.375,19.0,9.075,15.075,86.975,49.575,6.5,75.975,6.5,B1
37.675,40.225,12.2,242.8,60.275,6.5,16.9,30.9,32.0,6.5,85.625,19.875,37.675,5.175,12.0,35.05,B1
100.0,6.5,100.0,37.675,73.3,40.225,45.425,30.9,86.975,71.4,43.825,33.225,25.2,5.175,1.0,14.275,B1
37.675,53.25,124.375,24.65,86.975,53.25,58.45,6.5,15.0,22.1,28.075,20.2,37.675,6.5,10.0,35.05,B1
100.0,86.975,25.2,68.825,46.575,110.35,79.225,6.5,100.0,55.825,72.6,59.925,12.75,41.575,64.975,27.275,B1
100.0,100.0,62.6,149.3,73.3,53.25,45.425,49.575,49.0,53.25,56.85,73.3,37.675,18.2,1.0,55.825,B1
37.675,53.25,100.0,86.975,6.85,29.875,37.675,25.2,66.0,37.675,56.85,19.875,50.15,41.575,23.0,14.275,B1
100.0,100.0,100.0,68.825,60.275,29.875,24.65,81.3,19.0,53.25,15.075,19.875,25.2,29.875,21.0,48.05,B1
100.0,40.225,100.0,37.675,46.575,6.5,3.875,62.6,49.0,6.5,43.825,19.875,75.075,40.225,100.0,3.875,B1
100.0,6.5,25.2,68.825,46.575,63.6,58.45,6.5,83.0,84.425,0.675,73.625,37.675,41.575,10.0,35.05,B1
37.675,40.225,25.2,68.825,19.875,6.5,37.675,25.2,2.0,37.675,28.075,20.2,50.15,28.55,1.0,16.9,B1
86.975,100.0,25.2,149.3,46.575,110.35,37.675,25.2,83.0,71.4,56.85,19.875,75.075,6.5,23.0,37.675,B1
37.675,6.5,100.0,24.65,86.975,100.0,16.9,25.2,2.0,22.1,72.6,6.5,0.275,18.2,1.0,16.9,B1
24.65,100.0,86.975,24.65,60.275,76.625,16.9,49.575,15.0,9.075,71.225,60.275,0.275,53.25,10.0,58.45,B1
37.675,53.25,199.175,68.825,86.975,53.25,58.45,105.675,69.975,53.25,43.825,86.975,12.2,5.175,42.975,3.875,B1
86.975,6.5,25.2,68.825,73.3,29.875,211.65,43.9,32.0,6.5,43.825,6.5,12.2,63.6,32.0,16.9,B1
37.675,40.225,12.2,6.5,33.55,53.25,24.65,6.5,52.975,53.25,28.075,46.575,25.2,6.5,34.0,68.825,B1
24.65,40.225,49.575,6.5,73.3,6.5,37.675,30.9,36.0,24.65,42.475,20.2,12.2,18.2,78.0,3.875,B1
24.65,40.225,25.2,24.65,86.975,16.875,24.65,12.2,19.0,68.825,13.7,19.875,37.675,18.2,32.0,16.9,B1
37.675,86.975,25.2,6.5,167.125,76.625,16.9,81.3,36.0,71.4,28.075,19.875,37.675,75.3,32.0,66.2,B1
37.675,6.5,124.375,24.65,113.7,29.875,16.9,81.3,15.0,53.25,58.225,19.875,25.2,53.25,1.0,27.275,B1
100.0,100.0,49.575,37.675,33.55,16.875,58.45,62.6,100.0,9.075,13.7,6.5,25.2,18.2,42.975,24.65,B1
37.675,6.5,100.0,68.825,60.275,110.35,37.675,161.775,19.0,24.65,29.45,113.7,62.6,6.5,12.0,3.875,B1
149.3,86.975,25.2,100.0,140.4,40.225,24.65,81.3,15.0,37.675,13.7,86.65,24.65,5.175,1.0,16.9,B1
37.675,100.0,100.0,24.65,60.275,76.625,37.675,6.5,19.0,37.675,13.7,19.875,124.375,41.575,10.0,76.6,B1
37.675,53.25,86.975,55.825,60.275,29.875,37.675,43.9,69.975,24.65,15.075,20.2,12.75,64.95,56.0,6.5,B1
149.3,100.0,25.2,6.5,73.3,6.5,3.875,25.2,49.0,22.1,13.7,33.55,0.275,6.5,32.0,45.425,B1
24.65,53.25,62.6,6.5,60.275,29.875,190.875,49.575,32.0,22.1,58.225,33.55,49.575,5.175,10.0,97.375,B1
100.0,6.5,62.6,55.825,113.7,63.6,58.45,6.5,2.0,68.825,29.45,33.225,25.2,16.875,10.0,37.675,B1
100.0,53.25,86.975,118.15,46.575,53.25,100.0,62.6,137.975,40.225,43.825,20.2,50.15,16.875,64.975,37.675,B1
211.65,6.5,49.575,68.825,46.575,6.5,58.45,124.375,36.0,53.25,56.85,6.85,49.575,18.2,10.0,66.2,B1
100.0,53.25,124.375,55.825,100.0,16.875,66.2,30.9,66.0,37.675,158.9,60.275,24.65,63.6,1.0,68.825,B1
24.65,6.5,86.975,86.975,46.575,16.875,58.45,161.775,15.0,68.825,13.7,6.85,37.125,40.225,12.0,16.9,B1
149.3,6.5,86.975,100.0,46.575,16.875,149.3,68.275,49.0,9.075,15.075,33.55,49.575,51.925,42.975,14.275,B1
37.675,100.0,12.2,37.675,19.875,53.25,24.65,6.5,2.0,53.25,0.675,73.625,49.575,86.975,23.0,48.05,B1
149.3,86.975,124.375,24.65,19.875,6.5,58.45,43.9,19.0,55.825,115.75,33.225,50.15,5.175,12.0,6.5,B1
37.675,53.25,100.0,55.825,33.55,29.875,100.0,62.6,32.0,9.075,28.075,6.5,12.75,6.5,45.0,14.275,B1
100.0,40.225,86.975,24.65,46.575,6.5,16.9,49.575,66.0,6.5,0.675,33.55,24.65,41.575,53.975,24.65,B1
37.675,53.25,100.0,6.5,46.575,110.35,3.875,49.575,32.0,22.1,28.075,20.2,24.65,64.95,89.0,16.9,B1
37.675,133.725,62.6,55.825,60.275,86.975,37.675,30.9,36.0,102.575,15.075,33.55,0.275,40.225,10.0,24.65,B1
24.65,40.225,62.6,6.5,19.875,16.875,45.425,62.6,19.0,9.075,28.075,19.875,37.125,16.875,23.0,3.875,B1
24.65,86.975,161.775,6.5,60.275,29.875,16.9,6.5,52.975,22.1,15.075,19.875,62.05,16.875,42.975,3.875,B1
100.0,53.25,25.2,180.475,6.85,29.875,128.525,49.575,49.0,37.675,15.075,20.2,24.65,18.2,10.0,27.275,B1
37.675,100.0,62.6,37.675,19.875,16.875,66.2,6.5,36.0,6.5,29.45,20.2,24.65,16.875,10.0,35.05,B1
52.706,77.324,43.265,41.853,39.206,11.324,57.618,29.059,22.618,41.853,30.941,39.206,22.941,37.941,8.206,57.618,B2
5.412,29.059,126.971,29.059,18.941,100.0,10.324,98.618,3.176,65.5,74.588,8.794,14.882,37.941,0.147,18.206,B2
183.735,6.382,13.5,41.853,59.471,41.853,21.176,43.265,41.853,89.147,23.618,59.471,4.029,20.206,24.882,18.206,B2
100.0,6.382,100.0,18.206,264.794,64.529,21.176,126.971,9.735,89.147,12.706,49.324,5.412,15.265,25.176,21.176,B2
136.441,41.853,70.235,5.412,41.853,41.853,10.324,56.059,28.971,29.059,23.618,62.118,52.706,77.324,16.824,112.794,B2
41.853,64.529,14.882,5.412,59.471,46.794,57.618,14.882,9.735,41.853,63.676,29.059,4.029,2.471,8.471,10.324,B2
52.706,29.059,14.882,5.412,21.588,59.588,84.235,56.059,87.118,100.971,78.176,29.059,32.412,24.118,8.471,21.176,B2
100.0,6.382,155.353,18.206,82.382,64.529,5.412,0.706,22.618,41.853,34.529,49.324,32.412,15.265,8.471,21.176,B2
100.0,100.0,41.853,52.706,163.471,41.853,10.324,29.059,3.176,30.029,9.118,21.588,24.353,33.0,0.147,13.294,B2
100.0,41.853,126.971,65.5,204.0,11.324,73.382,71.618,28.971,17.235,118.265,39.206,32.412,6.382,0.147,33.971,B2
41.853,29.059,155.353,18.206,163.471,41.853,21.176,84.412,61.324,5.412,12.706,29.059,41.853,15.265,66.618,36.941,B2
5.412,77.324,14.882,18.206,82.382,64.529,57.618,41.853,35.529,5.412,30.941,69.588,13.5,2.471,41.588,29.059,B2
5.412,64.529,14.882,89.147,79.735,41.853,73.382,0.706,16.059,52.706,45.441,31.735,71.618,20.206,8.471,65.5,B2
5.412,148.265,155.353,41.853,18.941,29.059,5.412,27.676,16.059,5.412,30.941,8.794,13.5,24.118,33.529,128.559,B2
100.0,6.382,14.882,52.706,1.324,46.794,100.0,43.265,61.324,41.853,1.794,1.324,33.794,50.735,58.265,21.176,B2
41.853,77.324,43.265,136.441,79.735,41.853,10.324,13.5,3.176,30.029,34.529,21.588,14.882,24.118,0.147,18.206,B2
100.0,148.265,13.5,18.206,1.324,59.588,57.618,29.059,48.412,18.206,34.529,18.941,32.412,59.588,49.941,5.412,B2
183.735,29.059,98.618,100.0,18.941,41.853,5.412,29.059,87.118,76.353,34.529,18.941,51.324,20.206,8.206,10.324,B2
89.147,29.059,41.853,112.794,39.206,29.059,68.471,57.441,61.324,41.853,34.529,11.471,14.882,37.941,8.206,10.324,B2
52.706,100.0,41.853,52.706,21.588,59.588,5.412,43.265,74.206,52.706,41.853,1.324,24.353,41.853,49.941,33.971,B2
100.0,77.324,14.882,29.059,21.588,6.382,36.941,43.265,28.971,77.324,45.441,62.118,24.353,20.206,16.559,26.088,B2
52.706,6.382,70.235,254.647,39.206,77.324,57.618,14.882,48.412,76.353,78.176,59.471,51.324,11.324,8.206,10.324,B2
5.412,29.059,14.882,52.706,79.735,59.588,10.324,43.265,35.529,5.412,67.265,92.529,14.882,11.324,50.206,21.176,B2
100.0,29.059,41.853,52.706,39.206,6.382,36.941,57.441,48.412,6.382,30.941,18.941,70.235,2.471,91.647,10.324,B2
183.735,64.529,98.618,18.206,18.941,29.059,52.706,13.5,48.412,65.5,20.029,39.206,22.941,29.059,33.529,13.294,B2
52.706,77.324,71.618,29.059,79.735,6.382,36.941,0.706,41.853,5.412,9.118,29.059,14.882,2.471,33.529,13.294,B2
52.706,41.853,14.882,89.147,39.206,6.382,36.941,29.059,61.324,41.853,78.176,29.059,71.618,33.0,16.824,2.471,B2
41.853,64.529,43.265,52.706,79.735,6.382,36.941,70.235,48.412,6.382,41.853,1.324,4.029,2.471,16.559,13.294,B2
41.853,29.059,71.618,41.853,82.382,6.382,36.941,43.265,9.735,17.235,85.5,52.0,60.765,29.059,58.265,57.618,B2
100.0,41.853,100.0,76.353,41.853,64.529,5.412,29.059,16.059,77.324,45.441,41.853,41.853,6.382,16.559,21.176,B2
41.853,6.382,41.853,18.206,21.588,11.324,57.618,0.706,93.441,65.5,20.029,1.324,5.412,37.941,33.235,10.324,B2
100.0,64.529,126.971,41.853,18.941,46.794,57.618,29.059,22.618,17.235,67.265,11.471,5.412,103.941,33.235,76.353,B2
41.853,29.059,14.882,5.412,79.735,11.324,36.941,14.882,61.324,64.529,23.618,49.324,4.029,11.324,91.941,29.059,B2
100.0,41.853,70.235,76.353,21.588,95.059,26.088,29.059,9.735,30.029,34.529,39.206,51.324,20.206,58.265,52.706,B2
100.0,77.324,14.882,29.059,39.206,95.059,100.0,29.059,16.059,40.882,45.441,102.647,5.412,77.324,16.824,18.206,B2
41.853,29.059,98.618,5.412,143.206,11.324,73.382,41.853,87.118,5.412,9.118,62.118,22.941,24.118,58.559,36.941,B2
5.412,100.0,13.5,112.794,18.941,11.324,21.176,43.265,196.618,76.353,52.765,18.941,22.941,6.382,8.471,29.059,B2
89.147,219.176,41.853,112.794,1.324,46.794,100.0,27.676,35.529,40.882,78.176,1.324,14.882,20.206,41.853,29.059,B2
372.882,64.529,43.265,29.059,41.853,59.588,68.471,70.235,3.176,40.882,20.029,72.265,71.618,20.206,8.471,33.971,B2
100.0,41.853,183.735,41.853,1.324,24.118,41.853,141.176,35.529,18.206,23.618,122.941,24.353,24.118,25.176,18.206,B2
5.412,100.0,13.5,65.5,59.471,41.853,68.471,29.059,61.324,40.882,20.029,1.324,89.147,46.794,24.882,13.294,B2
52.706,6.382,71.618,100.0,18.941,11.324,84.235,41.853,16.059,30.029,30.941,69.588,22.941,2.471,66.618,18.206,B2
52.706,6.382,126.971,136.441,62.118,41.853,57.618,43.265,61.324,52.706,12.706,18.941,22.941,15.265,33.235,52.706,B2
231.0,29.059,14.882,18.206,21.588,100.0,10.324,27.676,35.529,65.5,67.265,18.941,52.706,29.059,25.176,5.412,B2
100.0,64.529,41.853,5.412,18.941,6.382,57.618,71.618,35.529,41.853,63.676,11.471,5.412,41.853,8.206,5.412,B2
89.147,100.0,13.5,5.412,39.206,95.059,57.618,27.676,22.618,41.853,12.706,29.059,32.412,11.324,24.882,73.382,B2
514.735,64.529,13.5,89.147,122.941,46.794,57.618,13.5,22.618,148.265,12.706,72.265,14.882,59.588,16.824,2.471,B2
89.147,64.529,14.882,5.412,41.853,29.059,10.324,141.176,48.412,17.235,52.765,39.206,43.265,37.941,16.824,13.294,B2
52.706,6.382,43.265,52.706,1.324,11.324,10.324,56.059,35.529,5.412,45.441,72.265,4.029,33.0,33.235,26.088,B2
41.853,6.382,71.618,18.206,39.206,82.265,68.471,70.235,61.324,65.5,67.265,49.324,22.941,15.265,25.176,36.941,B2
183.735,219.176,41.853,100.0,21.588,29.059,5.412,41.853,106.353,30.029,34.529,59.471,41.853,33.0,49.941,41.853,B2
100.0,6.382,13.5,76.353,39.206,11.324,21.176,29.059,35.529,77.324,12.706,89.853,43.265,20.206,16.559,44.824,B2
89.147,29.059,41.853,76.353,21.588,46.794,68.471,27.676,106.353,17.235,1.794,11.471,98.618,11.324,24.882,57.618,B2
52.706,100.0,41.853,76.353,18.941,11.324,41.853,41.853,22.618,89.147,23.618,21.588,5.412,2.471,25.176,5.412,B2
136.441,77.324,100.0,52.706,62.118,100.0,26.088,14.882,22.618,29.059,67.265,11.471,41.853,46.794,0.147,52.706,B2
100.0,64.529,43.265,76.353,18.941,24.118,36.941,13.5,54.765,76.353,1.794,31.735,13.5,20.206,16.559,57.618,B2
5.412,41.853,100.0,5.412,39.206,6.382,10.324,29.059,41.853,30.029,52.765,18.941,13.5,11.324,41.853,21.176,B2
183.735,6.382,98.618,76.353,39.206,29.059,57.618,0.706,106.353,52.706,41.853,8.794,33.794,46.794,16.559,29.059,B2
100.0,64.529,126.971,65.5,1.324,11.324,36.941,43.265,74.206,18.206,9.118,21.588,24.353,112.794,33.529,5.412,B2
89.147,29.059,14.882,52.706,41.853,29.059,26.088,27.676,35.529,77.324,20.029,18.941,62.176,2.471,33.529,49.735,B2
100.0,64.529,43.265,29.059,41.853,59.588,68.471,29.059,28.971,76.353,23.618,62.118,4.029,29.059,8.206,18.206,B2
100.0,29.059,13.5,52.706,18.941,130.529,68.471,29.059,41.853,6.382,45.441,29.059,33.794,55.676,33.529,13.294,B2
52.706,183.735,14.882,76.353,1.324,64.529,5.412,0.706,35.529,18.206,9.118,41.853,24.353,41.853,33.529,36.941,B2
5.412,100.0,71.618,29.059,21.588,95.059,5.412,57.441,74.206,52.706,12.706,18.941,43.265,55.676,16.824,21.176,B2
5.412,100.0,41.853,112.794,21.588,64.529,5.412,13.5,9.735,64.529,34.529,62.118,5.412,50.735,0.147,41.853,B2
5.412,29.059,14.882,18.206,59.471,29.059,104.912,98.618,54.765,40.882,56.353,11.471,52.706,20.206,0.147,21.176,B2
136.441,112.794,43.265,29.059,1.324,77.324,57.618,14.882,22.618,18.206,23.618,31.735,52.706,46.794,41.853,81.265,B2
5.412,100.0,71.618,41.853,18.941,24.118,104.912,14.882,74.206,17.235,9.118,39.206,108.059,6.382,33.235,29.059,B2
136.441,148.265,41.853,18.206,18.941,41.853,57.618,126.971,80.559,5.412,20.029,59.471,5.412,33.0,25.176,10.324,B2
136.441,100.0,14.882,136.441,39.206,6.382,21.176,70.235,41.853,52.706,23.618,8.794,43.265,2.471,41.588,65.5,B2
5.412,77.324,41.853,18.206,59.471,41.853,26.088,41.853,35.529,53.676,34.529,21.588,14.882,59.588,8.206,13.294,B2
5.412,100.0,71.618,136.441,41.853,6.382,68.471,100.0,67.647,64.529,67.265,31.735,70.235,2.471,0.147,41.853,B2
136.441,100.0,41.853,89.147,39.206,82.265,68.471,27.676,61.324,5.412,9.118,41.853,62.176,37.941,33.529,13.294,B2
52.706,183.735,43.265,65.5,18.941,46.794,57.618,84.412,48.412,5.412,45.441,11.471,14.882,59.588,91.647,76.353,B2
52.706,64.529,14.882,52.706,41.853,29.059,120.676,27.676,41.853,53.676,23.618,49.324,98.618,15.265,8.206,44.824,B2
52.706,112.794,70.235,65.5,18.941,95.059,5.412,70.235,9.735,18.206,41.853,52.0,51.324,73.412,50.206,57.618,B2
5.412,64.529,126.971,76.353,41.853,46.794,52.706,14.882,16.059,53.676,34.529,29.059,89.147,6.382,25.176,36.941,B2
89.147,41.853,14.882,29.059,39.206,46.794,52.706,27.676,22.618,18.206,45.441,21.588,52.706,68.471,33.235,13.294,B2
52.706,64.529,43.265,29.059,41.853,6.382,5.412,14.882,67.647,65.5,1.794,18.941,5.412,11.324,58.265,97.029,B2
100.0,64.529,43.265,100.0,100.0,11.324,26.088,71.618,35.529,124.618,9.118,18.941,4.029,37.941,16.824,36.941,B2
41.853,64.529,71.618,18.206,59.471,130.529,41.853,13.5,3.176,53.676,34.529,39.206,14.882,55.676,50.206,65.5,B2
5.412,6.382,71.618,41.853,59.471,112.794,36.941,27.676,87.118,6.382,78.176,11.471,60.765,15.265,8.471,21.176,B2
89.147,148.265,98.618,207.382,21.588,59.588,21.176,29.059,41.853,17.235,23.618,62.118,22.941,41.853,66.912,60.588,B2
52.706,29.059,13.5,76.353,59.471,82.265,278.294,27.676,16.059,17.235,23.618,31.735,33.794,20.206,24.882,18.206,B2
41.853,148.265,71.618,100.0,39.206,6.382,5.412,70.235,3.176,29.059,1.794,18.941,4.029,15.265,16.559,41.853,B2
100.0,112.794,43.265,5.412,21.588,82.265,21.176,57.441,80.559,52.706,34.529,18.941,24.353,15.265,33.235,36.941,B2
52.706,77.324,98.618,52.706,21.588,82.265,36.941,41.853,41.853,17.235,67.265,39.206,155.353,29.059,58.265,29.059,B2
52.706,64.529,14.882,65.5,18.941,41.853,52.706,29.059,41.853,17.235,45.441,59.471,32.412,33.0,8.206,21.176,B2
52.706,64.529,71.618,52.706,1.324,29.059,36.941,29.059,16.059,18.206,20.029,29.059,89.147,33.0,8.471,29.059,B2
136.441,148.265,13.5,5.412,21.588,11.324,68.471,41.853,80.559,18.206,63.676,29.059,5.412,20.206,58.559,13.294,B2
5.412,6.382,71.618,29.059,59.471,29.059,5.412,57.441,61.324,6.382,34.529,41.853,14.882,37.941,33.529,76.353,B2
52.706,6.382,14.882,18.206,39.206,11.324,21.176,13.5,41.853,6.382,56.353,62.118,4.029,37.941,24.882,76.353,B2
100.0,29.059,71.618,52.706,62.118,6.382,68.471,0.706,61.324,17.235,23.618,39.206,89.147,29.059,16.824,29.059,B2
100.0,64.529,14.882,41.853,1.324,82.265,52.706,14.882,22.618,17.235,41.853,29.059,32.412,68.471,16.559,21.176,B2
52.706,6.382,155.353,18.206,59.471,64.529,167.971,85.824,22.618,65.5,63.676,1.324,14.882,2.471,16.559,18.206,B2
89.147,64.529,13.5,41.853,21.588,11.324,89.147,27.676,22.618,6.382,45.441,49.324,22.941,2.471,41.588,21.176,B2
89.147,41.853,43.265,65.5,18.941,24.118,152.206,43.265,54.765,6.382,12.706,8.794,5.412,6.382,0.147,26.088,B2
52.706,77.324,43.265,5.412,79.735,29.059,100.0,43.265,48.412,88.176,45.441,18.941,13.5,24.118,58.559,57.618,B2
5.412,64.529,71.618,52.706,21.588,11.324,21.176,29.059,61.324,64.529,34.529,21.588,5.412,29.059,83.324,49.735,B2
5.412,6.382,212.088,18.206,79.735,46.794,73.382,56.059,16.059,41.853,41.853,31.735,33.794,33.0,41.853,21.176,B2
100.0,37.564,17.462,31.205,57.231,48.41,23.564,3.692,87.487,19.744,37.564,1.744,10.051,28.974,43.359,23.564,C
54.154,31.205,65.077,31.205,17.923,31.205,37.564,37.564,37.564,26.103,16.41,27.744,0.872,5.41,37.564,38.872,C
8.282,65.615,37.564,54.154,60.692,37.564,52.846,65.077,0.051,14.641,16.41,21.385,26.641,46.154,19.077,8.282,C
8.282,3.179,17.462,106.359,1.744,106.359,22.282,72.487,24.974,26.103,58.718,21.385,28.385,74.205,35.256,31.205,C
37.564,31.205,100.0,54.154,60.692,14.026,8.282,3.692,24.974,54.154,4.769,21.385,35.795,14.026,5.205,69.436,C
83.41,3.179,44.974,77.077,76.872,14.026,37.564,10.051,25.051,54.154,5.821,11.564,37.564,54.769,10.974,60.487,C
54.154,37.564,92.59,37.564,1.744,54.769,7.0,44.974,62.487,8.282,47.103,27.744,10.051,57.0,21.385,15.923,C
175.128,31.205,175.128,77.077,80.359,14.026,54.154,58.718,12.564,14.641,37.564,50.872,0.872,22.615,21.385,31.205,C
54.154,209.513,17.462,83.41,21.385,65.615,23.564,10.051,12.462,26.103,79.897,41.051,26.641,28.974,13.282,31.205,C
100.0,65.615,44.974,14.641,17.923,48.41,38.872,78.846,12.462,49.026,5.821,17.923,28.385,22.615,61.846,38.872,C
54.154,65.615,17.462,8.282,21.385,20.359,23.564,37.564,50.077,37.564,15.333,21.385,46.744,39.821,10.974,38.872,C
100.0,106.359,17.462,14.641,1.744,3.179,7.0,17.462,50.077,3.179,15.333,17.923,46.744,22.615,19.077,52.846,C
100.0,31.205,17.462,54.154,60.692,14.026,68.128,120.103,25.051,8.282,57.667,96.513,0.872,28.974,29.487,8.282,C
54.154,31.205,120.103,8.282,1.744,37.564,69.436,31.205,0.051,49.026,36.513,50.872,46.744,14.026,5.205,22.282,C
83.41,65.615,10.051,31.205,80.359,140.744,22.282,3.692,12.462,26.103,25.923,37.564,0.872,46.154,13.282,29.923,C
54.154,3.179,65.077,31.205,1.744,3.179,38.872,3.692,49.974,49.026,36.513,17.923,37.564,20.359,5.205,7.0,C
8.282,65.615,17.462,77.077,37.564,14.026,38.872,44.974,12.462,3.179,5.821,47.385,138.462,89.154,45.667,14.641,C
8.282,65.615,65.077,31.205,116.179,20.359,8.282,92.59,100.103,8.282,15.333,8.077,26.641,46.154,51.436,8.282,C
54.154,175.128,17.462,60.487,60.692,3.179,22.282,78.846,62.59,26.103,5.821,37.564,28.385,48.41,43.359,8.282,C
221.0,31.205,17.462,14.641,17.923,65.615,68.128,31.205,24.974,42.692,4.769,50.872,26.641,28.974,59.538,38.872,C
8.282,3.179,17.462,31.205,41.051,65.615,22.282,17.462,37.462,54.154,57.667,17.923,28.385,31.205,29.487,31.205,C
8.282,65.615,44.974,31.205,41.051,20.359,8.282,44.974,25.051,31.205,5.821,11.564,35.795,57.0,2.897,29.923,C
100.0,31.205,92.59,54.154,21.385,31.205,83.41,17.462,25.051,14.641,16.41,17.923,17.462,31.205,51.436,23.564,C
129.282,37.564,17.462,31.205,37.564,48.41,23.564,37.564,37.462,14.641,25.923,1.744,0.872,63.359,10.974,77.077,C
100.0,31.205,37.564,14.641,17.923,31.205,54.154,10.051,12.462,42.692,26.974,21.385,0.872,22.615,29.487,37.564,C
37.564,3.179,17.462,8.282,1.744,20.359,7.0,44.974,49.974,14.641,16.41,47.385,26.641,80.564,10.974,8.282,C
8.282,65.615,65.077,37.564,60.692,37.564,83.41,31.205,12.564,65.615,15.333,1.744,8.282,63.359,43.359,8.282,C
100.0,31.205,92.59,37.564,37.564,14.026,175.128,51.333,37.564,42.692,48.154,8.077,28.385,5.41,10.974,46.513,C
54.154,100.0,120.103,8.282,96.513,48.41,23.564,3.692,50.077,42.692,25.923,11.564,26.641,11.769,61.846,38.872,C
37.564,31.205,147.615,221.0,80.359,65.615,38.872,58.718,37.462,8.282,101.051,1.744,37.564,39.821,29.487,0.641,C
8.282,37.564,44.974,37.564,21.385,3.179,52.846,23.821,12.564,54.154,5.821,47.385,19.231,22.615,2.897,60.487,C
37.564,100.0,65.077,106.359,37.564,20.359,37.564,17.462,24.974,83.41,36.513,57.231,37.564,39.821,43.359,23.564,C
54.154,3.179,100.0,54.154,1.744,14.026,8.282,86.231,24.974,83.41,25.923,47.385,37.564,3.179,2.897,37.564,C
100.0,100.0,17.462,31.205,1.744,140.744,83.41,17.462,49.974,77.077,4.769,8.077,35.795,22.615,13.282,45.205,C
54.154,65.615,37.564,129.282,1.744,106.359,68.128,3.692,62.59,3.179,4.769,11.564,0.872,74.205,2.897,91.077,C
54.154,3.179,120.103,83.41,57.231,48.41,54.154,58.718,12.462,54.154,58.718,11.564,28.385,5.41,10.974,37.564,C
37.564,31.205,65.077,31.205,1.744,82.795,37.564,17.462,50.077,31.205,57.667,8.077,35.795,48.41,27.179,46.513,C
37.564,100.0,44.974,243.923,57.231,3.179,23.564,17.462,12.462,8.282,37.564,1.744,17.462,22.615,27.179,23.564,C
37.564,3.179,37.564,100.0,1.744,20.359,23.564,44.974,37.462,31.205,5.821,50.872,19.231,3.179,19.077,14.641,C
54.154,3.179,44.974,77.077,41.051,14.026,7.0,10.051,12.462,31.205,36.513,11.564,10.051,39.821,19.077,37.564,C
100.0,3.179,44.974,31.205,41.051,82.795,22.282,44.974,12.564,31.205,4.769,11.564,26.641,3.179,35.256,46.513,C
54.154,37.564,65.077,106.359,41.051,14.026,22.282,120.103,24.974,54.154,5.821,17.923,0.872,39.821,13.282,61.795,C
100.0,37.564,37.564,54.154,1.744,14.026,38.872,23.821,0.051,19.744,26.974,47.385,35.795,82.795,35.256,22.282,C
8.282,175.128,147.615,83.41,57.231,14.026,7.0,37.564,100.103,49.026,47.103,11.564,54.154,20.359,5.205,60.487,C
8.282,65.615,17.462,54.154,1.744,48.41,7.0,92.59,12.564,19.744,5.821,8.077,101.769,39.821,10.974,31.205,C
8.282,3.179,120.103,37.564,41.051,89.154,22.282,23.821,24.974,14.641,47.103,27.744,19.231,3.179,35.256,60.487,C
175.128,71.949,100.0,60.487,80.359,14.026,114.0,72.487,12.564,60.487,36.513,8.077,10.051,20.359,2.897,52.846,C
221.0,37.564,92.59,8.282,17.923,20.359,129.282,58.718,87.59,100.0,48.154,50.872,0.872,22.615,43.359,0.641,C
54.154,3.179,44.974,31.205,37.564,20.359,84.718,44.974,37.462,3.179,16.41,27.744,8.282,63.359,53.744,14.641,C
83.41,3.179,10.051,14.641,41.051,89.154,38.872,3.692,25.051,8.282,15.333,11.564,0.872,11.769,59.538,0.641,C
37.564,71.949,44.974,60.487,17.923,37.564,23.564,72.487,37.564,3.179,58.718,31.205,35.795,3.179,13.282,0.641,C
100.0,31.205,37.564,31.205,21.385,65.615,54.154,23.821,12.462,26.103,4.769,41.051,28.385,37.564,29.487,14.641,C
100.0,243.923,17.462,14.641,57.231,3.179,22.282,120.103,37.462,65.615,47.103,21.385,10.051,28.974,21.385,52.846,C
37.564,106.359,17.462,54.154,41.051,100.0,8.282,51.333,37.564,26.103,68.256,31.205,8.282,20.359,43.359,0.641,C
8.282,65.615,72.487,8.282,60.692,48.41,7.0,10.051,12.462,37.564,25.923,11.564,8.282,20.359,10.974,46.513,C
54.154,31.205,17.462,83.41,57.231,3.179,23.564,17.462,24.974,83.41,4.769,60.692,35.795,89.154,5.205,23.564,C
54.154,100.0,37.564,60.487,60.692,31.205,7.0,10.051,0.051,14.641,5.821,17.923,81.667,5.41,91.897,38.872,C
83.41,31.205,37.564,37.564,41.051,3.179,23.564,23.821,37.462,129.282,4.769,21.385,0.872,3.179,86.128,61.795,C
54.154,65.615,44.974,8.282,135.821,71.949,54.154,17.462,12.462,49.026,47.103,8.077,19.231,5.41,27.179,22.282,C
100.0,65.615,65.077,14.641,41.051,100.0,23.564,10.051,49.974,3.179,26.974,47.385,28.385,39.821,19.077,37.564,C
129.282,37.564,72.487,77.077,21.385,54.769,84.718,3.692,0.051,8.282,25.923,76.872,8.282,28.974,51.436,31.205,C
54.154,31.205,10.051,31.205,41.051,37.564,23.564,92.59,24.974,8.282,5.821,41.051,0.872,65.615,110.385,61.795,C
100.0,65.615,10.051,60.487,1.744,20.359,7.0,44.974,62.487,8.282,57.667,60.692,26.641,3.179,27.179,8.282,C
37.564,71.949,65.077,14.641,1.744,37.564,7.0,3.692,37.462,77.077,36.513,31.205,17.462,65.615,59.538,38.872,C
54.154,3.179,100.0,312.692,175.128,3.179,37.564,65.077,24.974,26.103,36.513,50.872,26.641,5.41,5.205,22.282,C
54.154,31.205,10.051,8.282,41.051,37.564,84.718,10.051,37.564,3.179,25.923,8.077,0.872,28.974,43.359,52.846,C
54.154,65.615,100.0,14.641,1.744,82.795,7.0,72.487,24.974,37.564,5.821,11.564,63.308,3.179,10.974,23.564,C
83.41,3.179,10.051,37.564,21.385,20.359,52.846,17.462,37.564,8.282,15.333,17.923,101.769,39.821,10.974,23.564,C
37.564,65.615,44.974,60.487,37.564,71.949,23.564,51.333,12.462,49.026,15.333,17.923,0.872,14.026,61.846,15.923,C
37.564,3.179,17.462,83.41,21.385,54.769,37.564,23.821,0.051,3.179,15.333,21.385,44.974,31.205,35.256,54.154,C
8.282,65.615,65.077,54.154,116.179,71.949,8.282,92.59,62.487,60.487,26.974,50.872,65.077,22.615,37.564,7.0,C
37.564,100.0,100.0,54.154,41.051,48.41,54.154,58.718,0.051,37.564,90.487,1.744,26.641,22.615,35.256,22.282,C
8.282,65.615,17.462,106.359,60.692,31.205,22.282,31.205,0.051,42.692,37.564,76.872,0.872,31.205,45.667,23.564,C
54.154,140.744,17.462,77.077,21.385,48.41,8.282,3.692,62.487,3.179,5.821,50.872,65.077,65.615,19.077,38.872,C
129.282,175.128,17.462,106.359,1.744,82.795,22.282,3.692,49.974,94.897,15.333,1.744,17.462,28.974,53.744,15.923,C
83.41,65.615,120.103,54.154,76.872,65.615,8.282,44.974,62.487,14.641,5.821,41.051,17.462,11.769,29.487,38.872,C
100.0,71.949,44.974,14.641,60.692,3.179,8.282,31.205,24.974,8.282,101.051,57.231,17.462,31.205,29.487,45.205,C
83.41,31.205,17.462,31.205,1.744,3.179,68.128,72.487,12.462,49.026,26.974,86.692,65.077,3.179,2.897,60.487,C
37.564,31.205,10.051,54.154,21.385,14.026,84.718,58.718,12.462,77.077,26.974,41.051,17.462,89.154,19.077,29.923,C
100.0,140.744,100.0,31.205,96.513,71.949,54.154,65.077,12.462,8.282,69.308,60.692,54.154,37.564,94.205,31.205,C
100.0,175.128,100.0,54.154,41.051,82.795,22.282,23.821,0.051,65.615,4.769,17.923,26.641,31.205,2.897,38.872,C
54.154,37.564,92.59,14.641,96.513,14.026,38.872,51.333,0.051,65.615,15.333,41.051,28.385,28.974,86.128,15.923,C
8.282,31.205,10.051,37.564,1.744,3.179,8.282,37.564,12.564,49.026,68.256,17.923,35.795,14.026,19.077,52.846,C
54.154,100.0,37.564,14.641,17.923,65.615,22.282,44.974,37.564,37.564,47.103,1.744,65.077,11.769,10.974,8.282,C
8.282,37.564,100.0,54.154,1.744,14.026,8.282,3.692,12.564,83.41,47.103,11.564,63.308,11.769,53.744,14.641,C
100.0,65.615,10.051,37.564,76.872,14.026,8.282,3.692,0.051,83.41,37.564,41.051,19.231,22.615,21.385,45.205,C
100.0,106.359,37.564,31.205,1.744,31.205,8.282,3.692,24.974,49.026,47.103,67.051,54.154,14.026,19.077,0.641,C
54.154,65.615,65.077,60.487,96.513,20.359,38.872,31.205,25.051,8.282,78.846,50.872,8.282,22.615,61.846,52.846,C
37.564,3.179,44.974,60.487,41.051,14.026,22.282,17.462,62.59,54.154,36.513,31.205,110.923,31.205,27.179,14.641,C
8.282,100.0,44.974,31.205,76.872,14.026,38.872,92.59,87.59,26.103,26.974,47.385,26.641,5.41,37.564,75.769,C
100.0,140.744,44.974,106.359,1.744,48.41,22.282,23.821,25.051,26.103,15.333,57.231,10.051,3.179,27.179,15.923,C
100.0,100.0,72.487,54.154,37.564,20.359,54.154,10.051,37.462,42.692,15.333,50.872,17.462,22.615,67.641,31.205,C
54.154,3.179,44.974,8.282,41.051,37.564,23.564,17.462,37.462,54.154,4.769,37.564,8.282,57.0,21.385,22.282,C
54.154,31.205,65.077,106.359,17.923,20.359,38.872,37.564,37.462,60.487,68.256,8.077,92.59,3.179,37.564,37.564,C
100.0,31.205,65.077,8.282,17.923,48.41,7.0,10.051,24.974,26.103,57.667,8.077,19.231,11.769,29.487,29.923,C
83.41,3.179,92.59,60.487,41.051,54.769,22.282,10.051,37.462,14.641,48.154,27.744,65.077,89.154,45.667,22.282,C
100.0,140.744,120.103,77.077,80.359,31.205,22.282,17.462,50.077,26.103,26.974,57.231,55.897,48.41,51.436,31.205,C
54.154,3.179,65.077,31.205,21.385,37.564,114.0,92.59,25.051,65.615,36.513,41.051,35.795,28.974,29.487,46.513,C
129.282,209.513,65.077,14.641,76.872,20.359,38.872,44.974,25.051,14.641,4.769,8.077,10.051,54.769,78.026,0.641,C
54.154,3.179,44.974,106.359,76.872,20.359,54.154,58.718,37.462,8.282,26.974,31.205,37.564,20.359,27.179,29.923,C
