# percent estimate error for xds (target child; child-directed speech); TTS: 30 - 180 minutes, sampling interval size = 30 seconds
30.0,40.0,50.0,60.0,70.0,80.0,90.0,100.0,110.0,120.0,130.0,140.0,150.0,160.0,170.0,180.0,Transcript
10.49,4.642,9.97,6.915,3.061,2.658,9.591,2.903,3.847,5.091,12.494,1.995,10.225,14.193,0.686,0.97,A1
26.735,12.515,13.465,4.664,19.258,19.068,3.765,3.917,2.297,18.411,8.724,8.085,4.409,4.109,11.449,0.308,A1
0.45,20.08,12.451,7.435,3.454,4.203,2.061,14.88,0.841,8.158,3.674,15.389,7.384,10.623,5.325,4.096,A1
16.221,8.359,14.582,11.604,0.443,10.01,6.891,4.301,10.064,2.972,1.773,4.949,8.671,8.451,6.836,8.264,A1
3.386,22.437,13.218,2.818,16.363,4.642,12.338,1.07,3.072,6.618,1.215,4.611,6.938,6.227,2.724,3.007,A1
2.818,9.637,2.221,9.779,11.553,15.244,19.914,3.32,1.035,2.747,14.363,1.049,4.741,15.005,5.3,0.876,A1
3.954,40.552,31.546,20.506,3.089,11.449,4.002,18.75,30.352,5.601,10.724,9.059,7.952,7.199,2.849,7.815,A1
15.937,12.727,13.721,3.457,11.22,2.404,0.023,1.189,14.193,11.462,14.068,2.696,4.409,6.973,0.912,4.925,A1
6.796,5.494,2.894,2.51,5.192,4.322,10.727,9.637,0.648,17.216,11.675,0.197,2.789,13.98,1.671,3.41,A1
18.494,16.683,6.304,0.26,6.134,18.494,14.706,10.362,21.439,2.724,4.686,6.621,0.885,21.984,0.442,4.665,A1
14.326,10.81,3.15,3.315,13.806,12.154,10.963,21.316,11.21,23.254,4.49,17.977,4.466,2.031,9.669,6.464,A1
7.838,3.35,6.048,17.096,6.499,9.904,3.15,6.909,5.746,4.713,5.539,10.792,2.391,6.547,2.391,3.552,A1
21.052,1.338,27.71,6.275,13.197,11.302,2.533,17.471,3.747,4.771,6.195,5.525,7.071,20.732,4.848,1.966,A1
4.002,6.654,1.445,6.725,17.919,9.264,6.086,4.011,6.482,5.055,8.232,15.815,12.215,3.484,9.061,10.727,A1
8.691,5.92,1.027,10.561,18.406,28.032,0.308,7.762,8.691,2.32,1.506,10.003,4.429,13.486,4.955,1.136,A1
7.838,2.285,6.398,11.462,23.0,0.912,12.669,13.891,0.399,14.965,5.08,3.244,5.452,2.51,3.67,1.492,A1
26.545,9.543,10.396,4.38,12.04,5.748,0.876,2.212,9.582,13.202,3.211,5.253,0.735,0.367,7.212,14.777,A1
27.682,25.634,9.126,2.226,10.855,3.576,2.581,8.273,15.627,3.292,7.014,4.946,4.125,4.895,14.909,11.011,A1
18.873,27.966,7.847,3.079,6.986,4.842,18.067,5.631,6.095,6.05,7.543,11.979,8.87,5.055,6.729,1.065,A1
13.616,18.175,14.488,3.244,9.361,6.068,9.117,11.163,10.955,10.667,16.265,2.635,5.119,1.152,3.695,6.441,A1
3.15,12.953,15.937,8.146,6.045,0.42,2.866,3.201,19.579,21.798,5.707,0.471,5.338,1.192,2.793,10.988,A1
9.828,8.359,4.514,1.729,8.508,7.306,12.147,5.247,2.375,10.36,3.576,0.565,3.576,13.14,6.829,0.616,A1
25.266,9.33,24.206,2.866,4.063,2.99,20.957,19.389,6.831,6.157,1.543,6.164,9.742,14.925,0.467,6.891,A1
11.626,33.2,9.467,1.823,2.236,6.347,1.634,6.185,0.825,1.184,1.834,9.909,10.936,8.211,1.765,4.286,A1
14.09,13.58,8.273,6.014,14.11,20.839,3.008,4.045,6.809,2.972,4.002,6.59,4.38,10.596,9.587,6.606,A1
16.599,14.432,8.7,3.86,24.462,4.523,8.028,6.816,1.212,0.628,1.248,15.727,6.616,1.472,0.668,8.453,A1
5.423,14.006,4.173,21.478,8.874,15.99,2.866,19.816,8.032,18.104,6.85,1.995,0.053,1.818,9.117,6.701,A1
5.517,1.539,23.354,0.757,1.567,0.526,1.019,0.26,10.202,19.453,1.445,7.75,0.658,9.517,7.061,17.049,A1
13.047,8.371,16.116,10.206,7.595,15.884,10.301,6.27,2.081,8.785,4.162,1.323,2.647,3.324,6.077,4.167,A1
18.068,1.765,3.585,7.577,23.0,16.843,2.439,8.487,16.573,0.544,14.265,5.007,5.054,0.646,0.617,9.899,A1
20.91,6.24,5.034,16.932,20.139,6.453,6.843,8.393,7.08,25.231,7.342,2.389,3.093,4.562,2.272,17.618,A1
0.308,4.215,14.155,13.38,23.764,10.662,2.771,7.932,22.735,20.555,2.457,11.827,4.409,2.152,7.011,5.731,A1
20.72,1.752,8.435,15.937,21.755,3.936,7.459,7.123,11.171,5.707,12.298,4.827,0.223,1.951,0.918,0.071,A1
13.758,0.154,21.572,18.233,8.176,10.277,0.166,3.107,0.592,11.142,4.523,3.274,3.661,2.031,5.701,0.616,A1
0.166,12.847,8.614,2.96,8.752,6.134,0.261,5.111,8.381,10.36,13.244,9.3,8.899,7.106,4.454,7.459,A1
13.047,9.863,3.576,7.199,14.143,0.539,7.506,1.368,20.703,2.32,7.052,15.97,6.853,10.57,2.724,6.205,A1
13.047,1.658,1.368,16.883,11.099,2.777,5.564,13.635,5.84,6.014,14.26,0.836,15.227,16.164,4.322,1.919,A1
7.128,9.637,4.182,9.211,17.614,8.785,2.155,4.258,4.506,11.568,0.101,1.993,2.127,1.898,10.521,2.32,A1
20.626,15.605,2.477,3.67,16.823,32.294,15.937,9.211,3.537,5.837,6.363,10.459,1.738,3.869,2.322,2.7,A1
13.473,20.839,11.76,7.435,2.845,15.671,16.837,5.034,8.962,3.114,0.522,8.995,8.805,1.738,9.813,6.536,A1
6.512,16.883,47.82,3.173,7.689,4.949,3.813,11.291,4.506,5.375,0.756,15.3,6.134,8.798,5.632,3.221,A1
10.538,4.949,2.468,14.09,22.79,3.67,5.707,6.773,6.017,3.54,11.707,6.347,1.871,0.006,3.05,1.799,A1
5.139,27.445,3.585,7.625,14.143,12.634,3.765,3.627,7.838,8.323,9.15,13.471,4.039,12.447,0.091,2.225,A1
20.768,1.859,10.481,15.747,3.122,7.666,17.074,2.69,20.216,0.402,13.478,11.187,5.65,12.088,3.144,2.983,A1
16.363,10.503,18.75,5.446,11.675,11.023,15.747,8.87,6.831,0.154,2.719,23.457,0.962,0.5,2.523,3.694,A1
25.172,4.215,29.585,6.773,12.377,0.113,10.917,9.68,0.531,1.303,0.457,15.206,9.685,10.863,4.548,12.739,A1
19.015,6.879,1.88,5.636,4.888,5.228,2.25,15.894,9.134,15.866,2.227,2.206,6.048,3.404,1.821,2.699,A1
9.637,3.563,15.349,20.27,8.298,12.9,5.234,22.331,5.591,2.439,1.113,3.366,7.194,21.386,3.745,11.485,A1
32.134,36.396,19.091,2.747,7.932,18.175,5.659,5.673,4.39,4.664,7.281,1.14,6.418,8.505,2.473,17.973,A1
9.637,8.584,9.288,2.96,8.176,10.769,4.855,4.139,1.522,23.929,6.293,1.691,0.678,6.773,11.399,1.374,A1
1.445,0.686,23.618,20.435,7.993,11.941,8.454,0.635,4.506,3.066,3.314,2.33,3.301,10.396,10.22,5.47,A1
6.938,5.695,4.514,0.095,4.523,12.58,11.343,4.599,3.925,18.992,0.101,7.747,4.116,8.225,3.15,8.311,A1
11.959,2.191,0.251,20.364,17.581,16.576,9.496,1.198,4.932,4.664,9.806,0.473,6.332,8.785,15.555,9.449,A1
10.348,2.285,2.647,4.736,5.436,8.039,2.392,17.471,8.591,3.292,2.293,2.449,9.856,4.455,0.937,2.131,A1
15.178,14.539,1.019,14.587,12.56,2.178,12.527,10.746,18.766,3.079,13.183,0.897,3.443,2.525,7.481,2.439,A1
7.222,3.35,21.146,18.139,6.958,1.006,0.119,0.558,9.04,8.714,2.527,5.738,4.201,2.871,0.943,8.761,A1
5.943,11.994,8.273,15.747,8.752,2.977,2.865,1.274,7.141,13.758,2.33,15.115,4.798,5.388,5.525,7.01,A1
3.434,1.113,2.212,9.14,11.37,4.322,13.142,4.864,4.639,12.776,3.539,15.026,1.425,11.808,2.717,7.673,A1
17.642,7.093,14.147,2.107,5.464,1.978,2.203,3.755,0.902,3.634,3.703,0.988,4.429,11.062,7.162,6.583,A1
5.659,3.457,6.824,14.303,26.017,26.22,5.186,3.491,0.902,1.09,3.113,5.007,2.249,5.162,3.2,7.152,A1
1.303,17.748,26.261,5.494,8.602,6.654,14.706,16.5,0.299,1.539,9.178,7.08,12.166,6.187,14.382,1.255,A1
7.412,41.298,6.475,12.101,4.246,7.932,2.439,4.258,15.588,27.374,0.555,3.122,6.995,16.124,5.776,0.047,A1
1.019,4.096,3.15,1.397,7.689,2.83,8.454,3.747,9.466,2.83,2.752,19.925,8.614,5.215,14.232,17.595,A1
8.217,35.318,8.188,26.474,1.384,2.617,4.239,0.635,4.157,3.67,9.834,14.658,5.253,13.22,0.962,0.284,A1
20.435,1.019,15.264,29.364,2.087,11.822,9.354,5.963,0.399,8.371,9.904,3.393,2.704,3.523,9.593,16.671,A1
5.139,4.215,4.088,3.67,0.625,15.285,3.196,3.448,3.034,7.057,0.035,0.44,3.244,4.043,3.971,3.765,A1
1.161,8.465,20.549,17.855,5.558,12.261,1.729,3.448,1.423,6.583,12.883,2.452,9.913,13.992,21.553,9.638,A1
14.468,10.822,6.901,7.719,4.672,5.322,1.634,23.362,12.776,7.625,2.592,0.531,7.668,4.615,6.911,4.31,A1
44.069,5.281,12.271,22.117,1.688,8.691,1.208,10.183,3.808,7.093,4.396,0.96,8.074,8.146,4.303,8.549,A1
23.845,7.199,11.163,11.035,5.281,14.392,16.268,15.946,2.12,9.366,3.445,0.806,4.466,6.72,2.065,0.095,A1
21.762,0.699,14.658,18.85,0.808,6.134,11.153,9.68,18.843,14.006,0.883,0.653,4.38,6.134,18.043,0.687,A1
4.664,21.572,3.917,1.823,4.644,14.552,5.517,10.012,10.335,19.56,7.445,3.485,16.988,16.896,3.52,6.654,A1
42.458,10.929,11.513,0.024,3.089,13.26,1.824,13.209,3.321,5.032,7.609,13.167,1.482,5.707,5.983,6.986,A1
5.991,5.281,15.86,1.539,8.176,1.912,10.064,8.35,17.487,0.912,0.658,1.019,5.687,0.074,3.62,1.539,A1
8.975,6.347,21.222,0.544,2.27,10.609,1.87,1.53,4.949,2.924,1.346,14.932,2.789,4.482,0.994,6.819,A1
17.784,35.651,19.782,16.079,4.246,11.834,18.305,4.309,15.062,2.818,10.199,13.562,5.858,5.881,6.911,3.955,A1
1.445,22.224,31.196,0.189,3.183,23.663,7.932,4.054,16.247,4.997,2.26,8.267,10.083,0.979,9.368,0.426,A1
3.576,18.068,7.677,13.758,6.012,1.019,15.084,10.311,13.883,3.434,14.626,2.422,3.357,0.726,2.348,3.434,A1
8.359,12.941,1.615,7.861,4.368,1.485,3.008,14.189,2.646,17.713,7.412,7.778,1.189,11.875,13.348,2.865,A1
3.244,8.678,4.096,7.696,10.578,6.174,8.122,10.311,9.427,1.871,15.412,6.742,0.621,2.897,13.956,1.255,A1
23.277,8.904,17.386,3.031,7.628,10.916,1.444,27.403,1.539,0.509,14.752,3.335,0.933,2.137,18.814,2.013,A1
4.855,29.044,11.76,2.297,1.417,1.592,7.318,5.759,11.868,5.707,6.298,17.429,10.794,2.871,2.373,14.942,A1
12.243,0.899,1.198,19.867,13.623,9.011,0.166,2.093,11.752,10.573,7.674,8.052,15.056,1.086,8.666,1.728,A1
9.922,27.872,2.391,15.298,16.546,20.72,2.913,8.614,2.081,5.494,7.375,22.057,10.944,7.226,9.343,8.573,A1
0.686,17.535,7.932,5.162,10.822,6.707,17.025,2.732,7.838,1.551,19.937,6.106,0.109,4.482,5.751,8.288,A1
8.643,18.814,2.127,1.468,10.335,2.924,4.333,7.966,27.423,1.516,11.478,2.967,5.602,3.816,5.525,2.013,A1
19.583,20.306,21.913,9.117,30.429,5.482,10.963,11.035,1.268,5.494,0.428,6.56,4.238,4.269,3.225,2.557,A1
4.713,19.027,6.568,0.735,11.829,1.498,8.217,1.795,1.445,4.038,8.92,15.511,0.251,2.111,0.862,5.802,A1
1.019,15.711,7.25,2.747,1.019,6.826,9.401,10.481,17.371,22.899,6.527,10.244,9.288,3.416,4.654,0.853,A1
14.374,25.74,8.359,6.796,2.785,10.609,20.199,1.496,5.917,8.229,0.194,4.888,1.786,4.203,10.12,6.205,A1
25.03,2.297,7.668,4.215,17.797,1.711,2.203,1.922,5.065,8.039,16.527,10.551,10.376,8.199,20.77,12.313,A1
6.796,25.954,10.737,14.445,13.745,6.014,0.402,7.165,16.015,0.592,0.457,13.775,0.288,2.031,13.38,3.22,A1
3.954,6.773,7.506,8.501,7.689,1.539,8.596,1.07,18.627,0.047,8.49,12.225,2.675,9.543,2.322,19.773,A1
2.297,18.801,0.772,0.663,15.145,12.994,5.659,10.959,7.567,2.64,5.838,9.817,6.171,1.192,4.579,15.439,A1
23.041,14.326,4.693,6.227,3.0,15.072,4.713,4.386,5.104,19.489,2.359,11.401,6.142,1.326,3.902,4.144,A1
28.582,9.224,8.265,17.145,1.478,4.629,9.354,5.077,11.132,2.226,7.937,0.351,12.953,2.844,18.093,18.85,A1
4.286,2.404,29.15,10.064,18.467,10.183,7.033,2.255,6.521,6.808,6.002,4.702,0.715,1.978,9.543,1.776,A1
4.144,4.109,15.008,2.653,2.209,11.556,1.255,0.601,2.546,0.344,7.342,7.323,14.09,0.992,4.729,2.889,A1
1.965,11.248,9.552,3.079,7.717,10.01,2.581,8.231,1.949,2.107,1.145,0.686,5.508,1.631,15.003,5.755,A1
12.101,6.347,8.691,8.691,1.201,4.215,11.864,24.982,10.822,10.716,11.178,0.653,4.798,0.979,8.609,2.747,A1
16.465,13.941,16.654,6.551,6.276,4.59,1.17,9.198,1.01,0.913,16.443,2.683,4.977,7.047,2.333,7.568,A2
18.096,15.509,6.994,9.125,3.998,10.301,21.184,4.965,9.579,8.229,13.729,0.532,1.082,7.981,9.138,3.719,A2
5.154,6.465,7.919,12.715,1.359,3.132,6.036,6.023,0.595,1.22,2.156,8.671,2.095,14.351,10.072,7.028,A2
0.435,17.826,5.847,5.448,4.818,10.822,10.105,2.359,14.206,3.536,2.12,5.952,5.507,1.091,12.3,0.913,A2
16.759,9.639,11.713,15.596,21.655,0.043,6.563,0.948,7.868,8.156,3.513,0.878,13.112,3.132,2.775,10.105,A2
6.465,10.105,12.595,4.933,9.734,6.409,5.337,12.551,4.726,8.831,1.883,2.746,2.641,1.036,2.468,4.822,A2
8.229,13.083,4.742,19.627,21.655,4.896,1.66,4.523,15.088,4.111,3.378,7.126,2.859,9.805,1.607,2.605,A2
5.889,19.346,13.301,6.171,11.003,3.793,14.419,14.715,13.524,9.48,3.308,5.668,1.788,4.369,4.955,1.758,A2
3.389,1.918,6.641,10.435,0.532,11.79,8.634,13.833,2.6,6.808,8.027,6.591,10.889,12.531,5.24,5.68,A2
3.095,11.649,6.112,0.214,7.095,9.364,4.713,3.817,4.66,8.279,16.782,5.007,10.818,3.156,11.417,11.465,A2
4.111,3.045,4.213,13.23,8.662,9.639,5.141,10.435,10.662,12.862,9.892,2.17,0.876,0.402,2.312,5.252,A2
11.906,2.029,7.919,0.595,13.272,9.805,0.925,3.464,6.691,13.965,4.53,6.874,1.712,10.356,0.833,7.2,A2
6.023,0.374,1.124,5.509,13.398,4.81,9.517,10.435,2.012,10.693,9.588,1.17,0.199,3.766,1.118,4.92,A2
18.978,16.943,27.596,13.39,2.431,8.591,2.163,27.113,5.247,3.744,8.263,8.253,6.213,0.398,3.61,2.261,A2
16.331,5.472,22.083,5.068,5.7,9.939,1.317,8.316,4.138,3.597,1.443,5.645,2.435,1.891,2.909,3.842,A2
4.271,27.618,6.906,0.301,12.192,0.784,6.575,1.654,3.336,9.185,1.611,1.95,8.112,10.797,0.05,4.173,A2
25.743,10.853,11.272,6.685,8.725,10.546,14.7,0.817,1.156,5.705,6.804,8.883,7.024,1.753,1.897,1.097,A2
3.536,4.235,11.448,14.86,2.746,12.397,10.828,5.803,1.637,9.516,0.39,4.786,6.801,3.986,8.9,1.109,A2
17.642,14.051,1.611,5.362,0.721,9.718,3.229,0.994,4.098,12.127,12.879,4.502,3.641,8.895,6.906,0.386,A2
20.155,13.193,3.595,0.288,5.897,11.349,7.066,3.992,6.906,8.977,8.637,0.122,3.2,1.891,9.864,2.788,A2
0.876,3.904,10.435,1.036,7.347,6.079,4.847,9.377,1.491,0.411,10.912,5.299,8.831,0.867,2.515,3.156,A2
20.142,1.17,1.212,10.963,0.981,24.089,9.86,13.7,9.513,4.823,9.656,4.597,2.758,0.016,2.364,1.219,A2
2.788,0.705,9.906,4.786,0.469,1.091,10.056,6.112,6.29,3.205,7.653,5.488,1.654,8.312,1.14,8.548,A2
15.142,25.878,1.258,5.963,7.591,3.321,4.994,8.448,13.163,10.559,1.476,3.462,7.154,9.391,5.037,2.004,A2
1.611,14.051,1.83,14.112,18.125,11.704,5.546,4.124,0.328,5.889,6.534,3.061,7.419,5.224,3.424,0.57,A2
3.095,0.705,3.288,7.286,11.381,0.595,31.822,7.965,13.149,1.648,1.07,2.738,13.877,2.577,12.59,2.004,A2
3.817,5.031,37.437,4.259,6.645,12.752,4.406,0.376,1.317,5.191,7.89,11.034,8.141,1.229,2.65,13.365,A2
5.742,5.141,2.536,3.376,6.78,23.065,6.428,5.536,0.956,16.221,2.731,14.398,0.477,0.894,6.071,4.651,A2
8.831,26.87,15.154,0.668,1.666,2.58,9.357,0.727,19.099,2.543,3.412,3.652,11.095,9.057,11.785,8.867,A2
7.948,3.597,2.405,23.819,10.049,1.391,6.661,14.096,3.402,1.17,1.07,19.984,9.536,5.089,4.799,14.909,A2
1.33,28.611,4.036,1.698,4.187,7.016,5.484,9.906,11.759,2.567,0.119,3.88,8.154,12.559,6.071,1.121,A2
7.066,4.565,3.86,8.744,6.465,3.928,9.602,2.847,4.124,8.941,4.971,1.17,4.494,5.748,0.781,12.14,A2
1.464,5.693,5.229,0.802,14.532,1.17,10.877,3.551,2.213,5.595,6.159,4.511,3.036,1.97,4.825,5.876,A2
28.819,14.382,5.889,2.567,1.036,14.958,4.173,9.904,0.153,9.051,2.665,2.391,3.448,5.913,4.44,0.337,A2
10.141,6.882,2.183,1.256,0.027,0.65,19.664,10.435,2.654,7.764,1.306,6.78,1.052,1.997,0.958,7.36,A2
12.801,4.7,18.508,13.818,15.659,5.338,7.262,5.097,6.451,10.338,0.832,11.097,1.506,1.201,4.332,8.855,A2
31.319,13.965,19.39,29.346,3.746,1.611,19.75,9.509,0.795,2.494,1.543,5.109,7.788,1.887,9.185,6.673,A2
9.112,3.156,1.7,3.376,12.578,0.564,22.508,4.654,4.445,4.124,5.109,3.597,1.506,2.277,1.737,5.791,A2
2.053,7.016,12.994,5.729,5.645,2.58,7.004,0.418,0.394,9.051,4.089,4.227,6.301,0.815,10.332,3.977,A2
9.86,5.668,12.331,4.7,3.935,10.577,13.243,0.948,13.283,5.141,3.004,5.046,3.906,14.051,3.324,6.306,A2
24.848,1.367,6.2,20.669,2.431,11.649,12.936,6.904,10.702,4.92,15.357,0.76,5.566,9.612,1.741,0.802,A2
11.037,21.686,9.112,7.801,7.339,11.128,8.72,5.759,12.186,5.558,4.667,4.794,7.082,1.174,7.213,6.587,A2
1.611,10.081,12.154,9.259,4.196,11.649,4.271,7.874,14.206,5.472,14.781,4.691,2.242,6.634,2.286,0.729,A2
10.154,18.377,7.171,10.288,18.314,16.588,1.219,7.788,2.68,11.686,1.917,3.998,5.007,3.183,6.179,2.763,A2
5.448,9.198,9.818,17.495,0.099,7.568,14.566,1.964,10.796,5.374,7.077,6.906,11.595,2.742,0.076,12.396,A2
7.053,21.331,2.582,15.596,1.414,5.086,11.086,3.773,2.56,2.163,1.307,1.698,7.948,5.282,6.179,0.08,A2
1.317,10.081,3.065,31.332,1.296,9.994,10.007,10.434,0.274,8.426,10.707,1.17,4.317,2.301,7.265,7.017,A2
11.919,6.244,11.978,1.17,8.986,0.65,10.791,4.521,2.159,3.095,10.267,4.29,0.977,8.564,9.055,10.019,A2
1.464,5.803,2.536,10.583,2.557,14.272,10.938,5.492,1.276,7.764,4.123,0.824,2.33,6.248,8.385,0.742,A2
9.112,5.362,17.583,7.213,10.057,10.687,1.709,4.918,3.122,7.102,1.307,6.614,11.184,1.722,6.413,1.317,A2
2.065,2.825,15.024,14.64,22.781,14.327,1.317,13.877,5.929,11.024,14.272,0.784,9.406,3.349,1.97,1.562,A2
11.478,20.339,13.478,1.023,17.81,9.639,12.543,0.199,13.163,3.597,3.919,4.857,8.406,0.264,11.806,5.938,A2
17.36,14.186,2.935,11.98,2.746,2.383,4.565,2.095,6.425,4.051,0.899,7.622,4.595,6.685,2.494,5.631,A2
8.831,2.801,10.435,14.774,10.679,3.076,4.86,7.08,6.932,3.757,12.709,2.21,8.994,7.626,4.617,3.168,A2
25.155,3.904,0.023,19.774,12.507,2.494,6.563,6.906,2.119,0.926,5.005,10.152,4.095,6.796,5.811,9.48,A2
1.183,16.281,3.33,13.61,1.927,14.658,13.279,3.11,7.814,6.551,10.571,5.511,2.948,0.87,8.121,10.607,A2
24.554,7.899,10.7,22.127,4.826,14.296,8.033,14.936,12.641,15.031,2.935,8.505,11.242,1.06,4.202,3.793,A2
26.319,7.323,4.213,1.624,27.382,17.55,4.111,8.582,4.646,0.545,6.432,6.614,5.066,1.808,6.927,0.448,A2
28.243,16.257,7.919,2.801,5.448,9.584,8.082,2.405,1.236,4.161,1.172,6.929,1.2,8.564,6.984,1.611,A2
4.713,5.999,7.654,23.317,12.894,2.69,0.595,5.448,4.044,6.11,9.519,3.88,4.065,6.744,14.328,1.734,A2
32.055,20.89,1.918,13.095,22.222,9.253,8.487,3.067,5.141,3.303,0.595,1.509,6.141,4.29,5.759,4.124,A2
4.259,13.721,22.037,5.068,17.045,6.716,7.703,18.598,2.534,6.759,6.702,7.347,3.389,6.244,3.06,11.538,A2
2.935,8.671,3.2,9.86,8.599,1.115,15.191,2.538,5.021,0.325,13.152,3.849,3.876,5.555,1.689,2.041,A2
0.595,16.833,19.877,4.051,1.8,0.619,13.144,0.42,11.264,10.068,4.666,1.643,6.624,7.65,0.491,1.317,A2
0.435,4.014,3.33,13.965,16.612,2.635,14.223,11.845,1.678,0.545,4.327,12.673,3.595,1.78,4.28,6.023,A2
13.671,0.264,13.877,5.215,16.163,4.093,17.998,0.639,11.318,4.639,8.671,7.883,10.772,3.021,4.207,3.719,A2
6.33,10.546,0.199,5.876,8.04,8.615,9.811,0.729,1.972,4.111,2.19,1.761,9.536,0.619,4.259,9.909,A2
2.507,5.448,10.478,22.789,7.024,3.762,9.37,1.302,6.425,4.957,4.971,4.25,3.654,3.128,2.65,0.925,A2
5.301,4.038,14.801,10.656,10.814,2.415,8.536,23.405,17.816,17.728,6.125,1.328,1.889,1.17,4.57,3.904,A2
12.641,5.693,6.2,4.626,6.834,5.968,0.778,3.244,13.39,0.545,5.753,1.603,4.154,1.804,2.65,5.043,A2
18.684,0.95,6.906,7.286,14.776,10.325,3.928,7.963,3.041,5.926,9.69,4.952,4.288,2.687,5.396,3.046,A2
8.977,12.617,4.477,3.462,22.6,2.383,4.075,2.668,9.072,15.693,2.188,7.946,4.876,3.711,8.774,4.811,A2
17.213,10.987,6.906,0.006,9.671,4.203,2.249,9.068,11.023,18.598,5.007,8.166,5.448,5.196,11.78,2.886,A2
14.566,21.773,1.565,6.244,12.074,7.433,7.752,3.992,13.043,9.272,4.226,7.339,8.671,12.893,2.515,3.744,A2
0.595,18.157,15.995,1.109,6.717,1.722,20.596,1.611,5.502,10.399,6.262,4.755,2.536,7.295,13.783,1.232,A2
17.802,29.187,7.965,9.332,3.565,15.068,10.35,10.347,1.291,9.994,11.082,16.856,21.966,11.625,8.458,0.252,A2
12.948,5.227,10.566,22.14,1.927,5.086,0.337,11.139,1.477,2.347,11.862,13.925,5.994,10.963,3.709,2.139,A2
22.495,2.801,19.213,9.198,8.977,0.76,0.778,16.169,3.081,1.109,4.735,3.147,4.406,5.586,15.544,29.383,A2
2.053,29.628,0.33,1.404,8.229,8.45,22.361,11.845,0.875,6.808,7.111,5.614,3.801,6.768,1.404,3.34,A2
0.889,12.948,4.565,5.068,6.078,0.674,11.073,3.111,7.132,10.742,5.448,11.034,1.582,4.703,3.35,1.097,A2
8.082,18.022,0.153,6.551,10.364,1.312,14.615,10.169,9.553,2.126,2.97,4.133,7.095,4.01,18.866,1.979,A2
2.801,6.22,3.994,23.304,1.54,7.623,2.752,7.566,1.758,13.892,18.141,5.708,2.007,3.928,0.625,10.656,A2
14.995,26.981,8.36,25.082,2.359,5.306,13.328,8.274,3.803,7.972,7.042,2.706,0.124,6.192,13.68,0.925,A2
2.641,27.753,4.788,5.362,3.494,1.391,6.477,12.331,5.287,14.272,5.787,9.135,5.801,3.238,3.735,8.229,A2
17.053,7.544,7.036,16.171,17.297,17.471,12.948,8.757,8.617,0.913,2.529,7.969,10.965,0.153,1.144,7.237,A2
19.995,13.524,3.507,19.554,9.545,0.374,3.474,7.919,5.849,12.972,14.272,1.824,2.301,7.626,0.127,12.14,A2
1.317,2.494,1.876,21.245,12.381,16.226,0.435,3.509,11.705,9.921,15.323,4.353,2.906,6.134,3.449,6.477,A2
13.978,16.061,0.464,2.714,3.439,16.612,2.31,8.009,7.989,9.897,1.884,2.998,17.037,0.65,2.027,6.881,A2
6.624,0.264,4.654,0.448,16.541,15.375,9.174,11.274,8.992,17.36,12.641,8.851,3.17,9.033,8.848,3.523,A2
18.831,5.779,2.758,17.715,11.751,4.92,11.723,2.097,2.333,11.097,3.276,3.376,7.465,1.973,5.686,2.678,A2
16.465,8.009,11.053,16.478,20.197,0.508,12.115,1.698,2.694,0.802,8.265,9.017,11.978,5.255,6.668,4.504,A2
13.524,3.156,6.553,23.611,9.419,14.682,0.546,7.522,6.892,17.789,0.73,7.977,15.171,3.821,1.633,16.269,A2
0.435,14.296,7.435,8.683,6.708,5.306,2.85,14.097,6.104,0.926,12.779,11.31,5.876,0.784,7.892,2.801,A2
18.377,28.415,22.39,10.007,10.498,7.457,1.562,7.83,12.226,1.905,6.94,1.958,3.847,8.809,9.912,5.852,A2
36.025,11.073,5.494,1.256,9.679,10.491,0.889,3.597,4.9,0.472,2.494,0.185,3.023,5.393,0.906,3.61,A2
3.523,3.486,13.831,14.039,7.654,6.827,11.919,12.948,4.565,11.735,5.175,16.037,6.566,9.332,13.005,10.166,A2
4.124,6.992,21.907,8.377,12.633,6.079,8.573,9.068,8.43,5.007,6.906,3.597,3.965,4.755,2.156,2.322,A2
8.683,10.081,9.154,15.154,6.015,8.34,0.35,3.198,5.823,14.824,8.501,6.141,0.7,14.244,8.489,5.668,A2
1.023,12.838,2.624,14.406,7.465,0.95,7.654,18.287,11.224,12.715,4.259,10.522,6.112,5.779,12.351,12.189,A2
12.494,23.561,10.435,33.17,11.499,14.713,8.671,8.494,1.451,9.676,10.233,4.385,6.229,0.564,3.761,3.425,A2
4.055,18.849,16.432,1.29,3.025,0.814,6.299,7.199,18.833,6.039,25.586,5.55,6.364,18.624,1.636,15.958,A3
53.591,40.671,20.214,2.197,10.682,18.849,5.884,17.257,4.973,6.285,8.439,16.917,13.241,6.134,9.36,12.617,A3
29.544,3.339,19.349,17.827,0.345,5.684,5.483,0.129,3.421,5.558,3.325,5.065,7.566,9.741,7.747,4.241,A3
9.411,20.652,15.309,8.81,17.143,4.055,16.705,4.385,2.022,3.58,17.651,3.695,6.508,4.551,5.238,12.351,A3
20.407,9.466,15.278,28.167,3.674,2.612,13.594,10.517,11.422,13.914,5.054,3.231,2.197,3.559,2.994,3.359,A3
38.026,14.515,6.477,14.996,21.059,9.741,15.983,4.313,16.931,17.346,13.48,4.55,10.132,11.044,2.57,0.568,A3
5.979,24.079,17.04,11.214,23.358,22.901,19.671,8.858,3.662,6.285,3.492,5.91,18.933,1.22,17.549,7.662,A3
2.197,12.531,23.821,3.815,0.242,17.762,3.88,5.684,9.433,19.265,7.773,13.279,1.716,2.933,2.607,1.811,A3
12.712,16.865,14.01,23.773,5.22,7.211,1.956,11.527,0.645,3.279,5.933,10.651,1.283,3.114,3.207,3.975,A3
23.052,13.619,9.393,15.357,11.578,7.301,4.281,7.59,0.383,20.707,0.44,4.962,4.296,8.659,2.48,7.046,A3
13.499,13.433,8.208,12.471,17.896,9.826,4.777,29.994,5.061,3.093,7.163,6.405,0.448,4.872,6.219,0.368,A3
2.612,41.753,31.87,22.035,18.823,0.629,10.773,21.843,1.65,21.308,0.837,5.529,14.941,0.363,11.142,19.19,A3
5.498,5.864,17.731,0.328,15.288,12.441,7.888,2.798,11.553,7.181,11.926,11.114,11.96,9.42,7.705,3.294,A3
24.254,0.989,13.722,11.214,12.124,10.373,4.777,13.938,12.974,12.531,11.158,20.956,8.208,4.822,3.88,10.813,A3
18.548,13.974,4.921,2.131,16.937,10.367,33.617,10.548,12.515,10.252,7.654,3.932,17.329,2.708,10.5,12.792,A3
29.369,22.997,8.208,14.275,1.994,19.926,9.906,8.713,18.373,5.498,1.216,12.351,5.354,16.008,6.304,6.78,A3
26.003,26.965,38.074,10.132,10.579,2.888,7.247,8.023,3.596,3.274,13.322,17.659,1.956,5.638,1.509,7.567,A3
13.674,0.088,1.602,12.231,17.246,0.538,8.223,0.52,8.208,15.783,18.752,10.187,1.668,24.84,4.055,23.959,A3
30.506,11.996,6.91,1.049,8.827,15.422,10.533,18.091,1.191,7.607,6.155,2.334,7.487,5.052,7.959,8.689,A3
27.205,30.031,10.981,2.077,8.621,0.719,22.797,14.082,8.121,5.744,0.384,8.775,9.441,16.504,4.474,8.023,A3
0.208,0.814,2.901,11.87,16.834,4.777,1.971,3.983,12.537,2.733,14.099,3.107,15.357,0.538,6.516,5.859,A3
13.499,10.192,36.662,4.897,6.869,4.421,2.212,1.242,1.366,6.285,8.319,13.104,5.45,5.949,6.087,10.748,A3
11.51,33.457,22.234,12.897,25.831,20.382,2.452,9.393,17.958,6.34,2.945,10.084,2.822,5.954,1.509,7.782,A3
33.873,50.049,15.309,9.892,29.922,23.267,15.663,5.354,6.416,6.7,8.819,0.943,1.812,6.405,11.142,1.716,A3
18.067,20.292,3.159,9.05,4.57,0.088,3.815,4.344,10.679,5.258,8.55,5.55,9.393,15.107,6.983,11.75,A3
31.228,14.335,21.657,25.402,5.941,9.381,5.082,6.075,5.301,7.307,2.104,26.965,1.572,10.367,2.146,0.153,A3
36.102,38.146,8.064,25.577,23.533,17.401,8.464,11.455,17.893,0.814,4.712,0.448,1.651,10.282,8.463,3.84,A3
28.648,19.926,20.214,22.396,0.376,10.367,4.296,14.34,4.011,10.427,11.15,5.601,2.437,7.707,13.136,3.935,A3
0.273,24.074,16.865,21.729,6.838,5.318,17.346,42.33,7.269,3.033,0.828,3.849,11.99,3.023,4.225,3.64,A3
8.208,14.696,3.592,18.723,0.345,20.557,11.495,14.876,17.39,5.498,5.212,16.607,5.563,3.063,2.4,5.082,A3
29.85,9.285,25.12,8.023,8.487,10.192,9.826,4.313,3.793,11.094,21.526,1.098,1.427,5.097,0.613,8.103,A3
29.063,0.448,20.359,14.1,19.72,1.445,21.915,9.177,6.307,0.869,4.055,18.926,1.379,1.891,21.75,2.412,A3
4.536,23.718,17.184,23.839,2.025,2.347,5.163,5.137,7.793,6.405,10.936,0.016,5.835,16.189,8.76,16.064,A3
14.22,39.764,18.916,7.422,26.006,0.719,8.289,8.816,11.925,0.809,3.611,2.643,19.654,7.166,6.389,3.695,A3
5.738,11.63,4.344,15.543,44.556,3.604,20.006,2.942,7.684,2.011,10.595,21.451,14.107,14.966,6.432,0.368,A3
1.17,15.597,17.442,10.307,6.838,4.145,9.746,0.088,10.635,6.345,4.943,7.693,5.258,3.79,3.625,0.128,A3
37.961,7.662,16.144,21.193,0.995,5.593,3.093,2.437,2.962,2.377,6.941,4.21,0.706,5.227,6.426,11.069,A3
6.7,9.11,23.646,17.641,24.903,12.622,0.353,7.879,0.732,9.711,4.943,18.153,9.73,2.573,7.323,5.002,A3
1.891,1.355,15.597,7.968,17.38,2.888,8.769,3.303,1.782,0.874,2.89,11.712,3.19,6.36,11.731,0.273,A3
15.903,2.252,11.815,9.29,5.426,23.893,9.666,0.088,6.175,3.394,22.312,4.725,5.419,11.41,1.504,1.395,A3
17.827,9.285,3.334,28.407,8.59,0.358,10.307,8.816,1.825,10.307,2.659,2.303,0.995,9.967,3.673,4.281,A3
3.093,6.766,28.582,7.848,19.957,11.274,4.121,6.797,12.471,5.443,2.612,3.54,8.545,12.396,0.825,5.924,A3
13.193,27.145,4.746,14.821,8.312,8.479,5.177,5.498,3.29,21.248,5.664,2.334,15.646,4.145,10.59,10.187,A3
5.498,0.088,12.279,5.443,9.414,4.777,0.448,5.539,3.793,6.104,7.829,9.084,8.882,10.503,8.505,2.412,A3
2.612,0.454,25.522,27.446,0.345,3.069,9.265,5.684,11.291,2.733,14.423,13.949,4.44,12.126,6.941,5.163,A3
0.929,22.456,0.593,18.603,0.654,4.777,2.532,0.922,11.531,7.422,5.664,8.538,14.461,4.827,6.177,9.531,A3
12.952,18.849,16.607,2.372,25.491,13.704,0.193,5.756,6.744,4.181,10.936,12.022,4.584,10.593,0.321,0.233,A3
8.624,51.131,36.776,2.077,13.33,8.479,4.055,13.505,1.76,7.121,23.422,3.21,1.17,6.405,3.456,3.96,A3
0.273,13.614,9.538,9.531,10.888,5.678,0.208,0.345,1.825,20.407,12.712,6.116,11.413,4.055,3.838,6.726,A3
8.624,18.308,6.075,0.273,29.304,10.192,1.395,8.095,6.088,3.755,16.263,13.073,1.843,7.803,7.572,13.393,A3
47.098,18.483,14.124,6.044,19.514,3.429,3.735,5.786,4.645,19.084,8.495,16.711,8.353,2.883,6.941,1.049,A3
14.461,29.665,18.483,12.296,16.834,0.358,7.983,13.763,22.964,7.842,1.946,8.312,3.911,7.482,13.518,17.922,A3
4.361,0.634,34.756,46.683,19.029,9.466,4.135,3.839,13.892,1.175,1.66,17.226,3.478,1.085,1.17,2.693,A3
6.044,13.439,4.457,8.93,7.353,11.815,4.121,23.966,4.711,3.514,4.102,6.425,12.056,5.543,1.254,15.597,A3
5.258,18.483,17.184,12.111,0.17,1.53,19.765,4.849,3.924,8.323,9.596,6.456,14.076,13.298,19.968,8.905,A3
18.548,27.14,24.11,2.372,8.384,8.659,8.384,20.214,20.91,2.673,2.715,1.943,15.999,13.118,2.31,3.479,A3
18.002,7.487,14.124,7.487,10.682,13.704,0.834,11.455,13.127,2.131,8.541,1.974,11.623,8.293,11.731,23.678,A3
7.487,9.466,17.731,26.965,13.464,15.603,10.067,1.53,6.897,8.864,11.103,8.693,3.351,4.872,12.155,13.834,A3
25.937,7.121,7.374,2.492,6.972,14.881,13.033,13.073,5.848,4.722,9.604,2.489,3.141,15.192,3.328,8.609,A3
21.128,6.044,30.025,5.323,19.441,10.548,10.854,9.868,6.678,2.317,3.88,1.201,1.506,8.75,0.024,14.781,A3
4.842,15.417,4.89,6.34,6.219,7.121,0.448,8.064,8.077,0.093,1.003,3.983,2.389,6.089,13.985,11.229,A3
16.8,2.252,33.169,2.918,0.067,0.544,14.3,23.79,17.127,17.947,7.218,18.823,21.049,5.097,5.753,5.964,A3
8.689,14.16,19.606,2.612,3.777,12.081,21.609,0.737,2.044,16.865,8.763,8.157,11.334,3.745,7.317,4.0,A3
7.903,28.222,11.094,3.815,10.888,10.548,5.979,6.477,4.798,6.405,10.373,5.168,10.132,4.867,9.184,9.571,A3
31.533,33.457,28.727,25.096,26.037,21.644,23.853,2.365,10.241,3.099,2.89,5.941,13.962,7.301,3.97,15.317,A3
38.988,5.143,6.621,2.558,0.479,2.162,10.628,0.52,10.504,16.379,20.203,8.415,10.565,14.16,3.673,9.491,A3
38.507,16.865,11.96,0.393,9.929,2.612,6.059,29.448,5.848,11.269,14.71,9.414,0.112,8.704,14.786,4.04,A3
0.448,6.58,20.359,11.75,6.322,8.744,3.815,0.232,10.941,16.138,0.226,3.983,5.546,4.421,5.328,19.365,A3
3.815,26.604,28.407,8.023,5.632,20.918,10.067,13.938,7.094,4.175,3.278,2.303,10.74,2.482,3.928,3.053,A3
19.51,10.192,0.85,12.351,7.559,0.629,7.341,0.706,8.777,4.962,4.102,2.283,7.085,1.305,4.989,6.245,A3
13.018,26.599,11.671,13.739,21.678,15.237,1.075,17.473,9.039,24.74,1.558,3.128,25.329,12.757,5.837,3.494,A3
36.824,2.612,1.314,17.226,24.182,17.857,8.223,7.301,8.318,1.771,6.552,13.052,7.133,0.183,10.123,1.61,A3
0.208,4.596,4.199,1.235,1.376,9.826,9.01,8.167,10.373,0.328,10.27,14.721,1.458,0.674,0.867,10.267,A3
5.323,0.814,6.364,22.756,19.854,19.475,5.738,12.568,5.716,1.415,14.978,7.044,26.772,5.188,6.85,0.168,A3
11.269,18.663,24.976,11.695,25.213,11.274,0.273,5.426,4.449,8.624,17.928,0.139,17.136,17.361,2.91,1.836,A3
23.839,25.156,12.568,2.612,10.754,21.729,15.823,8.744,11.597,8.269,14.21,2.695,0.593,13.523,2.437,5.603,A3
22.636,15.958,21.626,3.815,15.113,14.971,17.827,3.045,3.203,18.969,1.161,3.128,8.864,1.085,3.673,18.989,A3
14.395,52.033,16.577,11.149,9.929,13.439,3.079,6.147,18.417,9.351,9.762,2.458,1.331,19.204,1.758,0.809,A3
1.651,15.242,23.244,6.525,8.621,12.627,2.598,1.427,11.881,4.175,9.16,8.981,2.341,7.752,4.771,8.624,A3
15.903,14.16,20.616,21.248,1.613,10.102,17.12,8.744,14.176,0.574,15.7,6.786,1.764,3.519,1.928,10.132,A3
21.609,21.013,5.611,2.973,18.586,6.495,24.414,20.647,10.963,9.766,3.214,13.227,1.764,1.716,6.559,10.267,A3
12.056,7.126,17.442,11.75,7.384,18.488,3.079,2.293,2.109,17.341,0.892,1.839,3.718,4.867,3.207,13.298,A3
30.987,7.667,1.572,1.41,15.938,6.495,10.868,17.04,10.22,10.553,0.606,7.642,0.977,8.659,9.572,9.145,A3
21.193,3.519,14.124,3.815,21.781,7.482,12.216,0.273,14.942,2.137,14.488,20.08,1.043,28.227,3.456,4.281,A3
20.232,8.93,12.97,16.023,1.994,25.426,0.448,10.156,10.744,3.093,5.545,7.126,10.163,4.371,4.983,10.974,A3
2.853,29.129,0.16,8.744,1.479,11.359,3.975,7.734,6.678,11.034,2.335,3.262,10.084,15.823,6.135,3.319,A3
21.434,6.219,20.503,11.269,6.147,6.4,9.812,1.747,5.979,8.269,5.489,0.5,3.526,0.814,1.376,4.08,A3
17.346,22.631,12.279,14.581,4.261,0.273,7.727,22.234,7.028,4.596,2.881,16.319,2.949,4.777,16.361,12.391,A3
32.67,8.569,35.796,12.537,5.426,1.35,38.186,8.456,9.979,1.35,19.473,1.355,8.72,1.986,5.837,14.501,A3
13.193,12.351,5.931,23.959,5.395,17.13,20.647,12.32,0.579,0.514,9.493,3.468,3.238,6.49,3.413,3.68,A3
5.082,21.91,17.617,1.41,7.281,1.711,17.601,0.922,11.094,1.175,3.001,10.527,4.151,7.527,12.839,6.686,A3
41.808,19.385,1.572,8.569,12.537,6.49,9.345,11.888,3.137,34.178,2.169,3.849,18.019,3.97,25.522,6.941,A3
1.17,4.596,0.273,9.105,2.716,13.073,2.612,12.537,1.06,0.328,3.223,4.416,2.341,0.499,4.098,1.395,A3
28.888,11.635,5.323,0.514,2.922,7.572,6.38,11.413,9.957,0.388,14.756,4.756,5.323,10.548,2.994,11.229,A3
9.411,11.996,10.661,2.372,1.376,0.629,9.731,5.642,1.782,10.908,3.778,5.395,7.487,8.203,6.856,13.554,A3
25.522,5.323,5.756,13.914,4.88,27.145,1.155,11.125,6.088,13.499,1.882,17.69,14.557,1.31,3.164,1.851,A3
17.521,14.34,1.283,21.554,21.297,13.794,23.372,0.562,11.728,9.285,1.716,0.448,0.16,5.052,1.037,0.689,A3
26.724,2.077,2.324,21.008,16.041,0.183,5.258,8.095,3.793,6.64,7.765,7.353,10.517,14.425,1.679,8.183,A3
30.987,12.531,12.825,3.038,1.819,16.324,23.052,9.002,10.241,1.891,15.265,1.221,9.988,1.846,5.493,6.165,A3
16.078,8.028,24.512,7.607,8.693,6.044,3.079,22.883,0.47,17.526,3.722,14.186,0.754,17.361,1.424,16.078,A3
32.347,1.85,9.56,3.905,0.37,10.193,1.53,0.337,8.075,12.248,10.5,2.836,0.047,14.334,14.364,19.112,B1
22.757,1.562,13.473,16.948,0.206,7.892,6.782,25.787,7.447,1.37,9.615,1.028,2.272,14.581,2.111,8.691,B1
9.467,2.713,21.759,13.495,8.837,6.206,9.33,26.922,25.928,7.549,31.019,9.166,4.02,2.281,7.594,4.279,B1
39.389,10.769,3.329,35.991,19.852,4.583,21.606,3.329,0.333,20.359,11.297,31.607,21.222,6.998,28.715,6.078,B1
32.73,43.033,3.115,11.193,7.439,12.824,3.192,23.831,5.212,28.798,1.54,10.727,9.544,15.228,12.671,4.663,B1
21.359,56.802,3.806,17.386,7.85,8.179,25.835,3.214,18.709,11.865,31.373,12.865,7.472,16.06,2.517,13.742,B1
2.946,5.343,17.369,12.591,28.977,6.638,8.7,8.87,10.862,8.124,1.205,2.672,6.875,17.745,6.782,2.05,B1
41.307,23.757,14.394,14.317,10.317,12.351,14.701,0.814,10.272,19.4,11.897,9.577,14.087,3.144,18.469,3.064,B1
8.179,8.508,24.291,6.206,12.7,17.715,26.474,1.603,14.143,2.713,5.7,5.22,9.927,21.167,3.126,0.196,B1
6.398,22.565,14.607,20.263,21.003,18.249,16.619,15.775,5.354,5.151,6.074,10.727,7.949,3.936,4.412,10.298,B1
20.976,18.866,6.108,9.522,3.74,4.583,3.448,8.87,7.133,10.33,7.933,25.688,2.885,9.227,19.688,2.553,B1
0.89,0.986,15.084,13.879,6.535,6.309,20.72,4.94,18.432,0.26,13.952,10.81,8.086,1.49,5.607,3.521,B1
19.688,12.207,35.092,1.658,9.659,3.473,14.189,4.94,1.551,2.713,8.533,10.645,18.367,7.028,8.677,5.494,B1
24.812,7.892,1.948,15.221,1.85,4.624,51.655,49.264,16.654,23.853,12.605,1.11,6.782,12.998,14.431,1.85,B1
11.002,16.523,9.56,16.427,9.906,31.093,24.675,0.353,18.918,18.386,12.802,4.151,20.455,3.216,12.106,10.682,B1
4.343,20.592,5.187,25.058,7.768,9.906,12.152,21.858,5.145,1.987,3.487,2.672,10.251,15.516,8.721,6.964,B1
3.576,17.715,12.306,5.494,1.274,3.72,9.202,7.472,3.053,10.618,4.48,9.495,12.936,11.991,11.022,16.82,B1
13.687,16.81,1.504,2.617,2.507,7.501,4.096,5.187,22.266,12.303,14.041,16.975,11.999,3.617,36.433,3.649,B1
25.962,15.701,47.998,18.098,22.318,11.241,10.234,5.187,20.211,10.673,11.739,5.549,3.943,3.504,14.272,14.253,B1
30.429,6.741,13.243,24.291,16.564,8.755,21.231,15.298,20.525,8.563,21.635,3.329,5.264,0.884,9.828,0.836,B1
11.632,10.522,18.767,0.068,15.906,10.81,7.284,0.469,4.899,7.165,9.083,20.099,9.927,15.516,6.961,7.54,B1
13.55,32.1,51.204,4.288,29.141,25.051,5.503,18.537,15.189,10.481,0.3,0.123,8.793,7.316,9.601,14.646,B1
6.261,20.838,4.497,20.208,11.385,13.358,31.333,8.278,7.933,15.756,8.71,3.0,2.732,17.355,10.819,19.377,B1
7.933,26.634,4.48,0.507,13.687,13.543,9.33,8.853,17.139,2.274,11.897,18.455,4.036,8.683,10.887,17.715,B1
6.398,4.48,1.028,3.959,10.727,6.062,17.897,2.08,6.363,11.824,15.457,8.015,1.965,17.427,8.136,9.65,B1
45.527,20.016,30.505,6.59,7.522,22.709,12.792,0.929,27.325,12.974,15.103,2.918,7.779,15.701,11.767,3.713,B1
31.963,34.073,32.577,19.249,11.632,1.274,8.307,18.981,31.473,9.083,10.234,34.566,5.724,16.42,2.314,8.252,B1
22.894,7.028,24.521,1.219,7.604,10.049,4.215,2.984,2.844,20.016,5.011,27.497,0.123,3.545,6.037,16.372,B1
20.976,28.894,2.885,12.92,9.741,10.522,0.772,20.838,17.072,7.741,4.638,0.617,7.779,11.56,0.418,8.572,B1
23.277,33.539,7.933,17.523,7.439,3.288,2.818,13.917,1.132,5.494,20.838,5.96,16.235,6.525,5.471,6.005,B1
3.329,70.325,23.124,3.192,8.344,10.666,7.421,1.833,3.329,5.343,7.844,0.781,11.846,2.178,9.736,2.105,B1
1.411,12.248,42.014,29.799,4.398,13.358,3.585,5.976,32.451,5.823,2.267,13.522,18.844,11.313,6.216,18.473,B1
33.251,0.699,8.393,13.303,10.07,31.956,24.291,7.587,19.164,6.782,7.224,0.37,1.565,10.625,9.219,9.266,B1
6.261,29.223,13.457,29.607,7.85,1.603,25.195,25.557,5.25,5.11,15.457,14.427,5.017,16.379,5.36,19.176,B1
0.644,13.646,25.886,5.302,5.96,17.283,14.838,7.374,30.845,8.892,16.431,10.645,7.319,4.048,2.72,1.411,B1
0.644,67.448,14.147,0.644,5.055,23.757,6.91,11.402,16.093,5.056,18.29,5.056,12.229,10.162,8.112,5.941,B1
42.842,11.097,28.204,14.701,5.631,0.843,2.946,6.437,22.266,0.26,3.064,11.961,23.6,9.186,9.49,5.941,B1
8.316,15.372,29.108,5.056,8.508,33.354,8.444,27.859,9.188,23.812,31.462,8.015,25.656,8.107,6.511,2.361,B1
22.51,11.344,17.83,30.237,7.604,2.281,6.526,5.417,12.05,26.209,3.399,2.425,0.967,8.611,9.354,10.682,B1
14.454,15.372,29.355,5.494,14.756,7.172,11.257,10.251,17.491,1.219,3.064,12.536,3.329,5.158,20.389,11.888,B1
18.674,19.4,39.942,32.539,9.412,10.337,2.936,31.196,6.191,1.699,2.444,8.59,5.477,8.364,3.373,15.852,B1
33.251,2.425,8.87,1.274,38.923,14.221,19.432,11.171,13.478,8.796,2.602,9.659,9.177,22.822,0.283,25.579,B1
35.553,10.193,18.29,9.138,5.631,12.536,17.77,9.198,0.086,15.084,8.906,4.069,8.256,1.634,10.887,24.108,B1
20.838,22.606,28.418,31.963,6.371,4.912,5.238,25.787,16.198,10.289,14.218,2.343,4.573,17.715,9.465,5.686,B1
9.467,13.07,25.195,32.922,24.784,12.495,25.953,30.259,43.96,11.824,2.337,2.672,2.809,15.372,9.422,6.654,B1
15.084,18.249,31.656,49.034,3.083,9.474,12.536,19.326,21.952,5.973,10.146,1.439,5.417,2.97,16.192,4.992,B1
10.481,49.609,12.536,17.961,26.264,10.81,25.579,0.814,42.144,3.809,0.762,3.74,3.022,1.85,19.78,4.16,B1
6.782,2.137,28.434,26.154,9.001,24.866,7.549,21.874,4.062,1.411,17.316,12.372,7.412,1.49,12.536,15.212,B1
17.523,18.002,11.402,34.018,5.96,20.88,1.658,21.414,22.303,5.151,7.028,16.564,15.391,2.857,4.886,9.01,B1
14.07,5.056,13.013,12.344,23.14,7.604,2.553,3.444,36.18,11.344,28.186,6.124,8.716,1.922,1.477,1.987,B1
19.057,36.704,0.337,12.344,1.274,18.002,28.127,20.954,2.948,10.714,0.832,0.781,0.03,3.864,2.246,0.26,B1
5.878,32.1,30.95,20.016,18.455,9.947,1.283,8.294,5.422,3.288,4.904,8.508,24.521,2.713,16.801,25.259,B1
33.251,1.891,34.418,23.715,14.756,12.104,12.015,17.156,24.358,34.21,11.72,10.317,3.636,13.831,1.883,7.677,B1
37.087,6.494,4.727,10.289,7.522,29.799,13.559,14.624,12.469,4.823,22.078,2.836,2.409,8.898,14.881,14.134,B1
41.691,41.307,16.005,15.221,14.18,1.274,26.73,8.853,4.413,12.303,3.045,11.549,13.703,4.408,26.457,25.899,B1
10.481,1.85,6.552,17.002,39.581,8.508,19.185,0.682,5.564,12.92,18.998,6.206,5.708,14.406,3.508,4.023,B1
9.083,10.522,25.656,34.457,31.689,24.908,5.494,13.226,35.59,16.619,0.408,4.069,8.086,10.666,4.886,8.371,B1
30.045,51.623,6.338,42.129,11.467,18.722,23.268,6.798,12.641,11.961,5.808,18.126,9.483,6.422,8.677,18.665,B1
43.225,3.864,32.347,39.252,46.815,4.048,5.759,19.688,14.628,3.521,26.858,29.881,9.544,5.949,7.908,14.006,B1
25.579,14.838,10.234,22.565,17.304,26.88,7.549,8.623,12.155,14.605,3.399,12.865,9.79,13.502,6.443,17.715,B1
0.644,3.0,4.02,4.151,9.001,25.586,2.818,21.973,5.564,9.179,4.815,0.945,8.393,10.882,4.548,13.614,B1
50.514,24.908,31.87,14.646,11.303,7.933,18.162,1.619,28.02,14.262,6.074,11.96,6.935,11.919,7.57,2.873,B1
11.248,11.632,24.061,43.225,12.207,0.021,5.494,14.969,0.191,0.986,4.815,3.0,11.939,34.001,3.871,21.222,B1
18.674,4.768,27.037,3.0,21.907,9.659,3.969,8.409,12.118,23.236,23.052,15.495,0.123,12.639,1.342,3.0,B1
9.083,1.315,23.354,14.07,12.289,0.308,22.373,14.048,33.707,1.37,25.088,14.756,6.398,16.379,0.351,1.155,B1
21.606,3.0,1.504,18.153,4.727,8.076,24.035,18.635,11.176,3.233,2.513,9.412,20.745,21.527,5.495,7.741,B1
38.485,18.866,3.559,12.728,3.165,45.294,4.736,1.85,2.911,18.002,13.598,18.619,28.648,2.754,2.72,20.455,B1
45.527,7.933,14.147,11.44,14.591,18.578,18.025,2.293,1.341,12.824,17.316,22.894,9.944,14.406,5.902,12.088,B1
16.756,18.537,13.013,9.714,7.111,7.501,29.671,5.878,7.342,13.303,2.691,1.685,7.335,10.337,7.594,12.152,B1
14.838,27.456,2.425,3.329,21.578,1.747,5.887,16.58,7.514,18.345,13.491,2.343,13.303,2.785,17.86,10.106,B1
1.795,11.097,15.298,2.37,6.782,40.259,9.595,16.679,18.014,15.413,26.966,17.139,5.571,2.497,2.111,14.454,B1
37.471,11.385,58.356,13.933,4.645,12.392,10.481,2.524,11.841,0.795,1.205,8.097,5.708,16.204,14.025,9.458,B1
2.041,9.371,21.989,0.123,20.838,4.768,15.468,9.33,10.795,18.249,9.703,5.795,0.184,1.459,1.545,10.042,B1
3.959,18.824,10.695,7.933,0.37,30.806,4.343,3.329,10.13,9.234,16.608,17.797,2.809,4.655,3.779,14.39,B1
36.183,1.603,4.48,33.306,33.498,21.887,8.828,21.282,4.794,1.603,3.045,4.891,17.139,10.481,5.495,22.894,B1
42.321,19.153,12.306,7.604,1.356,9.659,3.841,3.559,1.17,1.795,12.694,19.112,5.861,12.279,15.829,4.215,B1
39.635,24.044,8.393,18.866,4.562,7.028,5.494,2.639,5.212,4.96,27.035,6.206,10.465,0.308,2.788,4.8,B1
4.343,1.028,15.084,13.879,10.152,31.381,9.842,4.957,1.483,4.631,14.642,12.7,12.015,11.097,1.274,4.918,B1
30.182,48.788,15.988,15.852,24.373,28.75,5.878,10.579,1.446,20.304,2.355,3.822,19.611,4.048,1.477,6.014,B1
2.041,7.645,3.099,1.082,27.333,5.199,19.943,3.691,17.976,11.248,3.31,21.989,21.989,10.409,0.012,0.772,B1
5.247,14.797,49.149,12.783,2.836,15.516,10.097,0.797,5.459,4.384,19.884,3.987,7.565,12.752,28.556,3.32,B1
6.398,29.511,24.061,27.305,14.509,3.473,14.317,25.195,6.363,0.699,7.047,14.838,15.375,14.55,4.886,9.266,B1
25.579,4.192,12.783,8.124,3.247,3.144,15.221,17.501,18.29,1.658,0.054,16.317,10.771,8.107,10.481,7.101,B1
7.165,9.659,4.02,0.315,37.937,18.146,6.014,27.168,11.49,6.357,16.766,1.11,6.491,1.747,22.531,11.002,B1
14.838,34.361,21.299,26.784,18.701,8.22,23.789,13.473,6.191,27.113,5.346,1.85,4.557,5.734,15.785,12.207,B1
26.346,28.36,12.306,9.659,3.083,7.316,6.142,6.223,1.237,8.22,2.975,7.357,3.176,15.372,8.653,2.361,B1
7.165,0.411,8.393,10.81,25.36,10.09,6.133,26.478,7.933,1.123,8.906,4.151,1.565,17.139,12.13,16.171,B1
11.385,21.126,4.266,6.59,6.699,9.762,21.478,0.584,9.749,5.302,11.297,10.892,9.33,10.337,1.477,18.738,B1
3.192,1.891,40.617,17.386,15.166,9.762,5.503,9.429,3.89,7.796,6.143,29.388,6.721,4.583,3.373,10.417,B1
24.675,26.88,24.735,18.098,0.37,10.481,6.91,21.858,13.619,15.317,17.386,13.933,7.856,19.513,10.776,9.074,B1
23.907,12.248,6.321,76.079,0.288,4.912,12.664,4.842,11.946,4.631,14.218,8.426,6.952,7.244,5.699,13.166,B1
24.428,11.961,18.767,46.732,12.372,1.459,28.52,2.524,8.456,1.315,5.631,7.933,2.792,12.032,1.908,4.599,B1
10.618,5.056,26.116,12.974,18.044,27.168,15.468,15.199,0.228,9.851,11.189,19.441,0.353,15.485,0.8,1.795,B1
15.605,1.603,7.719,8.563,28.154,12.351,9.211,0.123,14.838,15.893,1.363,21.907,5.094,1.778,1.003,11.056,B1
1.028,2.178,9.56,10.618,11.467,29.799,1.658,4.825,11.699,11.481,4.727,18.29,7.105,0.668,0.259,22.437,B1
44.376,50.76,6.782,11.056,19.03,1.706,10.106,7.587,17.386,7.453,2.691,11.221,8.623,10.697,1.545,4.16,B1
19.825,24.62,7.028,3.905,32.84,24.723,41.426,16.926,0.646,4.343,3.753,21.661,22.51,9.186,7.908,6.334,B1
27.497,52.774,8.87,24.428,27.004,6.165,19.441,1.85,18.604,4.001,26.258,5.631,14.087,4.264,7.459,8.38,B1
10.864,8.179,19.918,6.206,18.866,13.543,9.842,12.092,14.561,2.466,5.346,2.836,17.6,17.139,3.643,6.014,B1
42.321,11.097,18.767,12.399,2.836,0.986,24.035,8.524,12.431,13.495,5.277,12.783,2.272,8.868,4.954,9.275,B1
3.004,11.073,14.266,7.582,45.187,11.244,5.14,0.12,4.752,9.07,1.116,22.526,9.448,13.477,8.145,20.344,B2
14.907,18.798,26.386,17.597,28.584,7.811,6.361,0.669,0.382,28.47,3.955,16.836,8.899,12.017,36.773,21.621,B2
20.4,23.605,20.583,6.895,22.428,4.721,16.128,7.983,5.002,7.64,25.52,4.942,8.314,32.618,11.053,11.264,B2
0.658,2.489,8.772,21.259,13.402,2.661,9.413,32.017,11.854,8.327,9.568,17.13,2.032,7.639,30.846,10.863,B2
10.73,32.017,8.772,15.537,0.135,25.494,24.825,5.064,9.247,15.193,2.701,0.037,3.497,24.206,15.122,1.574,B2
21.259,40.772,37.923,4.606,17.719,21.201,2.337,13.339,6.125,1.917,7.441,8.179,2.856,1.545,18.596,11.626,B2
18.111,20.687,1.905,11.244,25.37,26.008,27.974,20.893,11.494,7.067,15.59,12.986,4.504,20.258,14.718,18.817,B2
8.497,12.618,3.588,21.03,26.818,11.417,4.626,13.991,3.004,39.456,27.316,12.716,9.505,18.025,3.65,11.626,B2
33.676,10.901,16.463,30.415,11.048,1.116,26.962,20.756,11.369,11.417,9.131,0.92,4.412,24.978,4.377,13.533,B2
19.027,22.918,29.683,33.447,35.255,10.214,8.136,36.24,12.228,5.751,7.561,9.38,4.652,7.64,5.721,9.967,B2
15.822,27.897,3.553,16.28,13.869,1.459,2.337,11.931,8.483,19.828,9.885,23.188,10.054,18.798,14.688,5.675,B2
21.774,24.12,13.716,10.1,26.94,29.785,5.999,5.786,37.214,18.798,9.66,13.28,2.489,20.515,12.941,13.61,B2
32.761,55.022,3.004,16.681,12.618,16.909,4.321,2.764,22.841,6.895,3.849,7.124,5.567,1.288,4.539,7.831,B2
22.231,2.146,1.391,27.954,12.496,4.377,5.847,15.364,2.614,15.537,2.384,9.577,7.582,26.61,11.053,3.634,B2
35.965,20.858,23.914,27.496,52.838,24.464,1.727,14.678,14.226,4.835,30.485,9.478,1.757,4.206,3.136,10.501,B2
61.087,30.644,26.936,13.991,43.887,18.798,20.496,4.652,27.975,1.688,1.961,13.501,3.004,6.181,12.75,1.936,B2
45.522,13.991,17.872,8.269,2.097,23.948,12.618,15.914,7.983,17.997,4.8,14.752,3.222,26.952,8.255,0.124,B2
2.088,12.447,5.476,24.235,29.957,25.493,5.751,3.313,18.611,16.109,20.661,8.866,31.479,6.008,16.547,11.778,B2
44.663,10.214,3.004,15.136,14.384,10.386,13.629,3.726,2.989,2.604,21.069,7.713,13.11,2.06,13.425,16.509,B2
52.446,23.605,30.232,15.537,7.198,1.975,18.055,3.141,3.239,1.46,28.161,11.538,16.498,1.116,7.983,8.955,B2
1.173,20.171,17.013,16.91,22.035,0.601,9.051,3.039,38.337,6.953,21.189,16.125,14.907,2.146,4.135,14.83,B2
27.668,15.88,29.098,36.138,8.301,10.215,3.462,23.365,2.739,13.19,1.419,3.2,11.005,7.21,1.116,12.79,B2
28.584,51.931,5.786,13.477,10.067,19.485,14.754,7.124,12.243,22.747,9.568,20.442,19.245,16.909,3.731,4.321,B2
10.786,1.803,9.082,7.525,28.313,9.7,22.48,5.613,39.336,17.425,7.23,7.418,7.342,27.639,2.894,9.433,B2
1.116,7.124,9.631,17.196,9.553,22.404,18.665,11.107,1.116,11.646,25.401,32.728,12.836,12.103,3.217,18.874,B2
64.806,0.429,9.082,29.098,35.573,3.52,18.817,5.923,17.347,1.002,10.941,17.891,15.857,6.781,6.852,19.657,B2
41.86,33.734,3.279,8.955,5.555,23.776,17.139,14.438,10.995,8.955,22.14,11.342,16.555,4.636,9.063,15.517,B2
42.318,2.661,14.575,10.73,30.079,41.63,13.935,15.674,14.351,2.89,24.253,13.206,4.927,1.116,5.266,12.103,B2
8.04,28.584,34.901,18.798,5.162,24.978,10.73,2.18,8.497,7.582,12.406,2.121,12.343,15.364,0.228,2.566,B2
48.784,28.584,1.94,29.271,31.527,9.872,2.088,8.223,10.23,20.458,0.046,26.94,11.519,18.884,4.348,17.139,B2
13.533,27.554,20.309,8.212,2.023,15.365,5.389,10.832,9.232,1.859,14.322,14.972,15.583,14.678,6.397,11.722,B2
0.658,6.953,0.292,31.845,15.243,15.022,16.28,9.596,5.112,1.002,14.533,14.874,3.771,2.489,11.325,7.735,B2
11.646,11.073,15.674,25.608,42.44,39.056,4.072,5.064,21.857,4.377,15.167,11.637,14.118,6.952,1.065,15.975,B2
1.173,14.678,14.815,5.007,0.331,52.961,5.14,5.888,5.251,16.967,2.37,34.298,3.736,4.206,2.034,20.115,B2
24.922,7.296,24.154,2.261,3.863,17.082,6.762,26.214,19.485,11.188,0.271,6.61,3.004,18.197,12.618,7.678,B2
48.269,19.657,0.807,2.546,3.471,18.454,8.04,10.181,7.748,1.287,3.215,8.792,34.958,15.45,23.282,4.092,B2
6.208,8.327,38.198,24.235,28.584,5.064,6.819,2.18,10.495,11.073,31.119,23.703,14.209,23.262,1.792,13.533,B2
3.004,20.687,2.18,4.606,31.723,25.494,31.692,22.781,0.367,19.027,14.322,11.515,4.412,19.828,24.332,20.954,B2
0.201,1.803,0.292,11.244,24.193,39.227,10.939,35.69,3.004,7.182,1.539,16.247,6.243,1.46,5.883,15.441,B2
24.978,17.253,17.562,19.886,18.578,5.236,18.817,22.094,6.36,3.405,0.574,15.462,8.349,5.236,7.528,9.128,B2
48.326,15.537,5.201,9.871,8.768,15.537,35.355,10.593,13.976,1.803,1.856,3.078,25.654,20.429,4.105,9.489,B2
8.04,59.142,7.948,3.691,19.092,5.065,5.999,1.631,16.348,24.749,0.785,25.935,9.321,4.721,21.394,18.722,B2
21.774,17.597,11.005,37.567,31.723,7.812,33.218,6.163,6.749,8.497,1.842,13.304,18.02,22.918,15.364,5.14,B2
36.366,24.807,8.497,35.451,26.155,6.266,24.673,16.636,3.114,3.176,27.091,27.725,18.238,11.33,3.489,4.683,B2
32.246,5.923,22.266,0.257,31.331,6.781,30.72,10.146,34.951,20.687,1.102,5.236,10.272,18.455,3.65,4.988,B2
13.533,37.339,0.807,20.344,8.105,1.631,3.1,5.786,8.358,19.942,20.647,25.272,8.258,1.889,11.002,7.907,B2
10.272,22.918,4.138,30.929,19.559,4.893,1.173,3.828,30.831,11.073,8.934,11.538,9.997,19.657,2.762,7.373,B2
14.392,34.077,22.541,20.344,33.881,10.73,17.501,29.098,5.236,6.437,12.526,13.402,20.252,3.434,2.005,12.561,B2
18.569,11.073,17.837,10.558,1.238,34.42,10.425,27.21,25.088,34.134,14.519,13.673,28.915,11.931,3.731,12.103,B2
51.016,10.901,15.364,29.785,10.852,2.661,29.652,16.463,21.108,5.351,7.455,6.339,19.942,4.377,10.356,5.389,B2
40.085,38.369,8.258,7.067,30.938,12.447,1.116,27.073,29.208,25.608,13.582,7.124,3.095,1.889,1.631,2.032,B2
15.308,8.67,15.914,4.321,12.888,11.073,1.631,5.099,6.001,19.828,18.336,14.065,3.771,13.648,10.437,4.626,B2
14.85,0.086,20.893,1.402,2.293,1.975,14.907,16.188,30.706,11.817,7.652,6.437,11.977,7.382,0.499,3.08,B2
2.546,1.974,60.137,31.158,41.851,5.236,3.863,13.889,20.968,32.303,5.645,15.537,9.265,1.116,0.096,6.361,B2
34.993,5.923,25.288,40.258,27.921,0.085,19.886,6.575,5.876,1.058,1.961,19.386,0.201,1.717,34.43,0.944,B2
16.28,47.982,17.048,18.97,16.616,4.377,12.561,21.854,2.24,5.351,17.174,7.787,4.377,9.872,6.64,7.449,B2
34.535,1.803,28.858,0.658,28.192,13.648,8.899,11.279,12.493,8.955,16.224,6.021,0.475,19.313,21.585,5.217,B2
13.991,21.545,25.013,5.465,5.162,6.437,5.236,4.412,39.821,1.688,1.314,15.364,8.131,1.116,5.347,20.476,B2
20.344,42.318,6.335,25.894,11.048,3.004,27.058,26.798,16.488,14.85,3.863,25.076,18.055,1.974,9.761,11.397,B2
49.699,8.497,8.772,10.043,17.793,5.579,5.847,16.188,2.739,4.092,11.35,28.093,3.645,21.63,17.031,9.585,B2
4.778,15.708,3.553,21.087,11.637,3.691,24.616,9.047,5.002,9.128,5.222,20.834,20.95,16.051,0.499,12.847,B2
26.753,22.231,31.021,35.68,1.705,5.751,18.874,54.369,28.349,7.983,5.434,34.984,27.542,10.215,4.105,12.256,B2
19.485,25.494,14.026,35.451,11.319,17.253,5.999,20.446,8.732,14.278,6.398,18.676,18.844,18.369,2.196,1.269,B2
46.438,16.567,29.957,11.244,14.261,19.141,7.124,12.927,24.464,3.291,1.116,28.117,22.048,10.043,1.065,2.928,B2
10.73,0.944,38.747,10.558,30.742,18.798,12.256,3.039,28.599,6.381,27.739,3.102,0.109,4.636,2.842,21.564,B2
10.73,55.708,12.927,4.778,27.603,5.236,4.683,12.515,18.97,23.49,4.905,4.083,17.688,8.583,17.869,0.964,B2
10.329,18.97,36.824,2.317,20.073,12.274,10.786,9.494,15.364,16.852,27.845,6.045,26.844,13.991,8.174,12.18,B2
9.871,45.922,18.661,40.944,17.008,15.193,0.715,5.751,6.735,10.959,12.618,13.183,22.506,25.408,13.881,1.345,B2
7.124,3.347,0.292,20.344,13.28,1.459,0.811,19.794,12.478,1.688,5.553,8.399,2.947,12.618,13.506,0.944,B2
62.06,18.454,23.09,8.212,14.972,8.326,18.111,10.455,1.006,37.796,10.927,13.795,15.456,4.12,3.621,3.233,B2
23.605,44.549,23.914,42.318,13.795,16.738,27.516,2.901,6.61,15.995,11.575,26.426,16.646,6.18,14.365,4.473,B2
1.116,37.168,40.67,19.886,20.54,15.537,3.558,13.579,3.129,1.631,2.793,3.004,13.202,13.133,18.515,9.509,B2
22.633,2.833,40.12,12.332,17.008,46.094,7.067,6.747,22.466,9.413,11.786,17.228,26.901,3.261,16.789,5.007,B2
46.952,38.369,35.416,16.051,22.624,9.356,6.762,6.884,32.969,3.004,16.118,13.697,7.617,5.408,9.952,6.686,B2
62.06,27.897,36.789,22.404,5.555,13.133,9.051,18.833,0.507,7.869,0.891,0.528,6.335,12.103,7.366,2.108,B2
2.088,24.635,46.438,10.959,24.193,11.588,22.384,13.579,22.481,8.555,10.61,18.48,2.032,0.085,17.384,2.241,B2
7.525,7.811,46.438,26.524,20.147,6.094,25.589,31.433,31.705,6.038,10.927,0.724,6.06,4.635,15.364,4.397,B2
31.387,41.974,5.786,4.377,20.932,9.7,48.936,21.305,1.131,8.784,15.576,11.711,11.153,19.228,4.267,13.075,B2
18.569,13.82,6.025,8.269,37.021,31.331,4.072,10.146,8.483,14.22,10.716,9.577,9.138,6.867,12.214,5.847,B2
66.18,31.674,40.635,23.147,37.927,2.146,3.405,11.142,29.708,8.555,40.522,13.108,6.575,1.631,2.6,5.751,B2
32.246,12.447,27.725,38.198,8.105,16.394,2.394,35.451,23.23,29.899,14.11,12.3,22.689,14.593,0.793,20.553,B2
34.134,21.545,10.42,18.513,10.141,5.58,13.991,3.004,16.348,8.154,8.934,19.951,2.455,10.129,10.032,34.764,B2
25.436,0.773,0.567,26.809,14.654,30.472,27.363,8.395,24.853,10.214,7.019,11.907,15.125,16.567,0.823,4.016,B2
3.863,45.579,34.352,1.345,51.269,1.631,26.809,0.292,21.842,7.411,11.033,5.751,11.061,18.111,11.78,11.321,B2
2.947,5.064,49.699,10.043,9.553,1.974,15.613,7.571,16.099,20.629,2.067,2.588,5.053,8.412,15.496,7.277,B2
19.428,45.579,18.146,9.642,14.261,7.982,30.929,25.974,27.21,1.516,2.067,0.355,0.99,6.266,3.136,8.822,B2
2.546,1.974,18.386,1.402,4.255,29.27,12.103,0.257,1.506,15.822,12.843,7.395,16.829,0.601,21.827,34.439,B2
5.236,22.575,36.789,20.4,0.453,5.408,13.782,8.635,11.354,18.856,14.942,7.983,6.427,18.369,5.56,1.402,B2
21.717,23.777,26.112,27.267,20.736,20.515,14.24,3.004,15.599,0.143,24.781,11.44,6.976,3.52,14.769,3.08,B2
31.331,16.567,20.344,12.618,25.567,13.304,25.99,23.914,8.982,0.201,2.278,6.61,1.173,3.862,4.7,0.353,B2
26.809,26.008,1.391,26.066,6.143,4.377,3.462,15.674,8.123,4.606,11.786,18.382,16.498,12.875,19.161,22.099,B2
20.802,19.485,3.313,1.631,27.014,10.043,10.12,4.789,12.853,26.352,5.236,4.181,16.681,17.081,9.114,12.389,B2
14.85,1.46,0.841,32.933,3.078,18.97,17.501,11.829,10.23,4.721,23.196,9.577,16.681,6.867,11.457,18.874,B2
12.561,49.185,27.21,7.353,27.921,18.455,0.964,25.425,39.461,15.308,28.161,4.181,10.638,0.344,12.83,15.593,B2
15.766,33.218,20.034,19.714,3.396,26.352,38.254,19.347,4.237,10.672,8.497,1.435,15.456,11.159,21.747,5.598,B2
18.569,22.231,3.863,40.716,7.713,31.33,15.364,18.558,1.741,2.546,0.997,13.991,2.581,15.794,1.116,12.79,B2
2.032,17.768,3.313,27.496,12.618,30.472,2.088,12.378,0.632,10.558,6.504,7.885,6.208,4.206,9.68,16.071,B2
6.152,20.171,53.854,15.537,25.837,27.553,4.473,11.244,6.625,4.606,13.16,6.512,11.244,3.519,8.872,11.931,B2
36.366,15.537,21.133,15.995,14.261,5.236,4.072,9.047,2.24,1.231,35.873,14.163,20.985,5.236,7.043,14.601,B2
25.837,3.004,33.493,11.702,26.155,7.983,11.702,6.3,10.745,20.802,5.54,20.956,4.743,2.661,13.8,19.79,B2
18.757,31.09,1.643,9.819,1.916,4.95,5.601,2.489,18.85,0.24,17.517,9.782,1.689,2.979,2.349,3.038,C
26.19,10.812,1.643,2.771,17.306,7.064,9.007,18.404,6.059,8.281,1.194,5.485,9.633,6.391,7.013,2.643,C
25.58,6.968,14.81,8.506,17.526,26.67,13.461,1.586,17.356,8.314,6.081,15.59,6.251,15.185,5.069,6.242,C
13.632,13.119,3.739,3.764,16.208,13.023,4.491,5.738,0.188,0.369,12.468,5.54,3.944,2.258,3.169,4.437,C
7.128,8.314,1.797,4.405,1.16,9.178,3.295,6.871,0.022,1.394,5.253,7.75,3.899,9.947,7.285,0.891,C
29.778,7.832,15.329,6.231,3.783,3.315,1.671,13.888,8.339,8.601,2.14,3.893,16.963,6.151,8.868,3.412,C
5.334,14.464,27.42,8.89,1.366,22.826,0.123,5.892,8.855,11.133,6.672,2.039,2.976,4.758,2.219,3.85,C
10.043,37.818,5.738,3.155,17.416,6.776,1.586,4.2,2.538,11.069,8.092,7.957,9.582,10.62,8.635,1.501,C
22.761,7.448,9.332,30.706,10.593,3.124,0.464,11.561,11.135,13.471,0.721,6.871,2.252,5.19,2.626,12.894,C
6.615,28.88,17.117,12.606,4.771,24.459,14.315,9.813,7.011,9.562,3.301,3.247,3.078,5.718,1.037,11.143,C
0.208,19.558,5.949,18.02,26.739,14.945,5.675,12.35,6.828,29.168,7.404,4.552,2.104,1.057,7.33,10.556,C
14.816,7.256,12.504,4.149,14.89,33.109,0.988,3.258,6.898,0.048,6.436,16.372,7.429,0.337,8.822,11.741,C
12.606,22.537,2.97,10.428,5.32,11.389,27.727,2.797,3.936,15.041,5.844,13.681,6.051,16.098,3.44,0.721,C
3.796,11.869,3.335,8.793,4.222,7.449,7.042,3.719,2.495,6.423,4.21,5.169,6.148,0.336,2.349,0.561,C
6.968,9.37,5.641,0.208,0.061,10.331,3.283,20.173,0.651,5.398,2.377,3.948,0.464,3.172,2.213,10.246,C
1.074,22.056,13.637,13.791,24.775,13.407,0.475,2.181,6.828,7.192,9.63,11.43,8.66,7.353,0.494,0.305,C
11.837,16.387,2.662,0.176,0.707,0.913,8.848,8.275,4.425,1.618,2.769,7.64,5.533,3.796,4.254,3.081,C
2.515,19.558,3.124,10.941,7.737,24.171,9.947,2.816,5.71,1.65,5.253,10.153,11.587,2.114,5.114,3.753,C
23.883,6.007,3.95,9.05,9.055,2.739,1.575,3.893,9.205,0.689,0.699,8.244,5.744,8.794,3.751,8.11,C
4.565,0.625,20.654,17.348,3.576,3.124,21.149,8.583,1.796,3.444,0.699,0.775,10.505,3.46,4.791,13.022,C
1.233,14.752,3.027,6.359,4.552,8.41,22.249,0.721,12.393,2.547,11.011,1.874,5.385,6.728,10.948,3.807,C
2.867,27.535,3.642,5.943,14.437,0.24,24.811,18.578,3.377,12.478,0.011,4.222,7.993,9.467,3.615,10.758,C
24.396,21.384,1.586,5.846,15.316,13.599,3.636,7.41,6.592,3.988,0.817,11.966,3.021,9.082,6.244,5.687,C
8.506,0.048,4.662,19.782,5.54,0.048,7.897,5.968,0.511,3.508,0.011,8.945,10.101,7.353,7.188,5.889,C
0.977,13.311,0.874,21.223,10.373,10.62,11.314,15.195,7.5,11.902,4.425,9.782,9.326,3.604,6.871,17.251,C
5.687,15.618,1.432,25.292,1.366,2.066,8.495,7.429,4.871,12.927,7.678,5.101,2.97,6.967,9.495,5.43,C
11.228,1.009,10.716,0.689,5.98,14.656,7.651,20.249,0.258,3.924,11.839,5.046,1.022,7.929,6.471,0.433,C
0.464,2.066,10.966,4.405,1.05,7.064,3.978,11.946,7.78,8.121,9.216,3.686,3.642,9.562,20.581,6.712,C
40.957,4.949,11.792,27.374,5.54,10.908,5.943,0.336,9.414,6.135,2.022,0.446,1.637,12.398,5.65,5.419,C
6.359,8.025,37.261,8.249,4.235,0.144,0.55,13.042,5.92,2.419,9.984,6.419,6.814,2.018,3.983,0.635,C
3.38,40.221,4.969,2.099,11.471,7.16,2.611,20.884,20.921,12.094,1.312,2.753,12.914,9.947,8.008,2.13,C
1.33,8.601,12.35,15.041,2.478,8.505,6.797,10.505,6.871,7.737,0.758,24.652,2.252,7.592,9.456,1.842,C
30.45,27.919,17.424,8.025,0.927,17.252,8.495,13.099,15.049,11.677,9.097,2.258,7.948,8.409,0.998,1.319,C
4.052,6.007,0.413,15.457,5.334,10.524,0.048,9.486,11.092,1.074,0.758,19.49,9.639,13.167,13.978,8.452,C
9.947,3.796,10.966,7.609,1.709,8.121,4.052,3.816,3.726,0.849,4.839,3.247,7.897,11.053,10.722,7.096,C
7.224,2.163,9.178,11.1,4.881,4.469,17.732,6.103,5.151,6.904,18.678,0.158,12.965,0.865,5.017,1.746,C
20.295,17.635,31.264,2.227,23.017,6.488,5.761,15.944,0.651,4.693,7.619,1.16,14.201,1.874,3.847,1.671,C
0.977,10.331,1.951,18.661,20.93,11.485,2.697,5.123,6.732,4.854,0.07,11.362,7.23,1.73,4.616,10.086,C
0.048,4.757,9.736,3.796,13.119,4.373,4.052,4.662,16.657,1.906,10.339,2.203,2.252,6.968,9.042,2.087,C
13.791,26.958,0.413,4.662,4.442,0.048,9.263,4.738,0.258,12.542,2.769,4.18,6.718,7.256,13.978,13.418,C
10.812,3.893,21.884,4.693,1.16,4.277,3.625,18.117,2.538,3.572,3.382,3.357,2.355,2.98,10.716,8.634,C
10.203,5.141,1.489,16.098,0.268,7.16,7.811,3.95,1.796,23.786,25.383,11.649,4.667,5.526,0.133,5.345,C
13.119,12.35,23.422,0.305,7.298,7.064,16.536,17.809,12.21,1.714,11.167,1.421,3.124,8.842,4.791,6.957,C
30.546,5.046,0.663,12.125,13.119,6.584,0.903,3.816,5.36,6.487,13.71,5.663,0.151,7.208,1.67,0.006,C
3.636,4.949,2.201,14.144,11.924,1.489,0.048,3.508,5.85,13.696,2.909,14.121,5.635,6.247,2.258,9.958,C
20.551,15.521,11.427,10.941,19.063,17.635,9.263,7.122,1.35,6.007,9.452,7.298,0.458,2.499,1.896,2.643,C
23.53,3.508,8.717,1.233,17.183,5.334,13.802,5.892,6.129,9.05,19.351,5.389,8.403,7.064,2.891,3.893,C
5.846,9.467,5.892,8.537,6.212,14.944,1.489,4.277,0.677,7.288,2.258,4.675,20.967,0.288,5.65,6.071,C
5.943,28.112,3.335,2.099,13.132,24.556,8.677,13.888,11.232,5.526,5.629,10.441,4.456,11.197,15.109,2.526,C
16.451,9.562,0.202,15.842,10.263,14.945,2.867,6.103,30.007,8.121,15.071,11.21,10.915,9.466,1.082,14.272,C
11.837,2.931,18.962,17.507,6.748,0.528,2.173,3.585,3.194,2.099,8.802,10.167,4.098,4.277,13.209,1.575,C
32.084,18.501,24.19,13.76,3.466,3.124,8.762,1.432,9.597,9.467,5.49,1.202,15.887,3.124,2.264,13.247,C
49.927,1.394,21.326,23.883,0.378,9.178,1.928,15.175,14.071,2.066,0.188,1.751,1.176,1.634,1.179,5.505,C
18.917,13.311,4.662,1.361,8.519,2.259,2.099,2.566,1.167,1.842,6.694,13.833,1.438,7.256,3.66,7.854,C
19.429,0.913,5.949,2.771,5.32,1.489,16.024,5.277,0.231,11.453,0.78,1.599,12.202,5.574,1.089,21.192,C
20.295,11.966,4.719,13.919,0.94,13.215,18.233,3.104,9.135,2.931,30.389,11.197,12.35,1.153,3.621,3.295,C
16.354,6.007,0.259,0.721,0.721,15.521,4.479,13.33,2.398,3.444,6.103,0.281,11.222,2.114,8.68,7.523,C
12.606,8.601,11.735,12.478,5.334,4.853,10.385,16.098,12.463,7.865,11.522,2.203,3.54,2.018,3.479,10.684,C
22.345,9.082,12.1,16.738,0.707,9.659,5.772,5.661,6.409,4.501,12.764,2.849,0.561,0.048,5.747,6.487,C
10.812,17.732,9.736,4.565,6.762,23.306,9.947,5.353,8.646,14.208,1.549,3.906,13.791,15.377,2.349,5.302,C
4.918,37.722,10.351,14.144,0.611,5.719,3.893,15.118,13.119,8.121,4.801,4.016,18.661,2.835,9.003,1.361,C
8.249,22.345,1.278,15.554,20.258,3.508,7.128,0.029,6.312,7.737,14.893,7.792,2.925,3.989,5.702,9.446,C
7.64,7.832,3.95,15.329,2.794,8.314,1.404,6.737,17.356,7.737,6.103,10.221,10.454,15.041,0.817,13.407,C
5.43,5.141,8.813,20.198,14.547,8.89,5.089,1.413,3.823,12.991,17.318,4.277,0.413,3.893,7.42,0.165,C
3.38,14.272,3.027,16.579,12.46,3.316,4.223,9.87,9.484,6.231,10.871,7.517,4.046,3.893,3.395,1.575,C
1.33,26.285,6.871,21.704,2.684,16.002,2.344,2.893,9.458,1.586,7.205,3.192,1.945,5.862,6.199,3.423,C
22.249,16.002,7.429,9.531,4.345,5.334,1.917,4.815,9.624,21.352,5.312,14.107,6.353,2.835,6.199,2.825,C
8.665,4.854,20.5,3.155,5.211,13.215,1.062,8.409,1.516,11.453,4.624,14.327,17.533,22.489,4.113,1.703,C
1.33,35.127,12.811,10.043,7.97,0.529,3.551,2.72,4.102,4.918,3.479,2.904,4.206,7.208,7.692,1.671,C
3.124,5.815,13.58,4.052,11.485,12.638,7.651,8.967,5.823,17.284,6.613,2.904,1.131,2.883,6.826,3.935,C
7.224,1.682,12.196,1.714,10.263,29.072,13.193,8.583,1.14,6.487,13.06,0.721,5.43,4.036,0.003,2.227,C
26.446,9.37,23.017,0.689,0.927,11.389,14.059,1.028,5.613,1.009,16.926,7.023,5.277,8.793,4.526,2.739,C
22.505,15.521,7.583,4.021,5.224,29.841,5.334,10.12,5.194,3.604,4.447,4.057,0.868,0.865,2.581,3.594,C
30.546,9.178,18.193,2.739,6.322,14.272,3.54,14.56,9.414,2.707,6.909,3.618,7.071,0.192,8.228,0.475,C
12.253,30.61,17.117,12.094,22.894,13.215,20.722,15.733,3.264,5.526,9.393,3.302,7.384,5.766,1.631,7.438,C
3.124,4.757,5.488,8.153,24.665,7.832,11.325,19.173,9.318,3.7,6.93,3.343,1.074,9.275,2.168,4.864,C
19.013,23.017,11.177,3.764,4.552,9.179,25.153,5.2,3.307,0.913,8.447,0.597,4.462,5.046,12.525,9.189,C
13.375,6.584,9.024,1.714,9.178,12.157,14.389,10.793,7.737,7.0,5.807,9.384,7.122,7.689,1.987,2.91,C
14.56,11.1,3.488,7.768,2.039,11.966,14.827,21.115,1.726,3.86,4.979,12.198,3.13,3.412,5.786,8.42,C
6.712,25.805,15.272,14.047,14.766,1.393,3.124,13.734,5.124,6.039,5.215,4.126,2.509,18.404,5.204,1.372,C
11.997,21.48,20.403,13.888,13.558,0.721,14.059,11.715,11.554,17.187,1.35,17.018,0.208,1.298,5.43,8.067,C
16.098,3.796,4.719,3.764,23.993,3.316,10.972,9.352,4.032,3.508,2.199,1.709,12.914,4.373,5.521,17.518,C
2.258,3.988,11.331,10.556,14.89,8.121,9.605,8.102,13.538,11.549,4.129,3.192,12.401,4.901,5.656,7.555,C
13.535,0.336,18.193,16.707,5.54,20.039,3.807,10.178,8.199,17.059,5.57,6.089,6.461,5.526,5.605,7.213,C
8.665,27.246,18.501,29.425,1.586,0.432,12.948,3.027,4.522,3.732,1.489,5.334,7.071,5.142,4.158,14.87,C
17.22,8.89,15.021,9.787,5.101,16.483,16.024,1.489,14.979,0.464,1.35,7.75,9.28,1.49,2.264,4.864,C
3.893,8.409,12.658,9.275,4.235,11.389,18.074,15.713,10.183,2.355,5.49,6.034,3.181,13.503,1.179,11.613,C
0.977,4.854,19.577,18.629,11.924,1.778,0.903,13.273,6.103,1.874,4.683,7.078,5.943,4.902,7.013,7.085,C
15.842,25.805,3.181,11.069,0.171,15.906,4.479,15.867,6.828,5.558,5.275,4.552,2.457,8.986,2.439,0.721,C
5.846,5.046,6.661,6.615,13.339,15.041,10.3,1.817,0.398,8.025,5.689,4.222,4.918,10.572,8.454,1.671,C
26.446,6.968,17.578,6.968,7.201,10.716,10.641,7.045,4.914,21.769,7.559,5.553,5.277,7.401,15.923,8.879,C
4.565,14.176,19.27,21.32,3.014,11.101,21.138,2.509,5.893,8.922,12.528,6.926,6.308,18.789,10.451,5.718,C
15.425,10.428,8.717,15.842,6.639,2.162,0.561,2.104,1.027,1.394,12.313,11.1,5.225,12.446,2.53,13.62,C
2.611,8.89,21.787,9.434,14.217,13.792,9.616,19.654,13.162,5.943,20.001,10.098,1.797,9.466,8.726,9.861,C
4.405,23.691,12.196,0.945,10.593,9.274,13.632,1.894,0.048,8.121,6.909,0.488,8.717,7.448,5.786,0.55,C
13.791,9.659,25.421,14.176,5.211,6.199,12.766,14.272,0.86,0.144,8.941,10.318,3.54,2.787,1.269,16.024,C
4.149,27.438,13.945,4.405,12.57,9.371,19.088,6.891,24.695,11.1,0.661,0.762,3.642,7.208,8.234,11.496,C
19.429,14.657,2.72,8.153,8.299,3.027,10.3,4.027,2.355,0.656,3.538,9.288,4.815,3.845,3.621,2.269,C
11.837,11.581,6.353,47.236,6.309,0.625,17.22,6.353,20.291,4.982,17.34,4.29,7.378,7.112,1.851,6.359,C
3.027,15.713,5.123,9.691,5.004,0.529,12.436,11.12,5.264,1.105,18.205,8.231,1.592,2.354,10.631,8.708,C
