# percent error estimates for questions; 30 - 180 minute tts, 30 second sampling intervals 
30.0,40.0,50.0,60.0,70.0,80.0,90.0,100.0,110.0,120.0,130.0,140.0,150.0,160.0,170.0,180.0,Transcript
0.202,16.091,3.463,4.21,15.509,15.582,8.171,0.815,7.389,9.133,11.077,5.762,1.427,1.325,1.475,8.623,A1
5.228,4.889,1.425,12.697,12.89,5.653,9.754,7.945,8.5,9.811,1.051,9.253,1.698,7.308,6.027,6.586,A1
20.843,3.362,7.942,8.623,7.653,4.889,6.134,8.555,9.425,14.903,10.137,4.13,9.166,2.089,7.945,12.923,A1
15.138,1.325,2.239,1.155,4.743,17.109,0.655,2.852,12.202,7.945,4.184,12.745,1.561,2.089,1.235,0.768,A1
7.945,2.749,0.612,19.485,11.726,10.745,15.186,9.777,6.834,0.646,4.967,12.017,5.908,5.908,10.34,4.437,A1
1.155,1.834,1.427,8.284,12.89,16.091,9.754,3.868,4.611,7.774,4.027,1.658,0.612,6.035,8.663,14.28,A1
7.671,4.379,11.201,17.449,8.526,10.745,0.429,3.463,10.722,2.003,0.046,9.835,16.77,7.18,8.663,7.604,A1
17.449,2.343,6.315,0.542,7.945,4.635,8.623,0.407,4.055,4.379,6.221,2.562,3.871,9.98,3.078,6.247,A1
14.054,5.398,6.315,6.926,5.035,28.311,11.112,0.202,3.5,3.022,2.148,5.471,2.377,0.561,7.704,4.21,A1
9.708,13.036,9.166,13.715,1.948,9.472,6.134,7.127,1.649,14.224,13.271,0.93,1.967,1.221,16.69,12.923,A1
31.705,0.202,9.574,11.338,9.69,0.458,0.476,7.129,13.128,3.088,11.391,9.108,9.166,0.458,7.105,4.097,A1
3.597,10.386,2.649,5.634,8.526,4.379,13.375,0.409,10.166,6.586,7.63,15.073,7.401,0.712,2.792,13.149,A1
1.561,1.73,12.833,15.412,4.567,11.253,2.739,12.221,3.905,11.338,12.958,1.543,18.399,9.217,9.98,1.721,A1
0.202,19.655,17.721,3.258,3.871,11.253,5.454,0.204,1.834,11.338,10.137,6.635,1.834,6.035,0.516,1.495,A1
18.807,3.258,13.647,24.238,1.834,18.637,9.754,2.85,6.834,9.98,5.595,16.818,11.474,3.235,0.876,11.112,A1
18.807,0.202,8.759,9.708,5.908,15.073,12.923,9.574,9.425,8.453,7.161,5.471,2.785,4.379,3.751,2.739,A1
6.586,7.435,16.498,7.945,16.382,2.343,8.849,0.001,10.907,1.39,14.837,12.89,8.759,3.362,0.397,2.852,A1
0.202,35.949,2.647,2.918,10.563,22.455,7.265,9.98,0.167,13.885,18.284,2.125,0.748,1.325,5.908,1.721,A1
1.561,4.889,11.61,14.393,6.198,13.545,10.66,12.221,10.351,4.72,2.71,2.852,12.967,4.762,3.99,4.776,A1
10.66,2.239,9.98,0.476,7.653,7.18,5.454,9.574,3.871,4.04,15.308,0.93,11.067,5.78,0.802,16.091,A1
14.733,12.017,1.02,8.284,16.673,4.125,8.623,14.665,5.758,6.416,0.111,1.688,9.302,11.89,5.667,6.426,A1
13.375,12.526,15.684,3.597,12.89,16.6,2.061,3.054,7.018,4.276,4.027,5.471,7.537,1.834,7.465,7.378,A1
2.513,3.871,12.425,8.962,4.743,7.18,16.317,20.367,12.943,2.749,4.654,6.053,8.487,7.689,7.824,7.604,A1
6.586,17.109,5.5,13.375,10.272,8.453,10.886,7.129,4.055,14.563,9.198,7.653,4.55,5.271,7.345,8.736,A1
3.871,7.945,2.241,5.295,5.035,10.745,10.434,2.852,0.353,5.568,1.677,3.258,8.215,6.162,4.47,3.418,A1
14.054,20.673,11.203,5.973,9.108,1.579,15.186,3.463,3.905,4.889,4.34,0.202,1.155,8.453,3.871,4.21,A1
9.98,7.945,14.462,3.871,9.98,8.962,14.733,0.814,7.018,1.051,7.945,10.417,2.105,3.362,0.083,8.284,A1
16.496,1.73,12.017,9.641,9.69,0.458,22.427,15.276,8.129,5.738,2.774,11.436,13.103,8.58,6.626,6.699,A1
12.017,8.453,2.649,3.937,3.112,10.999,7.945,1.628,1.128,6.926,0.737,7.508,0.067,11.636,9.142,10.207,A1
14.054,9.472,4.276,3.532,3.289,10.49,9.98,2.038,5.722,12.017,0.673,1.803,6.315,0.202,0.682,9.867,A1
12.423,11.404,0.61,3.937,5.616,8.453,3.418,7.129,1.649,11.168,2.304,3.435,9.845,2.852,3.871,4.502,A1
8.349,0.815,4.278,0.542,2.822,6.671,13.601,3.463,13.868,0.137,10.451,15.218,3.871,5.78,8.184,10.999,A1
16.77,1.325,11.61,19.485,0.202,7.945,6.586,17.313,5.166,13.205,0.673,5.616,5.772,5.016,2.718,8.736,A1
9.302,8.962,15.276,8.284,9.399,17.618,3.645,12.628,10.536,14.393,3.245,1.948,3.463,2.471,9.741,2.287,A1
1.834,30.348,0.202,21.183,3.985,2.852,10.434,12.628,3.315,0.646,1.77,9.69,3.871,6.671,9.501,5.228,A1
3.871,4.785,28.311,3.532,1.366,1.985,9.754,7.129,15.165,9.98,0.202,3.143,2.921,7.308,5.309,13.601,A1
11.338,6.416,12.425,4.21,8.526,13.29,12.697,5.703,1.128,12.866,7.004,13.182,9.438,2.725,4.35,3.532,A1
2.513,6.926,13.645,3.191,10.563,14.054,7.717,1.223,12.758,0.882,12.33,4.452,2.513,9.853,3.99,7.152,A1
33.063,6.416,15.684,8.623,12.599,6.671,2.692,1.02,5.908,1.834,1.77,8.089,7.673,7.967,3.152,0.363,A1
12.017,4.276,17.721,8.962,12.017,11.253,7.039,14.258,12.758,7.774,20.321,0.058,3.327,19.273,2.433,12.243,A1
5.228,3.362,25.46,1.155,7.945,1.071,11.112,3.871,2.76,1.664,11.391,9.835,8.215,5.525,4.111,6.36,A1
3.597,5.398,15.684,11.678,6.198,3.107,0.702,5.297,0.909,3.022,0.267,8.526,2.785,13.417,9.262,13.262,A1
17.449,17.514,9.166,9.98,1.543,4.125,7.265,14.054,2.054,3.532,16.091,3.579,15.955,6.289,6.746,2.626,A1
14.733,7.945,6.722,5.295,4.276,1.325,3.191,8.351,2.76,6.757,1.677,6.053,11.203,12.145,3.272,5.795,A1
4.955,4.379,19.348,3.937,8.526,0.202,8.171,12.833,2.575,9.302,1.299,3.289,8.215,6.416,0.755,9.076,A1
22.201,18.637,10.388,17.449,21.037,15.836,0.202,13.647,1.834,14.733,11.391,9.108,9.98,9.98,7.465,13.715,A1
13.78,4.785,3.461,16.091,9.222,27.547,12.923,0.612,16.647,2.409,2.148,7.508,2.105,3.489,1.954,13.601,A1
16.77,15.073,19.35,6.586,2.707,3.362,5.454,8.962,4.276,15.242,1.457,2.093,8.895,0.075,1.954,5.568,A1
18.807,1.221,0.612,1.495,6.895,1.325,2.965,2.852,2.239,7.435,10.608,3.985,2.513,6.416,9.861,3.145,A1
9.028,10.999,0.61,6.313,4.452,3.616,6.586,10.591,2.945,0.646,9.667,14.054,11.474,2.622,8.543,15.751,A1
6.313,10.999,1.425,4.55,5.616,11.763,14.733,5.5,22.571,1.495,9.04,14.2,11.61,0.815,9.861,6.247,A1
7.265,0.815,9.166,7.265,12.599,8.708,4.502,2.038,6.092,11.509,2.617,6.198,7.265,9.853,6.986,5.341,A1
1.834,13.545,3.868,7.332,19.873,5.653,14.054,2.239,4.611,2.003,14.054,6.198,10.66,0.458,7.465,5.115,A1
5.908,35.949,10.388,5.295,5.44,11.763,10.886,3.871,3.13,5.568,3.401,8.089,3.599,12.272,11.538,1.382,A1
2.239,10.896,1.834,11.404,3.289,7.18,0.25,2.649,3.871,9.133,0.986,14.054,13.783,6.289,9.262,8.284,A1
9.98,16.6,5.908,1.9,9.98,11.659,7.945,5.703,8.5,5.398,4.654,9.835,14.462,7.945,3.916,7.491,A1
10.66,0.202,16.905,9.98,9.98,4.125,3.191,14.665,1.464,0.307,4.184,3.579,5.228,2.089,1.521,3.418,A1
0.476,4.379,5.092,5.228,0.785,7.689,13.828,1.017,4.611,10.66,9.667,6.053,1.97,9.345,3.152,1.947,A1
2.513,0.307,4.684,10.321,1.543,5.908,17.223,3.667,9.796,23.559,7.317,1.107,10.66,2.852,4.71,5.454,A1
0.202,0.712,18.127,9.302,18.418,2.089,3.418,8.759,18.498,18.467,5.595,14.345,5.5,10.49,8.303,2.013,A1
2.239,2.749,5.5,11.678,0.379,15.836,14.733,14.054,19.609,6.757,6.534,1.512,1.017,10.872,13.096,7.152,A1
0.882,5.398,3.871,8.623,12.599,7.689,9.528,8.555,6.834,5.295,0.895,14.636,9.03,16.6,8.064,1.9,A1
31.705,5.803,16.905,10.321,9.108,1.834,6.36,9.37,0.353,0.712,5.28,18.418,3.461,9.09,4.829,9.528,A1
5.634,24.747,7.129,6.313,2.998,12.782,4.728,9.98,0.538,2.003,16.248,11.726,8.623,9.599,14.054,3.758,A1
3.871,22.71,4.276,5.228,5.325,1.579,13.375,7.129,2.76,14.054,8.884,14.345,2.241,4.889,14.174,7.265,A1
1.834,0.712,5.092,13.036,6.313,11.509,10.886,3.871,13.128,4.55,22.358,6.926,12.017,2.089,5.667,2.287,A1
10.66,16.496,1.427,4.889,9.399,4.785,5.908,2.649,1.464,7.604,5.751,10.999,2.377,7.18,2.792,1.495,A1
8.623,13.95,4.276,0.202,19.583,5.143,12.017,7.129,2.389,1.39,3.871,2.562,0.067,0.815,8.423,5.454,A1
10.66,4.379,0.61,13.375,9.98,2.089,2.965,11.203,12.202,7.096,8.101,9.69,3.191,2.622,2.313,1.561,A1
5.634,12.423,1.427,9.302,8.526,0.052,11.112,6.109,4.055,7.945,6.377,11.726,9.98,2.216,7.945,5.228,A1
12.697,7.332,3.461,0.542,20.164,0.202,1.608,9.98,3.13,15.751,6.064,7.508,5.228,1.961,0.876,1.221,A1
20.57,21.183,4.684,14.733,3.403,13.036,5.002,3.057,1.313,3.937,4.654,20.601,6.315,7.435,0.442,0.815,A1
10.66,16.091,9.166,6.313,0.961,7.586,2.965,6.111,4.797,17.449,9.198,3.289,16.498,8.072,10.7,5.341,A1
8.623,1.73,7.129,3.258,7.072,9.217,0.024,7.129,4.797,0.033,3.871,2.822,6.722,12.399,4.829,4.21,A1
3.871,5.295,3.868,14.733,11.436,10.49,10.66,8.148,11.091,7.604,20.164,1.075,0.612,5.271,14.653,4.776,A1
7.265,15.073,16.905,0.542,3.579,4.276,9.302,23.83,0.167,2.513,12.174,14.345,9.302,11.636,0.037,12.81,A1
0.476,12.932,5.5,13.036,15.8,13.29,5.634,3.463,8.685,5.398,23.611,0.639,1.427,9.98,9.622,8.962,A1
14.733,2.239,0.612,2.918,12.89,17.109,10.207,7.129,8.87,8.114,4.34,10.563,16.091,10.236,0.755,3.532,A1
9.302,11.509,9.164,0.137,1.658,12.272,4.097,6.315,16.091,16.43,15.308,17.546,1.02,5.398,10.221,5.228,A1
10.386,14.563,15.276,4.615,7.072,7.435,0.202,11.814,9.611,3.701,7.317,5.908,2.241,3.385,7.105,1.382,A1
9.028,0.307,1.832,4.55,13.763,2.749,11.112,3.667,16.647,3.191,3.558,13.763,6.722,8.962,10.221,5.908,A1
22.879,10.49,14.054,17.109,2.239,14.054,0.882,2.241,10.536,4.379,5.437,9.253,1.427,2.852,3.391,4.663,A1
22.201,3.871,3.463,5.568,3.985,14.563,0.476,5.702,0.167,11.509,7.945,10.417,0.884,14.309,18.607,13.601,A1
9.708,7.332,0.61,17.449,6.489,9.98,5.002,12.833,7.389,5.228,1.208,6.926,1.425,1.071,2.193,0.768,A1
2.513,10.49,1.02,9.708,11.145,20.418,1.155,5.498,0.943,2.852,15.308,4.162,3.735,3.743,8.184,5.454,A1
19.485,1.325,6.722,2.852,9.69,1.221,9.528,7.942,8.129,2.174,0.58,1.398,5.908,0.458,3.078,10.886,A1
10.66,5.398,12.833,5.295,13.472,6.416,2.061,2.241,7.018,4.379,2.617,1.512,8.623,6.162,14.293,7.152,A1
12.017,4.889,0.202,7.604,5.73,2.598,2.465,1.425,8.129,15.073,10.608,8.962,7.401,2.725,3.871,6.36,A1
6.991,6.416,3.054,10.66,0.671,10.236,6.134,9.37,4.055,7.265,11.704,6.78,11.067,0.561,0.996,3.191,A1
5.228,1.834,5.908,13.375,5.908,15.327,6.813,0.202,7.574,10.66,5.595,4.889,15.276,5.016,3.511,4.097,A1
9.98,2.239,1.425,21.522,3.579,6.162,14.28,6.926,13.684,6.757,0.58,7.216,1.832,6.543,6.626,8.058,A1
3.191,14.563,22.201,10.321,1.543,3.107,11.565,6.315,15.536,11.848,8.884,7.072,6.45,0.688,3.511,8.397,A1
30.348,28.82,1.02,1.834,19.291,10.49,10.886,5.092,10.166,8.284,0.986,10.272,5.09,8.199,17.049,6.134,A1
21.522,28.311,24.645,6.586,7.072,0.458,5.908,8.759,7.759,5.059,0.267,7.945,5.364,4.508,0.202,14.054,A1
8.623,11.509,0.61,8.349,1.834,23.22,5.682,15.276,4.426,12.357,4.967,7.216,5.092,4.379,6.866,13.262,A1
15.817,4.276,13.239,2.852,4.452,10.49,5.228,2.85,5.537,16.261,1.208,6.198,8.487,0.434,7.945,7.039,A1
5.908,3.362,3.463,18.127,14.636,9.877,2.739,4.482,9.055,8.623,14.211,14.2,0.884,5.016,2.074,8.058,A1
4.55,0.712,9.166,3.191,9.98,4.889,0.024,13.647,4.241,21.861,9.04,1.252,2.241,0.052,5.188,1.608,A1
11.338,2.343,3.871,21.183,6.198,1.985,1.608,3.461,11.277,9.302,21.104,6.198,2.377,3.998,13.096,6.699,A1
8.623,0.307,3.461,3.191,1.252,4.785,2.918,1.628,10.351,1.221,12.33,11.29,4.142,12.909,7.225,2.126,A1
4.51,13.678,9.131,2.237,5.81,2.594,6.858,3.828,4.304,13.11,5.035,7.832,4.129,5.01,5.52,7.489,A2
15.121,7.353,3.22,5.268,2.237,0.531,8.121,4.811,4.584,4.205,0.561,0.613,0.721,5.437,3.307,1.553,A2
0.037,4.51,1.782,12.92,11.405,20.425,10.394,6.858,5.204,0.984,9.306,6.046,0.569,3.658,6.516,8.5,A2
4.584,6.289,4.129,5.721,5.484,0.605,0.721,13.223,5.204,0.605,1.786,11.08,2.31,4.442,6.055,1.932,A2
6.858,7.426,6.784,2.689,3.536,1.384,9.636,9.813,7.891,3.184,7.032,12.054,10.343,5.721,6.991,7.237,A2
4.51,0.037,11.786,0.037,20.824,2.594,3.068,10.04,3.064,4.015,4.934,2.724,4.129,11.262,0.17,3.573,A2
19.741,12.541,11.331,21.636,3.61,6.289,1.805,0.418,1.484,7.237,5.284,14.653,2.54,0.321,3.842,8.5,A2
14.436,2.237,2.691,19.741,15.952,12.826,3.5,2.083,7.271,9.131,10.53,4.259,5.493,11.121,9.532,9.51,A2
9.889,11.405,12.695,8.373,4.835,3.163,6.784,2.31,3.344,2.689,7.382,1.336,3.298,4.158,6.456,5.847,A2
18.983,6.784,2.31,5.721,2.96,12.257,2.816,3.828,8.304,2.121,6.333,8.156,3.068,5.01,3.647,10.773,A2
0.037,17.089,5.038,1.553,3.861,9.058,11.152,4.584,9.545,9.889,0.037,9.618,0.721,7.494,1.301,7.036,A2
15.952,4.584,5.493,8.373,5.883,6.215,11.405,5.266,7.891,1.363,6.683,1.498,4.129,5.721,9.934,6.605,A2
6.784,4.015,23.682,6.858,2.96,19.646,11.405,6.403,5.204,5.531,0.138,7.182,13.375,7.284,11.331,7.742,A2
15.194,2.879,4.965,11.783,4.835,2.879,9.636,4.811,8.304,18.794,10.88,0.451,3.826,6.431,11.003,6.226,A2
3.068,10.836,2.237,17.467,5.16,1.458,0.721,8.221,8.231,8.373,8.956,1.985,7.997,4.795,6.456,15.826,A2
21.256,9.131,9.058,17.846,0.362,6.005,4.079,11.177,7.61,15.005,0.386,7.345,12.011,2.026,1.508,7.742,A2
13.678,1.669,12.695,11.026,16.528,9.131,1.479,2.237,1.07,0.605,8.956,0.613,12.769,8.421,0.304,13.3,A2
7.542,6.215,29.593,0.795,2.561,2.805,16.457,5.948,4.584,2.5,8.431,9.456,8.828,2.168,0.364,11.657,A2
14.362,9.131,3.675,7.616,3.536,5.363,0.469,2.765,0.863,5.342,6.333,4.746,6.099,2.663,17.022,4.205,A2
21.256,8.563,14.133,13.983,2.635,16.805,9.815,3.22,8.718,7.237,0.561,0.524,5.493,6.431,4.718,3.121,A2
1.479,7.353,14.588,3.374,1.336,10.552,1.732,2.31,5.411,1.932,12.279,1.425,3.22,9.273,8.195,5.721,A2
12.089,4.51,14.133,14.057,19.199,7.353,8.3,4.283,6.784,12.541,1.611,1.75,4.129,1.6,5.787,0.669,A2
9.889,9.699,15.497,11.026,3.61,8.278,1.226,1.174,1.203,13.867,5.56,3.123,1.782,7.852,7.125,4.71,A2
12.089,7.426,14.059,13.3,2.96,6.215,6.279,2.537,7.064,0.911,9.306,4.097,8.979,5.721,10.067,3.195,A2
16.71,24.404,7.767,2.616,0.938,10.552,12.415,9.586,7.271,10.457,4.759,8.969,1.098,4.3,10.469,3.7,A2
2.31,9.131,11.86,2.237,0.362,2.026,11.91,7.92,10.164,4.963,4.234,3.447,12.162,2.805,3.441,3.826,A2
15.878,18.152,4.129,0.795,4.259,7.994,0.29,2.765,1.617,3.563,1.086,4.259,10.343,2.095,5.52,0.669,A2
12.92,13.678,16.861,16.331,4.584,2.026,1.3,6.63,4.997,3.068,6.158,8.083,7.16,0.816,9.8,2.184,A2
14.362,2.31,12.314,14.057,2.237,9.983,0.216,7.994,9.958,16.52,1.537,1.661,0.266,3.231,5.654,3.826,A2
5.268,7.426,17.316,5.268,15.627,3.447,7.11,4.811,9.131,5.91,0.838,1.587,0.037,4.158,8.329,2.689,A2
9.131,10.836,5.875,13.3,1.912,10.836,6.858,3.902,0.037,7.047,3.36,10.268,10.799,4.442,3.173,9.889,A2
12.92,7.353,14.588,7.616,4.584,9.131,16.384,8.904,5.618,12.162,12.279,4.673,5.797,11.405,0.231,0.416,A2
14.436,17.657,6.858,6.099,18.55,4.3,11.152,13.678,10.578,3.258,11.754,7.507,3.904,13.962,5.252,4.584,A2
15.194,23.909,22.773,9.889,17.901,1.952,6.353,0.873,10.578,0.226,8.956,7.507,5.342,3.732,1.909,5.342,A2
15.194,7.994,0.418,2.689,4.51,10.268,8.373,0.191,5.204,7.426,6.333,6.533,4.584,5.863,3.781,1.605,A2
19.741,7.353,1.327,7.163,1.912,5.152,11.405,2.237,6.37,6.668,1.887,3.123,7.312,4.158,9.8,0.973,A2
12.162,5.647,5.493,6.405,4.584,1.174,5.089,0.645,4.584,5.342,1.786,1.661,4.129,4.726,0.438,3.7,A2
43.235,15.383,2.765,6.478,6.858,1.174,10.394,4.584,14.091,0.226,5.385,7.994,0.188,2.095,3.38,9.131,A2
2.237,10.268,5.493,3.753,17.827,12.826,11.91,0.719,1.691,4.773,4.16,11.73,1.327,0.463,3.647,11.531,A2
8.373,2.31,4.129,3.068,4.51,1.458,5.342,15.27,14.712,4.773,1.611,10.592,6.403,10.694,7.526,6.226,A2
21.256,17.657,4.584,0.795,12.054,8.278,2.995,14.588,11.611,5.647,1.362,6.046,4.887,7.142,3.38,7.362,A2
12.089,3.942,13.604,2.995,5.81,5.152,12.162,11.177,3.064,10.836,8.431,5.396,3.826,3.021,8.329,0.542,A2
3.826,18.794,7.239,4.584,0.613,6.573,5.089,4.283,8.924,4.015,10.705,0.849,11.556,2.026,0.973,15.32,A2
12.92,11.405,3.146,6.099,14.003,5.931,5.342,7.539,2.857,4.205,6.508,0.126,6.251,15.383,2.578,3.753,A2
10.647,7.353,13.223,7.237,4.909,7.636,5.342,5.875,1.484,2.689,6.683,16.439,4.887,1.315,10.869,4.331,A2
8.373,7.426,5.038,3.447,11.08,13.962,0.037,4.056,9.545,2.616,4.234,2.635,7.087,7.426,6.189,0.973,A2
16.71,7.92,4.129,8.752,3.934,4.584,1.3,3.675,7.684,7.616,8.781,14.653,14.284,7.71,6.991,11.531,A2
6.858,4.015,4.965,7.163,5.558,11.405,8.879,2.083,3.137,6.478,4.059,7.182,1.934,10.978,2.578,0.669,A2
6.026,23.341,7.312,2.237,5.233,11.121,1.3,3.675,14.298,6.784,3.461,1.661,3.523,6.716,9.131,9.384,A2
18.225,1.1,7.312,0.795,5.233,1.174,11.657,3.22,3.27,2.995,5.459,2.074,10.421,7.994,7.927,3.826,A2
2.995,1.1,0.873,7.237,13.028,9.699,1.226,6.63,10.578,2.689,4.759,11.892,6.784,9.557,3.781,5.215,A2
22.015,1.1,11.405,18.604,16.601,0.321,0.29,10.722,4.924,2.047,0.736,8.319,6.251,4.726,0.037,3.573,A2
5.342,3.447,9.131,5.721,3.285,2.594,0.216,1.401,2.724,7.237,2.135,3.447,9.434,4.868,6.724,9.636,A2
15.952,2.879,13.15,8.752,2.635,9.699,1.226,18.225,6.237,0.795,8.956,10.917,14.133,2.168,2.31,0.973,A2
3.068,1.669,8.677,6.099,14.977,1.174,1.3,15.952,6.444,7.426,2.412,10.43,0.188,14.957,0.364,8.373,A2
11.405,6.215,10.495,9.131,5.233,5.721,0.721,16.634,4.17,4.584,3.36,8.806,9.434,0.674,3.975,1.174,A2
22.015,4.584,2.765,11.405,2.635,14.247,2.816,16.406,5.618,0.531,1.261,7.669,0.037,1.884,1.641,3.068,A2
5.342,7.426,3.22,13.3,0.037,3.447,10.647,2.083,7.064,10.457,2.135,4.259,1.856,4.795,8.924,5.468,A2
9.131,6.858,6.784,17.089,1.912,8.563,6.353,0.191,6.858,7.426,14.378,5.558,2.614,8.278,3.647,5.468,A2
4.584,5.721,4.129,14.815,8.806,3.374,3.826,4.357,10.785,7.616,17.875,2.635,5.19,4.868,9.532,3.753,A2
20.499,1.669,4.584,6.784,8.408,0.247,5.016,7.312,7.478,15.573,5.459,1.985,10.192,8.278,4.985,3.626,A2
12.847,6.215,7.767,12.162,6.208,0.889,14.941,2.919,2.724,8.373,6.683,13.84,17.013,4.726,1.241,4.963,A2
17.467,11.331,10.876,9.131,3.861,0.321,7.362,0.264,8.511,7.805,5.459,8.319,9.889,6.147,1.374,2.616,A2
18.152,7.92,0.492,4.205,7.832,5.437,8.626,9.359,6.577,7.616,4.759,2.31,5.948,0.321,5.119,7.036,A2
27.319,2.237,5.948,3.374,8.806,12.257,3.5,2.083,2.93,0.037,5.56,6.208,6.099,3.589,6.456,3.447,A2
14.436,13.678,10.04,2.237,9.707,9.131,2.742,7.011,0.863,15.383,0.663,2.148,3.371,4.3,2.638,3.826,A2
10.573,27.888,7.312,2.237,12.054,8.278,3.826,3.447,13.678,2.689,3.185,3.447,16.255,5.579,3.113,8.247,A2
8.373,8.563,0.037,16.331,7.832,4.795,0.973,2.993,12.645,0.984,1.362,5.484,3.449,5.721,3.574,4.584,A2
12.162,1.1,9.586,9.131,1.985,2.594,6.279,8.677,18.639,2.121,6.858,3.123,6.403,15.526,14.48,13.425,A2
15.121,3.942,4.129,6.858,2.31,0.816,7.362,7.767,13.058,0.226,11.579,1.823,8.525,12.257,0.364,6.099,A2
4.51,18.225,3.675,8.679,14.328,11.973,4.258,7.239,0.997,5.342,9.306,0.849,7.616,1.742,4.852,8.121,A2
11.405,14.173,1.327,10.647,6.784,16.805,3.5,11.405,3.964,0.795,2.66,0.362,2.462,1.6,5.848,4.079,A2
12.92,0.037,8.603,4.963,6.533,0.816,8.626,0.492,10.371,2.805,5.808,9.294,17.316,0.105,6.055,1.553,A2
0.721,0.531,21.408,1.553,9.781,7.426,6.353,5.038,10.578,11.215,4.759,3.772,8.451,5.437,9.265,9.31,A2
14.362,8.489,14.588,15.952,4.835,1.174,0.29,6.176,2.724,10.078,7.032,14.328,12.769,5.437,6.991,4.131,A2
16.71,6.858,8.603,3.374,8.482,2.026,5.342,2.993,9.545,2.805,3.01,7.669,3.371,5.152,2.905,7.742,A2
4.584,0.037,9.131,9.131,0.037,9.416,4.331,17.771,4.924,0.226,4.234,4.097,9.889,6.573,4.584,10.394,A2
9.889,3.374,12.769,5.647,5.233,1.174,12.92,3.828,8.718,4.321,5.634,5.647,6.251,4.726,8.863,1.932,A2
0.795,3.447,12.314,2.31,15.878,6.858,4.836,3.675,3.551,2.879,5.109,0.687,6.554,1.669,12.207,3.321,A2
12.92,4.51,8.677,17.467,7.507,2.521,4.331,4.283,8.851,13.3,8.082,14.003,2.691,6.289,0.17,4.584,A2
2.995,4.015,9.058,10.194,1.262,0.531,5.594,7.994,16.779,14.815,9.306,4.259,3.675,0.674,11.538,2.058,A2
5.342,15.952,4.965,0.342,4.909,7.426,2.563,6.63,5.75,1.553,1.086,12.379,3.826,1.1,6.115,13.678,A2
15.878,10.836,2.765,9.889,8.156,13.394,10.394,2.765,0.037,8.752,2.135,4.421,0.266,15.952,13.411,8.626,A2
7.616,0.531,0.492,10.268,3.934,0.605,3.321,1.174,9.131,11.026,11.754,0.849,13.527,4.795,5.386,6.226,A2
9.889,5.647,10.04,12.162,8.482,8.563,0.542,9.967,12.231,13.11,7.032,6.046,0.721,4.868,3.247,1.479,A2
25.046,11.331,9.131,9.889,4.259,13.11,8.047,0.037,2.65,8.184,2.135,2.148,4.736,7.71,3.113,9.636,A2
16.636,24.972,12.769,6.099,1.262,1.669,2.058,2.31,0.376,0.531,1.086,13.84,0.115,10.478,11.672,6.858,A2
4.51,12.541,3.675,2.689,7.832,21.351,6.099,1.174,1.897,4.205,3.461,6.046,17.467,1.031,0.097,2.437,A2
22.773,10.268,9.131,9.51,22.123,7.426,10.647,2.083,3.551,1.479,10.18,7.507,1.934,3.732,7.453,0.669,A2
6.099,7.353,14.133,7.616,0.687,14.531,13.173,3.447,8.097,0.605,7.907,5.484,14.133,0.179,3.781,0.089,A2
7.616,3.374,9.131,8.752,7.182,3.374,8.121,8.904,12.852,3.637,10.705,2.237,5.19,1.174,7.66,9.889,A2
15.952,6.289,6.858,6.026,3.861,2.31,24.288,2.009,12.231,5.079,4.685,7.02,0.188,2.737,6.456,4.205,A2
3.068,19.93,7.312,1.1,13.678,9.699,0.973,3.902,0.79,4.015,9.932,1.985,9.131,7.852,0.231,3.374,A2
13.678,14.815,8.677,15.952,7.832,5.437,6.605,1.1,1.824,4.963,2.412,3.61,9.131,6.999,0.632,1.3,A2
2.237,1.669,26.41,6.478,3.61,0.816,10.394,10.95,17.192,2.995,12.104,6.046,2.843,8.421,0.706,6.226,A2
4.51,0.531,8.677,0.721,5.16,1.1,5.594,0.645,8.718,14.815,6.683,11.405,3.068,4.868,8.863,7.489,A2
10.647,0.037,7.767,1.174,4.259,3.163,1.479,5.493,0.863,11.215,7.557,2.635,6.251,12.826,2.31,4.584,A2
10.573,6.289,1.401,8.373,7.182,15.383,4.005,1.856,2.31,1.742,8.606,0.037,8.677,12.826,6.456,0.921,A2
18.225,0.531,7.239,4.963,2.635,6.858,12.415,15.27,3.964,8.373,5.634,0.938,5.342,4.3,7.125,1.932,A2
18.152,14.173,5.493,5.721,16.276,4.868,1.805,6.63,12.438,4.015,11.405,1.174,3.904,0.037,8.596,0.721,A2
8.888,11.871,5.526,7.321,1.296,0.467,8.627,5.291,1.296,0.904,10.635,4.915,16.095,18.239,3.646,2.621,A3
1.296,7.171,14.456,2.079,1.726,10.161,1.315,11.16,0.014,3.6,5.454,4.317,13.431,6.929,4.096,5.343,A3
7.563,11.284,7.164,15.546,5.754,3.404,4.429,5.761,8.105,1.687,5.031,2.733,4.658,3.111,5.616,5.232,A3
24.797,1.055,18.915,6.388,8.776,6.929,1.296,12.57,4.073,2.471,2.019,9.615,4.188,3.551,4.51,3.274,A3
4.188,2.471,5.754,0.121,1.39,6.048,4.429,2.229,10.455,6.538,2.32,1.464,4.815,1.883,2.022,6.146,A3
0.512,11.042,11.395,17.113,10.79,13.98,1.577,2.7,14.087,6.734,3.224,7.433,1.994,1.789,6.584,10.194,A3
23.772,7.517,2.706,5.363,5.996,1.002,7.582,0.114,3.432,6.929,8.828,6.594,2.236,7.664,8.658,2.471,A3
7.321,0.467,8.346,3.013,8.105,10.748,1.557,1.766,14.3,5.754,6.478,0.047,6.381,0.855,4.372,4.84,A3
16.963,19.509,4.345,1.296,17.169,16.036,5.754,7.399,14.542,3.45,11.358,8.178,5.128,3.698,7.137,2.601,A3
10.455,9.521,0.826,7.713,4.412,6.342,0.251,4.58,12.591,8.15,1.838,7.675,3.561,3.111,14.187,8.366,A3
8.105,20.443,4.116,9.913,10.025,4.58,1.577,1.524,5.541,7.909,2.501,11.462,11.238,0.467,11.284,11.238,A3
12.021,2.817,4.345,2.621,2.733,11.042,17.505,2.464,14.941,1.055,4.85,11.126,7.008,11.63,5.063,1.034,A3
4.971,12.805,0.114,3.404,11.798,7.223,3.143,1.994,1.055,6.734,1.055,1.967,5.598,2.082,2.437,0.512,A3
15.938,6.929,22.675,6.779,1.631,1.935,5.493,4.109,5.541,11.434,1.838,9.951,11.551,17.065,0.19,6.407,A3
15.155,5.167,17.975,1.687,12.133,6.342,7.582,12.335,3.191,0.858,2.139,4.412,10.768,0.414,0.64,8.105,A3
37.089,23.38,3.404,6.146,6.426,2.471,4.71,4.58,1.481,3.45,0.934,0.719,3.874,1.443,3.681,4.58,A3
9.671,3.646,4.815,13.588,1.726,2.817,2.601,9.051,5.541,14.567,2.38,2.397,3.404,4.286,16.676,3.796,A3
6.779,3.058,10.455,2.621,12.133,5.702,0.512,7.635,5.968,6.929,3.766,5.828,0.584,10.308,7.413,2.079,A3
9.671,7.171,5.056,9.28,9.017,0.761,3.385,0.819,4.259,10.259,0.573,14.316,4.658,1.883,6.307,8.496,A3
13.588,1.296,3.874,12.655,22.877,5.461,5.754,1.296,16.437,8.542,4.489,1.39,9.044,4.968,10.731,1.034,A3
34.739,21.859,4.815,12.413,13.476,2.229,6.257,7.635,7.25,6.734,5.754,3.572,2.935,6.29,4.648,0.643,A3
15.938,1.642,0.826,4.038,9.112,11.924,7.843,2.464,6.609,14.763,7.743,2.565,10.141,6.929,6.86,6.146,A3
1.055,5.754,0.584,0.512,3.068,2.523,0.793,2.236,0.413,0.662,3.404,7.433,2.778,2.67,10.87,9.149,A3
3.404,0.708,13.275,9.913,6.762,3.992,2.099,1.296,11.309,4.775,16.782,1.464,4.345,1.59,0.881,2.099,A3
20.638,9.521,3.646,1.838,4.076,5.754,0.251,3.411,10.882,6.929,1.958,3.236,10.298,10.895,2.437,2.621,A3
9.13,3.058,4.345,2.471,3.646,6.342,5.996,6.695,13.232,17.113,9.008,6.762,13.431,8.252,12.666,9.802,A3
11.238,10.109,20.795,13.197,0.719,3.404,12.021,3.404,6.823,4.384,4.55,11.126,5.598,9.867,1.193,6.277,A3
7.563,15.396,6.225,0.662,2.639,3.352,9.671,1.289,5.113,1.687,9.189,10.455,3.404,1.737,10.593,13.588,A3
15.155,9.521,5.284,13.588,9.783,9.521,6.518,5.754,5.996,4.038,5.574,4.485,13.745,2.964,7.69,10.063,A3
5.754,7.171,9.286,9.28,10.119,3.352,9.149,4.58,4.045,12.805,4.85,8.273,10.611,2.964,3.128,2.471,A3
4.188,4.233,8.816,10.455,2.974,6.048,2.621,0.826,6.182,0.467,0.512,0.121,4.743,10.895,7.828,13.588,A3
12.805,6.929,2.706,6.146,6.426,14.809,17.505,8.81,4.259,14.567,1.416,5.587,4.345,3.845,8.519,0.512,A3
13.829,4.58,3.176,8.496,15.491,1.296,12.021,1.766,29.256,7.321,7.743,3.646,3.176,1.055,3.957,9.671,A3
4.429,9.867,2.706,26.514,8.44,13.686,5.474,0.584,1.909,0.512,0.15,18.177,6.851,8.052,2.437,3.907,A3
12.021,0.467,1.055,5.754,0.719,1.002,8.105,3.639,7.677,3.254,2.32,5.922,1.994,5.02,5.72,14.763,A3
14.372,17.747,4.586,5.363,12.71,0.414,1.315,7.635,4.501,6.192,16.782,1.894,5.284,2.523,11.699,0.402,A3
5.996,4.58,14.215,2.079,12.805,22.205,3.404,2.706,19.0,0.858,0.031,6.09,13.275,4.139,5.063,0.662,A3
6.538,9.867,1.766,5.754,4.317,12.459,6.538,1.289,5.355,7.321,3.585,11.798,4.971,5.461,20.961,12.674,A3
0.512,9.867,2.464,2.229,6.09,14.567,8.105,10.69,4.259,7.517,4.55,5.324,1.609,7.612,1.331,8.235,A3
24.555,4.58,10.925,18.288,3.404,13.98,4.71,0.826,3.86,7.321,1.838,9.615,4.031,5.262,0.466,0.793,A3
31.606,16.918,2.236,1.446,1.055,7.223,14.11,12.805,1.082,4.58,7.02,0.121,2.935,8.105,2.678,9.28,A3
3.404,11.042,14.685,13.98,2.061,3.111,1.818,5.284,1.055,1.25,3.224,0.792,2.706,7.811,0.19,2.751,A3
9.671,6.584,9.985,2.621,1.726,3.111,5.735,2.706,0.627,3.208,3.103,0.792,1.838,11.336,4.096,2.751,A3
18.288,15.155,4.815,9.13,8.105,4.58,1.557,1.289,11.309,4.188,2.862,0.625,2.621,15.596,1.331,0.402,A3
15.938,5.167,11.865,6.779,9.017,16.036,4.971,7.876,1.695,1.1,10.093,7.601,15.468,8.398,5.34,3.927,A3
13.588,15.396,20.795,1.687,1.296,8.105,7.843,0.584,3.218,14.959,8.647,0.457,2.706,3.698,6.307,4.188,A3
25.339,5.754,8.346,10.063,0.719,1.59,9.41,0.584,9.386,19.464,6.116,0.887,4.899,3.992,0.604,6.669,A3
7.563,22.793,1.296,8.105,19.089,13.686,1.577,4.109,0.441,9.084,3.646,2.901,2.308,10.748,5.201,6.146,A3
17.505,3.404,6.466,9.13,7.339,5.702,1.818,9.28,1.509,2.667,3.404,0.289,8.575,3.793,2.125,11.63,A3
29.256,1.642,16.565,25.339,9.112,3.111,9.652,11.865,3.618,5.363,0.874,0.457,1.681,1.935,6.031,5.493,A3
16.963,13.98,3.404,4.429,4.412,7.811,10.716,9.28,1.055,0.904,4.369,4.15,7.164,1.737,2.125,0.512,A3
4.188,10.109,5.996,8.105,3.404,13.392,7.06,2.7,5.754,9.28,7.382,2.061,1.296,7.811,0.64,6.929,A3
5.754,9.28,2.935,2.079,2.397,16.918,4.188,2.236,0.627,1.055,8.285,0.625,10.768,2.082,18.749,0.01,A3
3.404,5.996,15.625,7.563,10.455,1.055,13.066,6.225,15.155,1.296,11.539,2.901,5.598,4.139,2.851,0.643,A3
26.122,0.121,18.915,2.471,0.047,3.698,11.238,8.105,5.355,2.034,0.331,5.419,13.901,1.002,1.055,10.977,A3
5.754,6.342,5.754,4.58,10.455,14.273,22.466,4.815,2.764,7.517,0.693,0.457,2.151,14.861,0.881,0.662,A3
7.563,1.642,19.385,16.33,10.79,4.58,2.601,5.049,0.014,2.034,7.02,1.631,2.621,11.924,3.128,2.621,A3
14.372,4.233,12.576,20.638,10.119,12.459,13.066,3.639,1.296,3.992,3.766,3.74,0.983,5.167,1.331,6.016,A3
13.588,18.922,12.335,0.121,6.09,3.698,3.646,7.164,11.737,15.351,5.574,2.135,11.238,0.561,4.787,1.577,A3
12.021,5.409,3.404,18.288,8.01,2.471,6.016,5.056,10.455,3.646,4.67,3.142,1.681,5.167,4.787,1.707,A3
2.621,7.517,5.526,17.897,7.097,5.115,1.577,2.7,4.686,4.58,4.73,1.894,0.983,0.467,5.478,8.888,A3
9.13,2.817,5.754,12.021,9.783,7.517,7.06,18.21,0.014,10.455,9.551,13.308,2.863,3.258,9.211,4.299,A3
2.079,18.092,17.975,5.996,3.404,5.754,2.36,2.464,6.396,7.517,0.15,3.572,1.368,1.935,4.475,12.152,A3
20.638,16.918,0.826,3.646,11.798,12.805,4.71,10.931,12.192,1.838,7.985,9.447,10.925,8.398,1.469,0.643,A3
2.863,7.517,6.225,5.996,20.768,13.98,1.296,1.055,0.441,11.63,6.116,5.587,3.248,12.511,2.713,3.535,A3
2.079,1.642,9.515,8.888,0.289,1.055,10.455,15.39,11.95,9.28,4.127,9.28,6.309,9.28,3.508,7.321,A3
9.913,7.758,4.815,6.929,5.754,8.398,1.296,3.639,5.113,11.042,2.862,3.142,2.236,2.964,7.69,2.34,A3
7.321,0.708,0.114,1.838,6.332,5.461,6.016,1.766,7.036,0.467,0.754,10.623,9.985,10.161,2.713,5.474,A3
5.213,1.055,1.055,13.588,10.119,6.929,7.06,7.635,1.695,3.254,14.613,7.265,9.671,8.545,9.764,7.713,A3
1.296,15.155,2.236,19.464,2.639,11.042,7.843,1.524,3.191,3.6,22.386,1.39,8.575,4.727,5.443,13.98,A3
7.321,6.342,3.176,12.021,3.31,21.911,3.907,8.34,11.309,2.034,10.997,5.083,1.922,1.883,7.966,1.446,A3
1.296,5.167,14.215,5.213,3.404,3.111,14.372,13.51,11.95,7.909,14.613,9.28,6.695,1.201,2.851,6.538,A3
10.696,6.584,10.696,9.671,28.248,0.467,10.977,14.685,8.959,18.288,1.115,7.097,9.828,0.561,10.178,12.805,A3
15.396,7.758,3.176,3.404,4.317,6.929,0.01,0.826,9.173,6.146,2.681,5.828,3.874,9.133,3.543,4.84,A3
7.563,0.121,25.267,6.388,11.462,4.58,20.638,6.929,1.296,1.296,10.093,4.412,7.478,4.086,1.884,2.621,A3
11.238,5.167,0.356,11.63,8.776,11.042,8.366,0.349,14.727,6.538,10.635,2.565,0.826,0.414,2.816,6.669,A3
4.971,5.754,6.466,15.155,6.426,7.811,18.811,4.815,9.173,15.742,2.32,8.105,7.321,1.055,3.128,2.993,A3
11.238,1.883,1.296,12.413,5.66,0.708,1.315,5.519,5.541,14.959,5.393,5.922,2.935,4.968,5.893,3.143,A3
15.155,5.996,10.226,6.929,8.105,4.233,3.927,6.466,5.141,4.971,0.934,11.462,6.068,9.72,11.699,5.082,A3
2.863,1.883,25.966,19.855,7.433,0.414,4.71,3.639,14.3,4.384,4.308,2.471,2.778,4.086,6.307,7.452,A3
15.155,5.996,15.625,9.28,3.31,0.761,3.666,10.22,8.532,3.254,0.211,3.572,8.731,0.414,1.607,1.838,A3
12.263,8.692,8.346,14.763,7.433,3.698,1.296,1.296,16.65,2.079,1.778,2.806,14.842,7.223,7.275,13.588,A3
8.105,0.121,0.826,13.197,1.726,21.03,5.754,9.044,2.336,6.342,6.297,6.929,7.791,1.495,2.437,14.763,A3
11.238,13.634,4.815,17.113,0.719,6.636,3.124,3.639,8.56,19.855,14.974,2.639,6.068,6.195,9.349,7.582,A3
9.671,20.096,1.994,0.662,0.625,3.94,20.116,2.001,6.609,2.275,2.501,8.44,7.406,8.398,7.552,18.288,A3
14.372,18.334,4.815,14.372,4.412,4.873,1.296,4.116,2.578,5.754,6.659,3.572,14.058,9.72,5.063,10.846,A3
0.512,18.922,2.236,8.888,3.74,7.223,18.027,1.296,1.296,0.121,14.793,5.492,12.491,6.489,2.402,1.185,A3
0.271,28.081,7.406,20.247,5.324,8.105,2.36,4.345,12.619,4.971,8.828,10.287,7.321,0.268,7.24,8.105,A3
11.238,4.821,9.756,0.121,7.097,4.873,6.518,4.116,10.455,0.121,1.778,13.812,0.983,7.37,4.199,2.471,A3
16.18,23.38,25.966,2.079,12.805,3.058,25.078,8.105,2.123,12.413,1.657,1.464,9.044,3.111,6.031,2.621,A3
21.422,3.646,6.225,4.58,3.404,13.046,2.601,4.815,2.977,2.275,9.912,9.447,4.586,1.789,13.634,1.818,A3
25.339,5.754,1.994,13.197,2.639,3.404,9.149,10.226,8.959,11.284,1.477,4.244,6.153,7.664,0.087,3.143,A3
8.346,1.642,4.815,6.388,6.762,3.992,0.271,6.225,0.655,3.6,1.477,0.792,1.681,4.433,6.999,1.315,A3
18.288,15.155,5.754,17.113,14.054,2.817,6.016,8.111,2.764,7.321,3.284,5.419,2.621,2.376,3.819,4.318,A3
23.772,18.334,4.815,26.514,3.068,7.223,5.735,2.236,3.432,6.734,11.358,4.747,6.225,12.511,3.922,5.493,A3
5.213,4.233,2.935,13.98,9.447,0.761,2.079,3.411,0.2,10.455,0.331,8.44,9.671,3.992,6.86,7.191,A3
14.613,12.217,7.635,20.638,13.812,6.342,13.066,13.275,7.25,2.817,5.031,1.631,9.201,8.398,1.607,13.327,A3
22.205,4.233,5.056,0.271,0.719,2.523,2.36,7.164,10.027,3.992,7.623,2.565,13.901,11.189,1.987,1.185,A3
19.855,9.28,3.176,0.904,11.126,13.34,4.71,2.464,0.228,6.929,2.32,5.083,0.271,1.348,3.681,8.105,A3
13.046,11.284,17.975,17.747,14.148,7.223,5.493,4.345,11.95,3.058,5.393,7.601,2.392,0.855,0.051,6.929,A3
7.942,20.129,4.46,1.558,15.901,14.906,9.876,3.897,4.72,1.848,4.46,13.945,6.317,8.38,4.05,10.844,B1
27.673,10.554,3.067,12.95,0.514,3.375,7.168,12.817,9.208,16.357,3.308,7.445,1.906,8.815,11.424,6.201,B1
25.352,8.598,10.728,7.362,14.94,4.68,3.299,16.647,9.152,11.134,11.879,3.001,0.282,6.419,9.376,9.296,B1
4.825,2.719,8.075,2.504,0.514,14.256,2.526,4.594,23.769,10.263,2.504,1.261,0.647,14.906,10.082,12.778,B1
32.682,2.719,7.942,8.522,4.991,5.765,9.102,10.728,16.172,12.004,14.638,6.947,3.067,4.245,12.858,6.588,B1
3.299,4.245,8.772,11.209,4.46,4.025,0.978,18.736,2.244,8.598,2.853,21.87,5.058,4.027,0.046,4.653,B1
20.709,6.201,12.817,4.46,6.45,10.118,2.139,20.129,4.72,9.683,8.209,8.19,2.504,8.595,2.709,1.344,B1
19.914,13.165,7.245,17.227,2.967,5.115,16.453,7.727,1.238,6.491,10.352,6.45,4.924,16.211,11.628,6.007,B1
5.621,7.071,16.432,5.406,10.429,19.479,11.811,5.156,6.992,9.392,5.799,3.216,0.647,18.17,1.275,6.567,B1
14.906,0.108,10.031,3.665,2.967,1.848,2.139,0.978,8.202,19.914,5.799,2.007,2.968,2.504,4.553,7.749,B1
5.621,12.95,10.031,12.004,3.962,8.377,15.658,7.379,4.46,12.294,2.585,6.45,10.031,6.201,6.805,0.398,B1
1.344,11.424,10.164,14.906,13.447,7.727,10.242,7.727,7.942,3.299,16.513,13.662,5.852,0.325,6.918,6.007,B1
18.388,11.209,24.655,2.719,8.439,1.634,4.439,4.112,0.921,6.781,10.888,11.175,2.371,1.634,4.962,9.489,B1
23.396,14.035,3.897,14.906,6.947,5.765,0.591,4.594,3.77,12.294,10.272,2.222,14.906,7.724,9.171,0.978,B1
9.102,29.704,23.959,24.191,17.393,6.857,4.052,12.602,2.821,4.535,6.254,1.724,0.647,2.937,4.962,0.011,B1
2.504,2.719,8.638,3.665,8.971,9.903,2.117,6.682,9.525,5.621,14.102,10.429,4.594,2.066,4.46,10.457,B1
4.825,29.704,10.031,16.067,6.947,17.517,37.345,11.772,4.143,18.968,1.246,3.748,9.468,2.066,9.171,4.825,B1
8.307,6.857,8.772,7.147,14.442,8.377,0.57,9.468,6.303,9.392,5.264,9.683,0.879,5.983,0.568,13.745,B1
5.986,21.0,22.7,23.03,2.47,12.08,8.716,16.647,5.726,12.584,9.817,8.19,10.495,10.554,14.701,2.697,B1
5.621,22.526,11.557,21.655,5.952,22.74,4.847,11.557,0.661,24.191,5.799,0.978,1.344,7.074,2.207,3.493,B1
6.781,10.554,10.728,4.46,17.427,4.895,8.694,12.12,1.871,14.325,4.46,8.937,5.156,3.81,5.781,4.052,B1
1.344,1.634,5.156,3.879,5.952,9.248,29.994,11.424,5.669,0.108,10.272,6.947,18.852,8.595,0.568,4.847,B1
36.163,13.165,5.852,2.504,10.463,6.201,16.045,20.129,10.158,0.688,4.192,9.468,3.764,15.559,0.661,0.183,B1
7.147,7.727,1.674,5.04,3.499,16.432,12.197,21.307,1.611,12.875,4.647,11.424,12.254,4.895,13.062,1.365,B1
12.95,8.812,7.379,0.183,2.967,16.211,0.978,5.29,2.877,0.108,7.674,2.222,6.781,16.211,1.48,3.879,B1
14.111,0.763,7.942,1.558,17.393,11.859,4.052,15.387,2.244,5.696,6.254,1.227,0.978,1.196,0.978,2.311,B1
8.307,13.165,6.549,34.057,3.499,0.542,10.242,10.164,1.554,12.584,8.478,13.165,9.932,5.333,0.568,22.063,B1
5.986,6.201,45.547,6.201,3.962,12.95,9.876,19.432,6.042,3.299,6.871,15.403,9.799,3.589,6.713,10.07,B1
18.753,21.655,13.647,2.719,16.896,3.81,3.686,5.505,1.611,9.392,0.978,4.957,1.906,10.118,9.581,2.891,B1
16.432,4.46,11.424,18.968,9.434,15.777,12.584,7.942,5.669,1.848,10.352,3.714,13.281,1.413,17.364,5.599,B1
18.388,9.683,3.201,4.46,1.509,2.069,8.329,3.067,20.287,2.429,1.246,3.465,3.432,3.375,17.568,7.942,B1
23.03,4.46,4.594,5.621,6.484,9.683,17.614,8.075,2.877,8.888,11.424,3.001,7.245,3.372,10.81,2.912,B1
3.299,14.691,23.263,30.575,13.413,11.424,15.68,11.424,2.821,0.763,5.531,0.266,7.843,0.11,6.713,2.311,B1
4.825,3.375,26.744,19.914,12.419,4.895,5.212,7.379,5.669,8.307,5.531,2.47,0.282,1.851,3.845,9.876,B1
32.316,0.108,1.674,3.084,22.865,5.115,6.007,1.459,14.906,9.758,14.906,14.442,3.531,2.069,12.653,0.376,B1
10.629,19.258,8.638,7.362,8.439,1.413,0.204,4.112,6.619,8.017,11.959,16.149,7.478,4.46,0.456,4.632,B1
11.79,14.691,0.978,0.978,20.909,4.46,7.168,6.201,11.107,3.009,1.781,1.724,2.04,4.895,1.797,10.844,B1
2.139,4.245,9.335,11.424,3.996,0.108,2.117,19.432,9.841,9.973,11.611,5.703,6.781,1.631,0.865,5.599,B1
19.548,44.503,5.156,7.727,5.455,8.598,13.358,13.861,14.273,14.906,15.709,9.434,15.271,5.765,2.616,13.337,B1
9.468,16.647,4.46,9.102,12.95,35.798,0.57,19.218,6.936,2.214,9.281,12.419,3.067,3.592,8.556,10.263,B1
18.388,2.504,2.371,14.691,4.46,7.071,2.912,7.031,6.992,3.375,15.441,1.973,1.575,11.424,0.568,3.858,B1
20.709,13.821,5.986,8.522,4.957,16.647,21.096,0.282,6.303,1.054,4.46,0.763,3.299,8.595,1.182,12.563,B1
31.521,14.691,6.682,12.584,2.504,21.434,4.052,0.282,7.625,13.455,13.299,13.696,7.379,4.898,0.251,1.558,B1
9.468,21.0,14.209,5.621,3.001,14.035,10.629,12.817,8.892,7.147,3.575,23.859,10.728,0.11,12.95,0.784,B1
39.28,14.691,3.897,21.29,10.926,31.88,3.278,0.282,4.777,19.258,0.361,2.719,1.575,8.16,7.215,0.183,B1
17.593,2.719,8.772,4.825,5.986,7.942,12.584,2.371,9.208,11.424,3.04,3.996,5.156,5.983,0.251,3.858,B1
2.504,14.035,5.852,3.879,4.991,9.468,1.365,2.022,6.042,1.848,2.317,4.991,6.549,2.504,2.709,12.176,B1
10.629,10.554,9.335,5.621,13.911,6.857,6.394,11.557,6.042,6.857,5.451,0.514,10.861,3.375,7.215,12.972,B1
29.994,18.173,17.825,7.362,0.978,1.848,4.439,2.719,6.992,9.392,0.629,6.235,9.236,22.305,17.568,12.197,B1
3.665,11.424,7.379,18.173,4.494,10.118,2.139,14.906,0.978,0.108,1.514,11.424,5.058,3.157,2.299,9.468,B1
16.067,7.727,7.942,12.584,12.916,1.413,14.519,27.441,0.605,9.392,8.932,2.007,2.371,7.507,14.291,7.749,B1
14.111,3.589,12.12,3.299,3.465,12.515,17.614,3.201,9.208,14.035,4.46,10.18,3.665,0.978,2.002,4.46,B1
5.986,5.115,8.772,20.709,17.393,8.377,4.439,5.852,13.64,2.794,0.71,3.001,5.754,8.595,0.251,0.204,B1
26.513,21.87,4.594,9.468,3.996,16.211,3.665,3.764,7.942,20.419,7.942,4.991,0.746,1.631,1.182,3.879,B1
11.424,8.812,3.897,1.558,5.455,9.683,2.139,26.744,10.474,5.04,0.442,3.996,6.781,4.895,1.48,10.844,B1
9.102,16.432,23.959,0.398,11.458,14.035,1.344,7.245,2.561,12.294,5.799,3.216,17.924,2.501,4.46,9.683,B1
0.183,4.46,11.424,8.522,6.45,4.46,9.468,0.629,7.309,1.558,0.094,7.976,3.764,9.248,1.48,16.84,B1
26.513,27.093,10.728,4.245,3.001,13.6,7.555,12.468,3.51,1.558,11.959,0.514,10.861,3.807,8.147,11.23,B1
9.468,0.108,12.12,5.621,5.455,0.763,0.978,5.852,7.252,4.169,6.335,10.926,7.014,0.108,11.424,8.694,B1
29.994,18.173,2.371,1.924,28.834,3.589,3.278,1.459,0.661,4.825,2.236,17.144,8.638,7.507,12.858,10.844,B1
12.95,4.46,8.638,3.299,11.921,2.719,0.957,16.647,5.036,7.652,13.299,1.261,18.852,10.774,5.781,11.037,B1
18.388,11.209,21.87,3.299,5.986,7.292,8.307,13.298,33.582,14.906,6.79,1.475,5.852,11.206,6.303,0.591,B1
21.87,8.812,25.352,3.665,2.967,6.636,8.307,2.156,2.877,12.66,11.424,4.46,0.415,16.647,0.364,7.362,B1
10.263,12.294,17.825,23.03,14.442,21.434,12.584,20.825,22.503,4.535,8.745,25.103,12.584,6.857,2.914,6.781,B1
25.352,34.057,16.298,5.621,26.844,6.636,18.775,23.744,6.042,0.978,7.406,18.139,3.201,0.542,1.592,0.376,B1
4.46,0.763,3.764,5.621,15.403,3.375,0.957,5.156,2.244,6.277,13.567,2.504,5.852,1.413,2.914,3.665,B1
0.183,7.727,23.959,1.924,9.434,2.504,4.439,28.137,8.258,10.338,4.379,4.494,1.808,2.937,14.496,0.957,B1
4.46,23.396,5.156,3.299,27.342,14.256,20.709,21.521,4.404,12.584,1.781,5.206,7.245,13.818,8.239,5.234,B1
2.139,3.375,9.335,3.299,3.465,17.082,0.591,1.808,11.74,7.437,17.584,4.957,4.129,0.328,7.737,10.263,B1
1.344,42.762,3.897,12.584,18.885,2.284,0.957,4.808,6.042,4.245,14.557,7.196,2.835,11.859,1.182,4.653,B1
18.388,20.129,12.817,5.986,1.475,11.859,6.007,13.647,7.625,0.473,6.602,8.473,4.129,4.245,1.48,4.825,B1
15.271,2.719,0.282,23.03,24.357,15.777,11.811,4.594,11.424,25.932,7.406,7.727,0.978,4.677,8.966,2.891,B1
31.155,21.87,9.335,13.745,4.991,24.046,0.183,12.468,20.604,13.455,18.388,13.662,3.531,18.388,18.183,2.139,B1
8.307,10.338,6.549,16.647,12.95,6.201,6.394,22.566,2.877,0.398,20.986,12.668,4.692,10.121,5.074,7.362,B1
17.593,7.942,8.772,19.914,16.398,2.719,17.593,5.29,6.359,14.906,1.514,0.232,16.995,4.463,0.661,11.617,B1
10.629,3.589,5.852,13.53,2.47,15.341,4.46,5.638,0.345,1.558,9.281,10.18,10.031,2.066,9.785,9.468,B1
23.396,16.647,19.218,3.084,10.429,13.165,4.847,9.683,21.236,9.468,17.584,5.952,9.7,24.699,17.978,15.293,B1
12.584,8.812,14.209,25.932,5.455,10.988,9.855,5.156,0.288,21.87,0.174,11.673,12.95,8.16,1.48,15.873,B1
11.424,8.812,7.245,5.04,4.957,5.551,2.139,3.549,10.791,4.825,8.209,23.114,6.549,2.719,4.143,9.102,B1
14.906,3.589,19.084,12.004,11.424,23.611,0.978,10.861,8.258,21.0,2.236,17.427,9.335,4.242,0.568,0.011,B1
0.978,8.812,21.307,10.048,6.45,12.515,10.65,9.12,1.611,1.054,13.567,0.232,4.924,11.642,3.845,16.26,B1
14.906,7.727,12.95,9.683,4.991,10.554,19.548,6.201,8.575,14.325,10.085,6.981,13.049,5.983,1.387,6.953,B1
6.781,17.303,7.379,11.209,5.489,14.256,6.76,3.897,6.042,4.825,8.478,5.952,8.174,6.204,10.4,1.171,B1
0.183,7.942,28.137,26.513,11.424,10.118,16.84,19.781,1.871,3.955,6.602,4.709,8.54,2.719,0.251,9.489,B1
0.183,4.46,2.371,2.504,3.996,16.211,0.183,3.415,3.454,0.108,8.129,9.219,5.621,17.517,1.48,4.46,B1
21.87,12.95,8.772,20.129,1.509,7.071,5.212,17.343,10.418,2.504,15.628,0.017,21.075,4.677,13.267,8.522,B1
11.424,16.432,5.29,1.558,8.473,15.777,0.204,13.861,13.267,1.054,8.478,9.932,0.183,11.424,18.183,5.234,B1
9.102,5.331,3.201,12.95,6.45,1.848,22.643,15.254,17.438,19.838,4.46,5.455,13.977,10.771,5.074,1.365,B1
0.978,11.209,2.504,10.263,21.406,2.719,7.92,5.505,3.77,6.781,4.192,22.367,9.932,3.154,14.701,2.311,B1
31.521,12.08,30.923,2.504,1.509,2.069,2.526,3.764,23.453,15.486,1.246,6.484,8.174,4.46,6.191,5.814,B1
7.942,41.891,10.164,2.719,16.93,4.46,8.329,10.861,1.871,9.102,11.692,1.973,1.442,9.683,5.167,1.15,B1
12.584,9.468,0.282,3.299,8.937,19.258,2.891,13.165,8.575,0.473,0.897,8.937,10.031,8.16,19.822,8.329,B1
5.621,12.95,6.682,4.825,21.904,1.634,2.912,10.379,15.539,1.054,8.665,3.962,7.245,0.76,5.279,3.879,B1
23.396,7.071,7.942,14.906,10.463,6.636,4.847,2.719,23.769,3.299,2.853,5.737,4.924,0.11,12.038,8.694,B1
2.139,17.517,24.093,11.424,8.439,3.375,2.139,11.209,2.504,18.678,1.968,1.261,7.709,0.325,0.046,2.117,B1
3.665,5.331,37.887,6.567,17.393,3.375,14.519,0.629,4.404,24.481,0.442,3.216,7.014,0.76,0.661,1.751,B1
6.781,7.942,3.067,0.763,6.484,0.763,5.234,5.505,4.404,0.473,6.871,12.916,17.227,5.331,4.05,9.296,B1
4.825,17.517,16.432,6.567,29.331,4.245,1.73,0.629,3.77,0.688,1.968,0.017,5.29,6.204,2.095,4.245,B1
5.986,28.834,29.53,5.406,4.957,9.683,5.234,12.95,15.539,10.263,6.602,12.668,3.665,4.245,1.89,2.139,B1
26.513,14.691,1.808,11.209,16.93,6.421,2.526,4.941,3.194,13.745,17.584,9.185,4.924,1.413,19.002,0.376,B1
9.126,27.137,2.485,10.098,7.102,28.448,5.438,12.72,14.864,3.009,6.034,1.511,8.35,12.72,12.257,5.339,B2
10.873,2.234,8.776,18.836,7.128,5.63,10.68,12.72,10.873,18.399,4.452,13.842,9.126,11.08,7.63,9.126,B2
41.554,10.873,15.067,3.009,1.886,6.165,8.35,3.009,2.949,0.923,8.485,1.485,1.087,1.699,6.089,9.709,B2
15.34,5.63,23.455,15.34,2.635,11.409,24.078,15.865,3.248,23.204,8.082,20.958,3.883,17.962,3.472,4.855,B2
23.107,0.923,27.65,7.476,10.873,24.515,3.883,5.107,10.098,3.545,12.114,2.635,12.272,2.889,1.771,9.709,B2
6.602,4.32,32.117,19.71,10.847,18.617,11.846,9.3,1.996,2.135,5.259,14.217,15.69,1.699,14.107,2.816,B2
13.593,15.34,41.554,16.214,9.375,1.699,1.36,6.154,12.958,16.214,5.63,1.485,12.195,23.533,0.537,13.593,B2
24.854,31.845,14.018,5.729,1.11,4.855,5.438,6.679,9.443,15.242,2.839,4.855,0.388,1.578,14.265,13.593,B2
13.593,12.184,0.661,1.36,16.865,2.234,10.68,16.116,6.762,3.108,0.791,12.746,11.846,6.493,5.472,7.185,B2
6.602,38.933,6.679,10.873,4.107,22.549,17.088,18.737,0.388,20.147,20.18,9.375,12.545,15.668,27.676,3.108,B2
10.098,28.448,6.952,9.126,16.089,17.962,2.525,36.836,3.425,7.476,8.453,17.587,1.786,10.753,7.322,3.982,B2
0.388,0.923,36.312,16.99,18.336,17.962,10.29,2.758,23.92,16.651,26.229,1.859,6.253,4.975,2.547,11.554,B2
19.611,16.651,11.922,11.747,7.102,14.029,3.69,4.855,22.013,4.855,10.098,0.013,9.049,9.771,5.78,17.962,B2
13.593,9.563,18.486,17.962,11.622,19.928,13.786,28.972,5.154,13.157,9.695,11.971,9.825,20.255,1.154,10.873,B2
10.098,20.048,2.485,6.602,2.609,12.72,16.699,3.807,2.472,0.486,10.904,11.222,0.661,21.566,13.799,8.35,B2
39.807,6.941,14.292,7.476,13.842,12.839,4.855,4.855,9.92,3.009,2.839,6.379,19.262,1.043,3.622,10.68,B2
10.873,20.584,8.001,14.466,1.137,10.753,7.961,1.185,12.958,17.088,18.567,8.252,7.651,2.026,14.107,15.049,B2
35.339,2.234,9.825,11.747,31.068,1.578,2.525,3.283,10.098,23.204,6.437,6.353,11.147,24.843,8.248,18.836,B2
27.574,5.63,16.389,16.99,34.064,7.476,3.108,3.283,2.771,5.292,1.628,8.225,4.582,10.873,6.864,8.35,B2
50.292,35.001,5.63,17.088,6.353,11.409,18.836,8.525,7.715,6.165,11.711,3.384,10.448,0.923,7.789,12.137,B2
5.63,29.758,27.923,11.846,25.826,2.889,7.767,12.195,3.902,24.515,5.662,5.255,2.485,1.043,3.78,12.137,B2
4.855,38.933,6.679,39.807,19.086,4.32,6.02,19.535,15.639,1.797,16.55,14.217,20.234,2.026,5.163,4.564,B2
8.35,0.923,27.65,21.359,10.873,6.941,13.593,2.758,5.154,6.165,10.098,7.877,4.157,2.026,0.537,5.729,B2
22.33,7.476,14.018,33.69,33.315,0.388,8.543,0.137,8.191,19.273,5.662,7.851,6.602,11.736,0.229,1.942,B2
6.602,13.495,3.534,4.757,4.107,13.375,13.786,1.185,9.621,10.098,17.357,1.859,7.028,6.165,20.891,4.564,B2
21.359,9.563,8.776,3.982,22.857,15.461,13.011,6.428,44.89,16.651,7.243,18.711,8.001,7.804,9.173,19.127,B2
13.593,21.893,5.903,23.107,5.604,9.563,33.591,8.525,14.387,4.418,0.388,14.591,2.059,5.183,11.332,2.135,B2
8.35,4.855,34.214,9.224,0.388,7.476,2.135,8.001,2.472,3.009,9.291,3.384,23.03,17.635,7.014,20.875,B2
23.107,4.855,2.485,5.729,7.851,3.664,9.126,1.961,4.201,7.378,17.357,4.855,11.846,15.013,4.397,10.68,B2
8.35,8.252,33.941,5.63,0.388,11.528,22.33,8.252,26.302,4.32,26.229,5.604,3.108,8.252,3.622,6.602,B2
0.388,21.359,21.632,15.242,25.077,3.545,7.378,12.72,9.145,4.32,12.921,22.455,6.679,17.635,4.088,3.399,B2
31.845,17.427,4.582,35.438,5.604,21.239,3.883,16.389,9.621,10.972,1.195,17.213,7.028,21.566,7.789,7.476,B2
17.088,6.165,12.195,38.933,26.575,27.137,3.883,15.591,8.013,19.71,2.001,0.388,5.204,7.804,7.939,2.525,B2
29.322,10.098,11.922,3.108,17.587,19.273,7.378,10.873,17.724,5.292,18.567,20.958,0.311,17.754,17.808,16.214,B2
24.854,4.32,4.855,16.214,10.847,12.72,0.195,32.641,10.397,2.671,1.628,2.26,6.952,5.511,8.555,8.933,B2
43.302,6.165,11.147,10.873,19.086,17.962,16.699,1.436,8.668,0.923,10.904,19.46,12.971,8.787,0.696,6.02,B2
26.601,1.699,6.952,3.883,10.873,14.15,7.185,11.147,9.621,10.972,11.308,0.013,4.932,17.962,5.472,4.564,B2
1.36,6.165,1.436,3.108,4.107,4.855,15.923,27.399,21.06,2.671,12.889,13.842,19.885,15.668,18.425,2.816,B2
22.33,8.252,1.436,38.933,8.6,12.184,0.195,14.543,13.911,1.699,12.921,9.723,9.126,3.216,5.472,3.399,B2
7.378,11.409,0.388,22.33,11.596,25.826,6.602,14.292,14.686,6.602,1.598,10.847,4.505,11.528,7.63,6.504,B2
2.135,3.009,25.553,1.36,4.107,17.307,15.923,15.865,16.293,9.999,3.242,2.983,10.098,5.958,8.248,3.009,B2
14.368,31.068,21.632,10.972,5.63,10.753,6.02,8.001,3.248,8.35,16.55,15.34,4.855,2.234,15.033,6.893,B2
25.826,20.048,19.535,0.388,23.605,35.001,9.515,11.398,4.855,4.418,4.421,13.093,0.388,2.889,7.789,2.816,B2
7.378,8.787,4.855,10.972,20.584,10.873,9.126,6.428,10.098,1.797,6.468,15.34,6.602,5.838,8.248,5.922,B2
20.584,16.116,13.243,7.378,13.093,8.787,28.739,3.283,33.928,5.729,3.211,11.248,16.039,0.388,2.079,3.108,B2
3.108,25.826,31.068,20.584,22.082,12.064,10.68,16.389,21.537,3.545,31.068,7.851,1.087,1.251,3.78,6.893,B2
9.126,14.805,17.164,15.34,2.609,4.32,0.195,5.63,9.621,15.34,28.246,8.974,5.204,3.009,3.622,0.777,B2
4.855,23.204,5.903,14.368,3.384,9.442,10.68,21.108,1.996,6.941,15.743,9.375,2.135,2.561,19.041,9.807,B2
0.388,0.923,3.534,3.009,0.361,0.388,13.593,0.661,7.238,3.883,7.275,18.711,16.465,0.388,5.322,0.486,B2
34.564,8.252,2.485,8.35,4.133,3.009,8.35,19.011,10.098,23.641,19.374,0.361,6.679,17.962,3.622,10.68,B2
45.05,10.098,8.776,11.846,4.882,7.476,5.63,3.534,8.191,8.252,12.114,2.635,3.457,8.908,1.771,8.35,B2
17.088,6.165,10.873,9.224,3.358,0.267,2.525,8.525,1.042,14.029,9.26,7.476,20.234,6.941,8.555,2.426,B2
50.292,63.836,17.164,12.621,24.328,2.234,11.263,12.195,6.584,17.525,28.246,2.26,1.087,8.787,5.014,2.234,B2
3.108,18.737,5.63,12.72,24.328,16.116,1.942,19.535,4.378,3.009,2.032,2.983,8.426,8.132,0.079,16.408,B2
33.591,38.933,6.952,5.729,13.093,3.009,24.078,2.234,5.63,3.982,0.388,3.732,5.554,6.821,6.247,2.525,B2
4.855,10.098,5.63,24.078,16.089,2.234,21.748,0.137,37.741,17.088,10.904,7.503,19.185,7.804,7.322,9.126,B2
3.108,16.116,7.727,6.504,2.635,22.67,6.602,26.875,12.779,7.913,0.822,27.324,2.409,4.527,5.78,14.758,B2
14.368,7.476,17.164,0.388,13.87,13.495,3.883,4.855,7.238,7.913,5.662,7.476,15.69,9.115,18.733,3.591,B2
16.116,0.388,18.213,25.826,4.855,8.787,15.34,1.185,22.013,13.157,8.05,3.732,7.651,0.596,15.958,5.922,B2
15.34,23.98,9.825,7.476,13.842,8.132,12.428,12.195,1.042,15.777,5.227,12.345,8.077,4.2,2.547,2.135,B2
8.35,42.865,15.067,9.999,4.133,15.461,1.36,16.116,9.621,8.787,9.695,11.222,13.593,8.132,16.883,8.35,B2
37.087,24.515,0.661,11.747,17.587,2.234,0.388,17.438,6.584,21.893,12.083,6.005,2.135,6.821,4.397,1.262,B2
8.35,17.427,13.243,3.108,13.87,18.082,9.709,9.574,8.668,6.067,0.015,7.102,6.602,5.183,2.238,2.816,B2
13.593,19.273,23.729,19.611,16.089,18.737,4.855,0.137,10.574,11.409,10.098,4.507,2.758,9.115,7.014,19.71,B2
16.116,19.273,11.922,15.242,17.587,21.239,5.048,1.961,4.855,5.729,10.873,5.63,10.174,5.303,10.565,8.933,B2
50.292,0.388,12.971,0.388,28.822,1.578,13.011,9.574,1.817,5.729,17.76,2.26,5.204,2.889,0.537,2.717,B2
11.846,12.184,32.117,7.378,2.609,9.442,5.438,19.011,6.285,34.127,16.147,1.886,6.253,18.41,1.771,5.048,B2
47.573,57.283,5.903,11.747,14.591,15.996,0.971,5.379,15.34,14.903,18.536,6.353,2.409,12.184,7.63,4.855,B2
20.584,21.893,19.535,10.873,38.559,35.657,3.3,5.379,1.042,6.602,0.791,4.133,5.554,9.563,7.789,6.893,B2
15.34,26.601,21.359,0.388,6.379,25.171,10.68,7.203,22.013,6.941,3.242,5.978,2.835,5.511,3.313,13.884,B2
17.088,14.029,10.098,13.593,15.34,5.63,29.322,14.292,7.238,14.029,5.662,23.204,17.787,6.613,11.64,11.846,B2
41.554,16.651,33.166,25.826,3.384,12.72,2.717,4.058,15.34,9.661,17.76,5.978,13.593,2.234,1.771,15.825,B2
29.322,17.427,20.31,9.126,19.835,17.962,4.465,23.204,18.499,4.855,1.628,5.978,2.059,11.409,6.397,5.922,B2
11.846,9.563,9.825,5.729,23.605,11.409,5.438,18.486,16.116,3.545,8.453,6.754,5.903,19.273,3.622,1.553,B2
34.564,16.116,4.855,5.729,4.855,5.511,21.748,0.388,27.733,40.68,8.082,19.086,3.184,0.06,4.855,22.039,B2
19.611,14.029,8.001,28.349,0.361,6.165,0.388,5.63,4.677,6.165,3.614,8.974,8.7,6.165,12.415,6.311,B2
27.574,23.204,10.873,23.204,2.635,4.855,10.29,3.807,3.724,4.855,8.082,4.882,10.098,9.563,25.517,0.388,B2
8.35,12.72,6.679,47.671,1.137,16.651,2.717,3.009,4.201,0.049,25.423,16.838,11.147,26.153,2.388,14.466,B2
39.807,9.563,24.777,17.088,13.093,1.043,17.671,11.398,0.565,4.855,24.616,2.234,6.679,9.771,27.06,9.999,B2
31.845,2.234,4.855,35.438,4.882,36.312,9.515,25.302,1.042,4.418,25.826,1.485,17.438,5.511,8.098,4.855,B2
38.059,8.787,0.661,3.982,16.089,12.839,13.593,3.283,18.2,7.476,18.163,1.511,18.486,2.561,1.463,3.69,B2
3.883,14.805,15.34,0.486,16.865,3.545,5.048,6.952,8.668,6.941,16.55,16.089,6.253,10.425,7.322,3.883,B2
12.621,16.116,0.661,5.63,28.073,2.234,3.883,4.582,12.303,4.32,0.791,3.009,15.34,9.771,15.34,13.302,B2
10.098,20.584,12.195,2.234,13.093,10.217,14.368,8.001,6.285,0.923,4.421,2.609,11.496,12.72,13.49,3.883,B2
25.826,28.448,10.098,29.322,7.877,6.165,10.098,8.776,17.724,12.283,24.616,7.102,6.679,9.442,13.182,0.777,B2
1.36,10.098,10.098,3.883,7.851,27.137,7.767,6.154,31.068,11.747,9.26,0.361,9.825,15.34,3.622,2.816,B2
5.63,13.495,9.825,14.466,8.6,9.442,10.098,5.379,21.537,1.262,6.065,17.587,2.758,17.635,2.388,3.69,B2
17.863,23.98,17.164,19.611,25.077,15.996,1.942,3.807,9.621,32.379,16.55,1.137,10.797,5.303,15.958,6.893,B2
25.826,17.427,0.661,3.009,22.83,14.805,0.195,4.058,6.285,1.262,7.275,2.635,13.67,8.132,1.313,16.797,B2
3.108,21.359,10.873,18.836,4.855,18.737,7.378,1.436,10.873,7.039,11.308,11.596,4.233,31.724,10.714,0.097,B2
18.836,15.34,14.292,4.757,13.093,9.563,2.717,8.252,20.107,16.214,15.34,11.971,1.011,2.682,1.154,7.767,B2
2.135,3.009,27.923,8.252,1.886,2.234,8.35,21.108,12.303,9.224,6.065,11.222,0.038,13.375,13.799,0.679,B2
9.126,3.009,30.021,4.855,13.842,6.821,20.193,16.913,20.584,17.525,3.211,2.26,21.982,23.86,4.397,11.846,B2
14.368,4.32,15.34,3.883,8.626,1.043,3.69,1.185,20.405,15.777,11.679,2.609,17.787,3.664,13.649,5.147,B2
9.126,19.273,2.758,13.495,10.847,12.064,6.796,12.446,15.817,2.234,2.435,20.209,10.098,0.596,5.63,3.982,B2
22.33,0.923,1.436,33.591,15.34,23.86,2.135,14.292,41.077,3.446,2.435,5.63,2.758,13.047,15.033,0.097,B2
31.068,35.001,11.922,3.883,5.604,10.753,16.699,11.671,4.855,14.903,5.662,1.859,1.36,8.252,32.302,11.164,B2
2.135,5.63,4.582,9.224,4.107,14.685,13.011,9.825,1.518,1.36,4.452,13.093,10.098,11.08,3.622,2.717,B2
30.097,10.098,1.71,7.476,10.124,8.908,5.438,5.107,14.864,9.126,1.628,16.838,1.436,10.546,5.78,5.922,B2
45.05,17.427,2.758,3.883,3.358,24.515,15.923,13.767,0.565,16.214,10.47,10.847,0.038,7.476,12.874,15.34,B2
