# percent estimate error for "imit" utterances; TTS: 30 - 180 minutes; sampling int: 30 seconds
30.0,40.0,50.0,60.0,70.0,80.0,90.0,100.0,110.0,120.0,130.0,140.0,150.0,160.0,170.0,180.0,Transcript
7.803,15.492,16.787,17.803,58.049,42.377,52.197,53.656,22.934,10.361,39.475,47.311,39.311,17.164,33.115,0.738,A1
2.443,23.164,35.213,17.803,9.754,19.328,28.295,62.885,16.18,10.115,22.934,29.508,33.164,27.016,11.426,12.934,A1
2.443,69.262,7.803,48.541,51.705,19.082,26.344,35.213,50.869,28.049,45.623,49.508,50.836,21.0,0.574,26.344,A1
33.164,53.902,41.361,2.443,44.885,34.689,43.41,44.443,7.803,35.984,32.377,12.197,12.689,19.328,24.082,17.803,A1
48.787,61.344,63.115,53.656,3.41,11.639,35.115,16.787,32.951,58.787,46.574,3.41,29.066,50.066,30.164,0.984,A1
59.016,30.607,50.836,84.393,14.148,53.656,0.984,19.852,17.344,58.787,3.082,0.967,12.689,30.607,30.164,43.41,A1
22.934,69.016,29.066,7.557,51.705,3.967,9.262,10.639,20.131,28.295,33.803,55.852,8.59,26.77,53.0,2.689,A1
53.656,23.164,13.951,23.164,20.984,7.557,2.443,26.246,17.344,12.689,0.721,1.213,8.59,70.951,42.148,40.0,A1
33.164,15.492,63.115,12.689,51.705,53.902,4.393,35.213,48.066,7.557,26.721,49.508,39.311,22.934,16.836,23.164,A1
12.689,0.115,41.361,33.164,34.148,27.016,9.262,29.311,8.951,15.492,1.656,20.984,4.492,5.885,31.967,5.852,A1
22.934,15.492,13.951,104.885,12.197,45.967,29.754,29.311,42.475,5.0,30.016,60.246,12.689,11.41,16.836,10.967,A1
84.393,7.557,26.246,2.689,9.754,38.541,7.803,41.607,6.164,28.295,1.656,49.508,22.148,30.607,18.656,41.705,A1
43.41,15.492,29.066,58.787,3.41,22.934,14.639,19.852,27.361,20.607,21.984,31.705,27.016,32.525,17.508,14.639,A1
22.934,76.951,4.492,22.934,12.197,30.852,38.541,50.59,30.148,20.607,22.934,5.361,27.016,26.77,22.934,10.967,A1
18.049,7.803,35.213,22.934,27.311,23.164,33.164,26.0,2.213,74.148,4.016,51.705,3.705,7.803,13.885,12.934,A1
22.934,92.066,16.787,2.443,16.59,15.246,35.115,13.705,101.148,28.295,36.18,0.967,7.803,11.41,8.459,12.689,A1
156.098,53.902,63.115,161.213,0.967,0.115,11.213,26.246,16.18,20.607,6.377,1.213,4.492,40.459,22.934,18.049,A1
18.049,69.016,35.213,69.016,34.148,72.869,36.59,10.885,30.148,7.557,19.623,18.787,12.689,67.098,3.049,48.541,A1
28.295,23.164,29.066,28.295,12.197,0.115,26.344,41.607,6.164,18.049,37.115,0.967,84.393,3.967,16.836,33.164,A1
48.787,23.164,32.393,53.656,38.541,57.738,22.934,35.213,41.328,25.738,4.016,10.0,6.541,3.721,0.574,2.689,A1
28.295,23.164,22.934,18.049,42.934,11.41,18.049,20.098,16.18,2.443,7.803,16.59,1.656,11.41,48.23,7.803,A1
12.689,30.852,53.656,69.262,40.492,80.541,38.541,1.41,25.721,38.295,4.016,9.754,22.148,21.246,15.033,29.754,A1
59.016,15.492,53.656,53.902,29.754,49.82,12.689,26.0,8.951,43.41,24.361,5.361,4.492,32.77,6.656,16.344,A1
12.689,46.213,4.492,59.016,36.098,23.164,9.262,22.934,25.721,2.689,39.475,0.967,13.951,17.164,57.279,31.459,A1
48.787,46.213,16.787,28.295,5.361,19.082,19.508,20.098,17.344,2.689,33.803,7.803,33.164,7.803,31.967,24.639,A1
48.787,0.115,13.951,28.295,20.984,30.852,28.295,38.541,16.18,25.492,30.016,7.557,18.836,2.049,9.607,38.295,A1
63.902,92.066,29.066,23.164,20.984,38.295,12.689,35.213,22.934,40.852,27.656,7.557,28.295,17.164,4.197,63.902,A1
12.689,30.852,78.246,12.934,115.115,30.852,40.0,17.033,59.246,5.0,4.016,42.934,5.754,24.852,28.344,28.295,A1
12.689,69.016,10.639,28.295,22.934,34.689,9.262,7.557,27.361,22.934,89.115,34.148,35.213,17.41,0.574,53.656,A1
69.262,30.852,4.492,17.803,44.885,15.246,5.852,26.246,13.393,40.852,14.902,7.557,24.197,28.934,30.164,10.967,A1
69.262,0.115,65.951,23.164,58.049,30.607,29.754,41.361,41.328,5.0,5.443,5.361,10.639,36.377,38.541,47.066,A1
12.689,46.213,47.508,79.508,18.541,0.115,14.639,1.41,46.918,30.607,24.361,31.705,28.295,19.082,15.689,12.934,A1
22.934,22.934,78.246,28.295,5.361,23.164,16.098,16.787,14.541,25.738,0.721,7.557,11.902,34.689,24.738,51.951,A1
2.443,84.393,20.098,28.049,9.754,34.443,18.049,35.213,31.311,20.361,6.377,42.934,2.443,3.721,4.852,2.443,A1
135.607,7.803,20.098,23.164,25.361,30.852,45.361,81.311,6.164,12.689,39.475,20.984,48.787,25.098,34.918,4.148,A1
74.148,61.344,1.656,7.557,84.393,53.902,38.541,7.557,36.902,10.115,33.803,36.344,4.492,7.557,11.426,9.262,A1
7.803,61.344,1.656,7.557,22.934,34.689,7.803,4.492,3.377,12.934,60.754,14.393,4.492,9.475,50.049,6.098,A1
79.508,15.492,65.951,17.803,40.492,15.246,21.459,26.246,18.984,25.738,21.984,40.492,10.639,3.967,8.459,24.639,A1
320.0,23.164,75.41,28.049,93.164,42.131,41.951,7.557,32.951,25.492,21.984,14.393,26.246,32.77,18.656,11.213,A1
59.016,7.803,29.066,48.787,84.393,11.639,55.607,13.951,13.393,12.934,4.016,3.41,1.656,2.049,0.574,6.098,A1
18.049,38.541,78.246,12.934,7.803,11.639,5.852,10.639,38.541,53.656,11.098,77.803,18.049,23.164,53.0,0.738,A1
28.295,61.59,188.869,58.787,31.705,0.115,14.639,4.738,62.033,2.689,7.803,18.787,7.803,26.77,30.164,36.59,A1
12.689,45.967,38.541,43.656,29.754,42.377,50.246,20.098,38.541,10.361,0.721,16.59,1.656,1.803,29.492,51.951,A1
59.016,53.902,59.803,22.934,20.984,65.426,33.164,29.066,0.574,10.361,19.623,14.148,35.213,21.246,2.377,16.344,A1
43.41,15.246,16.787,58.787,5.361,7.557,38.541,44.443,39.689,25.492,67.836,29.508,9.852,11.41,36.721,10.967,A1
53.656,76.705,4.492,7.557,5.361,0.115,50.246,29.066,84.393,28.295,7.803,10.0,18.049,3.967,2.377,29.754,A1
69.262,15.492,16.787,18.049,36.098,19.082,26.344,4.492,25.721,48.541,21.984,0.967,3.705,28.689,6.0,4.148,A1
59.016,38.541,4.492,2.689,16.59,11.41,26.344,35.459,35.738,12.934,21.984,18.541,1.656,22.934,39.197,21.213,A1
48.787,69.016,29.066,7.803,0.967,0.115,5.852,26.246,24.574,7.803,52.721,20.984,16.787,5.639,4.197,23.164,A1
7.803,61.59,26.246,104.885,0.967,126.639,21.459,35.459,3.377,10.115,18.197,47.066,11.902,9.475,4.852,24.639,A1
59.016,30.852,16.787,7.803,18.541,61.344,4.393,105.902,14.541,28.049,48.0,10.0,29.066,9.721,6.656,7.557,A1
18.049,53.902,29.066,43.656,22.934,11.639,69.262,13.705,17.344,28.049,4.016,51.459,3.705,25.098,2.377,19.754,A1
12.689,30.852,29.066,7.803,27.311,0.115,2.443,65.951,89.984,15.246,37.115,1.213,1.656,19.328,42.82,28.049,A1
12.689,46.213,32.393,12.934,53.656,49.82,14.639,4.738,25.721,18.049,7.803,23.164,13.951,5.885,8.459,10.967,A1
48.787,38.295,26.246,69.262,18.541,19.328,5.852,32.393,5.016,12.689,24.361,7.803,13.951,21.0,10.279,48.541,A1
59.016,0.115,47.508,53.902,7.803,11.639,2.443,10.885,2.213,23.164,11.098,20.738,16.787,21.0,24.082,11.213,A1
12.689,0.115,63.115,12.934,9.754,84.393,0.984,10.885,11.754,30.852,13.475,5.361,6.541,26.77,19.311,70.738,A1
7.803,69.016,1.656,43.656,20.984,38.541,63.902,78.246,5.016,30.607,13.475,20.738,5.754,9.475,1.23,7.557,A1
74.148,15.492,44.689,140.738,20.984,42.131,16.098,7.803,2.213,18.049,21.984,3.41,34.443,22.934,12.082,16.098,A1
18.049,76.705,22.934,53.902,58.049,26.77,28.295,13.951,16.18,7.803,11.098,7.557,12.689,1.803,1.23,2.443,A1
28.295,7.557,4.492,58.787,66.836,11.639,14.639,47.754,39.689,22.934,1.656,53.656,4.492,11.41,6.0,24.885,A1
79.508,30.852,65.951,7.803,56.098,7.803,67.311,13.951,41.328,22.934,11.098,3.41,20.098,19.082,46.426,21.213,A1
22.934,0.115,35.213,7.557,0.967,0.115,14.639,10.885,24.574,56.213,26.721,60.246,28.295,13.328,4.852,62.197,A1
2.443,130.492,29.066,74.148,47.311,42.377,5.852,32.393,36.902,66.459,22.934,27.557,18.049,13.574,4.197,33.41,A1
18.049,7.803,4.492,18.049,38.541,42.131,22.934,26.246,45.279,15.246,14.902,7.557,22.148,40.459,47.574,2.443,A1
69.262,53.656,29.066,7.803,49.262,57.492,22.934,23.164,38.541,5.0,44.197,10.0,10.639,9.721,12.082,12.934,A1
63.902,22.934,13.951,17.803,3.41,19.082,45.361,19.852,28.508,71.59,62.18,1.213,14.738,11.41,1.23,14.393,A1
156.098,53.656,56.984,48.787,3.41,65.18,5.852,7.803,13.393,28.049,7.803,20.738,5.754,5.639,18.656,12.689,A1
84.393,53.902,1.656,33.41,16.59,7.557,29.754,1.41,30.148,30.852,14.902,16.344,13.951,30.607,4.197,31.459,A1
48.787,46.213,7.803,43.41,51.705,19.328,5.852,1.41,20.131,33.41,4.016,27.311,24.967,45.967,37.393,63.902,A1
38.541,15.492,63.115,48.787,16.59,42.377,9.262,29.066,16.18,25.738,31.443,5.607,56.984,11.41,25.885,24.885,A1
69.262,38.541,29.066,53.902,34.148,3.721,14.639,19.852,7.803,7.803,40.902,40.738,24.967,34.443,7.803,19.508,A1
18.049,15.246,72.098,2.689,40.492,30.852,38.541,1.41,21.77,10.115,0.721,14.148,47.508,15.492,75.344,2.689,A1
18.049,46.213,41.361,48.787,69.262,34.689,2.443,152.0,30.148,5.246,13.475,20.984,33.164,0.115,6.656,22.934,A1
59.016,30.607,20.098,28.295,31.705,30.607,29.754,47.754,10.607,0.115,39.475,12.197,0.393,13.574,40.344,5.852,A1
59.016,22.934,13.951,2.443,42.934,15.492,28.295,7.803,18.984,17.803,4.016,18.787,28.295,2.049,21.115,21.213,A1
115.115,76.705,35.213,22.934,34.148,45.967,2.443,38.295,8.951,48.787,39.475,18.787,1.656,11.639,0.574,23.164,A1
197.066,107.443,53.656,22.934,12.197,27.016,21.459,10.885,56.459,43.41,5.443,31.951,10.639,44.049,25.885,9.262,A1
2.443,15.492,26.246,79.262,3.41,7.557,43.41,19.852,5.016,30.607,13.475,5.607,43.41,30.607,42.82,5.852,A1
2.443,84.639,69.262,38.541,27.311,23.164,11.213,16.787,25.721,23.164,24.361,18.787,30.344,30.607,21.115,6.098,A1
18.049,30.607,32.393,48.787,12.197,3.967,7.803,78.246,17.344,7.557,25.295,12.197,16.0,30.852,22.262,9.508,A1
84.393,45.967,35.213,7.557,62.443,19.328,2.443,1.41,20.131,5.0,0.721,18.541,53.656,23.164,7.803,2.443,A1
7.803,7.803,13.951,38.295,88.787,22.934,22.934,17.033,5.016,33.41,37.115,11.951,3.705,19.328,1.23,4.393,A1
104.885,69.262,32.393,33.164,14.148,34.443,2.443,26.246,0.574,20.607,3.082,16.344,41.361,38.295,68.115,45.361,A1
38.541,46.213,4.492,53.656,47.311,30.607,74.148,29.311,5.016,0.115,32.377,22.934,7.803,15.246,2.377,23.164,A1
38.541,61.344,20.098,12.934,51.705,3.967,35.115,29.311,45.279,25.492,25.295,20.738,0.393,17.164,15.689,4.393,A1
94.639,92.066,96.689,48.787,5.361,34.443,38.541,22.934,60.885,28.049,8.738,12.197,26.246,32.77,2.377,9.508,A1
38.541,38.541,32.393,64.148,27.311,7.803,28.295,10.885,10.607,7.803,6.377,3.164,35.213,11.639,6.656,50.246,A1
33.164,0.115,29.066,17.803,42.934,27.016,36.59,47.508,22.934,76.705,25.295,20.738,11.902,28.689,9.607,28.295,A1
12.689,46.213,90.541,74.393,22.934,76.705,50.246,7.803,42.475,10.361,6.377,16.344,20.098,9.721,9.607,16.344,A1
43.41,15.246,50.836,28.049,20.984,7.557,31.705,29.311,5.016,0.115,14.902,9.754,6.541,45.967,22.262,4.393,A1
7.803,46.213,84.393,7.557,22.934,22.934,21.459,50.59,87.18,30.852,41.836,5.607,1.656,32.525,50.049,12.689,A1
69.262,61.59,13.951,104.885,7.803,19.328,14.639,17.033,70.426,2.443,15.836,5.361,3.705,15.246,46.426,29.754,A1
69.262,22.934,4.492,7.803,0.967,15.246,22.934,32.393,17.344,41.098,36.18,36.098,16.787,65.18,53.0,0.738,A1
12.689,45.967,41.361,12.934,38.541,3.967,4.393,35.459,24.574,22.934,37.115,14.393,37.262,9.721,68.115,41.951,A1
22.934,30.852,41.361,84.393,7.803,30.607,21.459,16.787,41.328,66.459,7.803,7.557,13.951,51.738,66.311,7.557,A1
38.541,0.115,65.951,2.689,7.803,3.721,14.639,13.951,20.131,0.115,0.721,23.164,3.705,27.016,31.967,51.951,A1
28.295,7.557,38.541,12.934,20.984,57.738,2.443,4.738,24.574,12.689,17.262,7.557,34.443,15.492,18.656,14.393,A1
145.852,15.246,63.115,7.803,5.361,27.016,11.213,62.885,2.213,25.492,11.098,12.197,10.639,70.951,9.607,11.213,A1
59.016,30.852,32.393,7.557,29.754,38.541,132.197,7.803,16.18,41.098,19.623,42.689,32.393,44.049,6.0,14.639,A1
68.809,133.918,25.145,27.227,6.936,18.127,38.618,9.164,0.764,50.745,0.764,13.118,43.864,30.609,13.745,35.891,A2
3.964,37.618,24.755,1.236,42.082,32.555,20.291,43.864,12.1,19.555,94.336,6.436,30.991,0.582,21.109,23.027,A2
79.209,63.745,30.991,40.355,33.164,49.318,30.691,12.282,24.755,11.627,77.536,15.845,20.991,18.127,17.418,40.355,A2
24.755,37.618,37.618,68.809,1.973,44.245,34.155,6.045,16.255,58.418,27.155,26.482,12.282,7.209,50.445,9.9,A2
6.436,68.809,55.945,55.945,46.536,83.236,27.227,18.909,30.427,50.618,60.745,2.482,10.591,6.436,70.627,3.964,A2
37.618,53.218,50.1,3.964,37.618,44.245,66.345,18.909,2.073,29.955,15.164,42.082,26.836,50.1,33.955,6.436,A2
48.018,6.436,30.991,53.218,20.3,1.364,14.364,3.309,3.6,3.836,3.164,15.845,12.673,4.482,10.1,9.9,A2
79.209,37.618,6.436,40.355,42.582,67.645,44.555,6.045,19.082,24.627,13.627,13.118,10.2,9.164,4.6,15.1,A2
58.418,29.827,18.518,37.618,24.755,32.555,23.764,25.145,17.773,3.964,8.827,15.845,12.673,0.582,8.264,29.955,A2
35.155,76.609,0.191,32.427,2.482,9.164,14.364,0.191,36.1,16.964,25.627,26.482,23.064,25.927,35.764,7.427,A2
37.618,6.436,37.236,35.155,24.255,9.164,37.618,22.027,37.618,3.964,10.364,13.118,33.464,49.318,6.436,29.955,A2
16.827,22.027,37.618,14.364,28.709,24.755,6.436,27.873,21.918,16.827,40.018,4.709,8.118,20.855,21.109,7.427,A2
3.964,6.436,6.436,35.155,87.136,48.145,66.345,9.555,3.6,32.555,13.627,37.618,14.364,1.364,19.255,8.164,A2
79.209,68.809,18.909,16.827,37.618,1.364,58.418,30.991,53.109,1.364,41.555,6.936,43.473,11.109,22.918,3.964,A2
6.436,61.009,31.382,32.427,2.482,32.555,66.345,9.164,9.264,16.827,54.418,26.982,25.145,35.673,21.109,7.427,A2
79.209,22.027,37.618,14.364,10.891,10.327,10.891,9.555,10.582,11.764,7.964,18.073,101.691,38.4,0.909,20.291,A2
14.364,61.009,50.1,9.164,78.227,10.327,45.545,15.791,9.264,16.964,1.636,13.618,23.064,13.064,0.927,12.627,A2
27.227,45.418,37.236,53.218,6.936,24.755,16.827,87.136,38.936,14.364,43.945,44.809,8.509,44.245,8.264,11.627,A2
76.736,94.936,18.518,11.627,19.8,25.927,0.5,15.791,34.782,45.418,16.027,17.573,70.5,47.373,15.582,22.027,A2
128.718,37.618,68.418,48.018,37.618,1.364,3.964,6.045,29.118,9.164,19.955,22.527,0.191,13.064,37.6,12.627,A2
27.227,9.164,6.045,14.364,24.755,6.436,31.691,43.473,20.609,6.436,3.164,26.982,41.782,52.045,22.945,6.436,A2
35.155,1.364,6.045,63.609,20.3,24.755,3.964,37.236,16.255,35.018,55.945,31.436,28.918,20.855,4.6,16.091,A2
55.945,14.227,31.382,35.155,55.945,9.164,6.436,40.736,21.918,42.955,28.027,6.436,25.145,28.655,19.255,3.964,A2
48.018,37.618,50.1,11.627,2.482,44.245,16.827,15.791,30.427,35.018,28.027,4.709,2.273,29.827,26.618,25.491,A2
79.209,24.755,31.382,55.945,6.436,22.027,23.764,28.264,4.909,32.427,13.627,1.973,20.6,28.655,17.418,4.7,A2
58.418,24.755,25.145,9.164,46.536,37.618,3.964,27.873,12.1,9.164,40.018,15.345,39.309,22.027,44.964,11.627,A2
16.827,14.227,18.909,40.355,24.255,49.318,37.618,9.164,21.918,6.436,25.627,6.436,35.155,35.673,22.918,9.164,A2
24.755,1.364,18.518,50.745,6.936,2.536,2.964,31.382,38.936,6.564,8.827,0.255,6.436,7.209,21.091,16.827,A2
14.364,53.218,31.382,42.818,38.127,32.555,0.5,3.309,10.582,29.827,30.427,19.8,37.618,67.645,6.409,8.164,A2
149.509,71.536,55.945,19.555,59.9,79.336,2.964,34.5,26.282,22.155,24.755,2.482,18.518,31.773,13.745,0.5,A2
55.945,16.964,18.909,6.436,47.036,33.727,45.545,34.5,29.118,50.745,1.636,9.164,31.382,4.482,11.936,5.7,A2
48.018,61.009,18.518,3.964,15.845,13.064,23.764,43.473,10.582,32.555,7.964,38.127,37.236,39.573,4.6,81.936,A2
97.527,53.218,37.236,19.555,10.891,25.927,21.291,80.9,36.1,16.827,20.827,11.391,20.991,28.655,33.955,12.627,A2
27.227,29.827,43.864,3.964,24.255,41.518,17.827,15.4,6.436,16.827,16.027,26.482,6.436,14.227,17.436,23.027,A2
35.155,1.364,93.373,6.436,33.164,79.336,0.5,15.4,10.582,14.227,15.164,13.118,4.355,15.009,21.109,4.7,A2
27.227,126.118,6.436,27.227,10.891,9.164,2.964,96.491,33.264,14.227,6.436,4.209,28.918,8.382,22.918,21.291,A2
48.018,32.555,6.436,27.227,28.709,52.045,17.827,34.109,0.764,3.964,11.227,11.391,26.836,28.655,2.764,1.236,A2
37.618,29.827,25.145,24.755,47.036,75.436,135.655,37.618,10.582,6.564,15.164,28.709,8.509,5.264,41.291,7.427,A2
3.964,6.436,18.909,40.355,104.955,13.064,37.618,43.473,26.282,1.236,1.636,4.209,12.673,6.436,28.445,9.164,A2
16.827,29.827,18.518,29.955,69.309,13.064,16.827,43.473,10.582,32.555,29.555,0.255,16.436,0.582,8.264,21.291,A2
6.436,22.027,31.382,9.164,20.3,33.727,35.155,28.264,61.618,14.227,6.436,8.664,37.236,1.364,6.436,30.691,A2
14.364,1.364,37.618,1.236,15.345,36.455,80.2,18.518,7.745,3.836,1.636,15.345,28.918,9.164,30.264,14.364,A2
27.227,1.364,12.673,53.218,38.127,36.455,35.155,9.555,14.936,110.527,29.555,22.527,14.745,11.109,19.255,31.691,A2
14.364,45.418,18.518,35.155,11.391,10.327,31.691,9.555,24.755,14.364,18.427,4.709,8.509,16.964,2.736,2.964,A2
3.964,1.364,18.518,37.618,51.491,24.755,0.5,37.618,17.773,53.345,27.155,15.845,8.118,52.045,33.927,16.827,A2
76.736,45.418,62.573,50.745,28.709,44.245,14.364,37.618,9.264,19.427,15.164,17.573,45.545,1.364,19.255,19.555,A2
27.227,87.136,0.191,76.736,29.209,5.264,37.618,31.382,23.445,3.964,16.027,22.027,14.364,16.964,2.736,6.436,A2
128.718,22.027,6.045,9.164,29.209,5.264,0.5,43.864,132.5,14.227,28.027,6.436,14.745,5.264,22.945,8.164,A2
24.755,110.527,18.518,6.436,1.973,33.727,23.764,24.755,26.282,1.364,6.436,33.664,4.355,26.709,19.273,21.291,A2
48.018,22.027,68.809,1.236,1.973,14.227,14.364,22.027,53.109,14.364,41.555,33.664,1.882,9.164,2.736,21.291,A2
79.209,110.527,56.336,14.364,42.582,25.927,48.018,15.791,57.473,3.836,32.827,31.436,4.355,26.709,24.755,0.5,A2
27.227,9.164,18.518,22.027,60.4,16.964,23.764,46.591,12.1,16.827,99.127,22.527,6.045,2.536,22.918,1.236,A2
27.227,32.555,37.618,19.555,10.891,29.827,61.882,24.755,10.582,22.027,24.755,1.973,43.473,5.264,0.909,10.891,A2
6.436,6.436,12.282,6.436,6.436,14.227,30.691,37.236,48.964,9.027,31.955,22.027,12.673,27.873,21.091,8.164,A2
35.155,6.436,74.664,9.164,6.436,9.164,2.964,2.927,23.445,48.145,32.827,22.527,8.509,20.855,19.255,35.891,A2
27.227,24.755,0.191,14.364,6.436,52.045,49.018,18.909,4.909,14.364,8.827,18.073,23.064,22.027,6.436,1.236,A2
3.964,6.436,12.673,35.155,24.755,67.645,45.545,15.4,34.782,32.555,28.027,46.536,0.191,28.655,15.582,83.673,A2
3.964,126.118,68.418,24.755,1.973,6.436,80.2,2.927,3.6,16.964,3.164,6.436,12.282,20.855,15.609,10.891,A2
37.618,87.136,50.1,22.027,38.127,9.164,9.9,9.555,41.773,24.627,35.218,6.936,14.745,24.755,24.782,49.755,A2
58.418,1.364,62.573,19.555,60.4,37.618,31.691,43.473,29.118,3.836,3.164,30.936,16.436,8.382,6.409,7.427,A2
48.018,16.964,50.1,48.018,15.845,16.964,34.155,34.5,10.582,6.436,28.027,28.709,22.682,7.209,2.736,5.7,A2
45.545,45.418,37.618,71.536,55.445,37.618,35.155,46.591,0.764,11.627,18.427,20.3,43.473,6.436,8.264,15.1,A2
58.418,14.227,74.664,32.427,15.845,10.327,13.364,15.791,13.418,29.827,11.227,24.255,2.273,1.364,17.418,16.827,A2
79.209,94.936,12.673,58.418,1.973,14.227,14.364,40.736,67.291,9.027,12.764,37.618,20.991,11.109,10.1,39.355,A2
16.827,40.355,12.673,16.827,87.136,28.655,49.018,40.355,20.609,6.564,1.636,18.073,35.155,5.264,8.245,35.891,A2
6.436,24.755,37.618,6.436,15.345,18.127,24.755,37.618,24.755,19.555,1.636,4.709,6.045,20.855,17.436,22.027,A2
170.309,102.727,18.909,32.427,20.3,9.164,7.427,9.555,38.936,35.155,18.427,20.3,4.355,25.927,44.936,8.164,A2
27.227,1.364,0.191,87.136,10.891,16.964,27.227,40.355,3.6,16.827,7.964,2.482,31.382,18.127,4.6,2.227,A2
139.118,157.309,75.045,68.809,60.4,33.727,52.482,46.982,4.909,35.018,8.827,18.073,1.882,2.536,8.245,3.964,A2
24.755,14.227,31.382,24.755,19.8,2.536,49.018,15.791,16.255,37.618,1.636,9.164,10.2,11.109,39.436,11.627,A2
35.155,22.027,12.673,27.227,11.391,9.164,14.364,34.109,19.082,40.355,3.164,17.573,33.073,15.009,4.573,21.291,A2
35.155,37.618,31.382,68.809,28.709,20.855,34.155,15.791,24.755,6.436,23.227,17.573,35.155,5.264,46.773,36.882,A2
27.227,24.755,6.045,66.345,11.391,98.827,59.409,12.282,31.955,11.764,10.364,37.618,6.436,2.536,21.091,10.891,A2
66.345,45.418,25.145,42.818,2.482,1.364,14.364,3.309,33.264,11.764,27.155,8.664,4.355,4.482,15.582,5.7,A2
27.227,61.009,18.518,68.809,50.991,44.245,44.555,12.282,6.436,14.364,4.036,9.164,52.173,15.009,35.791,1.236,A2
14.364,37.618,12.282,42.818,6.936,71.536,10.891,2.927,2.073,19.427,35.218,4.209,0.191,33.727,41.273,24.755,A2
58.418,9.164,81.291,19.555,15.845,37.618,38.618,15.791,24.755,3.964,36.755,2.482,47.627,18.909,11.936,50.745,A2
35.155,24.755,74.664,16.827,37.618,14.227,73.273,9.555,27.591,24.755,30.427,4.709,30.991,7.209,8.245,41.091,A2
27.227,24.755,12.673,14.364,11.391,13.064,10.891,24.755,26.282,9.027,15.164,35.391,18.518,13.064,19.255,7.427,A2
16.827,87.136,18.518,1.236,24.255,25.927,17.827,0.191,26.282,1.236,6.436,29.209,30.991,42.3,2.764,43.818,A2
58.418,24.755,37.618,14.364,6.436,20.855,0.5,15.791,7.745,27.227,8.827,24.255,18.518,0.582,13.773,3.964,A2
24.755,9.164,24.755,37.618,37.618,5.264,23.764,12.282,20.609,35.018,43.945,8.664,0.191,39.573,17.436,40.355,A2
55.945,53.218,50.1,37.618,29.209,24.755,16.827,40.355,2.073,32.555,20.827,51.491,48.018,7.209,2.764,21.291,A2
35.155,63.745,37.236,22.027,6.436,5.264,107.927,6.045,41.773,19.427,31.955,13.118,3.964,15.009,13.773,3.964,A2
27.227,71.536,0.191,48.018,29.209,28.655,20.291,28.264,40.455,9.027,27.155,8.664,16.436,40.355,21.091,30.691,A2
180.7,63.745,37.618,22.027,37.618,22.027,9.9,59.064,6.436,6.436,23.227,11.391,20.991,16.182,4.573,3.964,A2
35.155,16.964,12.673,42.818,24.755,13.064,9.9,34.5,20.609,58.545,39.155,28.709,6.045,11.109,19.255,21.291,A2
16.827,48.145,37.236,1.236,20.3,5.264,24.755,53.218,33.264,16.964,5.564,26.482,20.991,63.745,8.245,21.291,A2
66.345,37.618,12.282,76.736,15.345,14.227,20.291,25.145,23.445,27.227,1.636,26.482,8.118,30.609,2.764,29.955,A2
27.227,79.336,0.191,48.018,33.164,18.127,3.964,2.927,7.745,6.436,1.636,8.664,2.273,4.482,4.6,24.755,A2
79.209,22.027,12.282,50.745,47.036,9.164,21.291,28.264,37.618,19.427,20.827,24.755,16.436,1.364,11.918,14.364,A2
27.227,9.164,12.673,55.945,59.9,20.855,48.018,12.673,23.445,14.364,16.027,38.127,3.964,3.318,0.909,8.164,A2
68.809,14.227,6.045,16.827,19.8,37.618,24.755,12.673,16.255,11.764,27.155,24.255,10.591,22.027,11.936,45.545,A2
58.418,87.136,43.473,1.236,2.482,10.327,23.764,22.027,7.745,37.755,8.827,44.809,8.118,35.673,33.927,20.291,A2
27.227,63.745,81.291,170.309,1.973,18.127,0.5,9.555,29.118,79.336,17.564,4.709,20.991,10.327,2.736,12.627,A2
58.418,6.436,12.673,3.964,6.936,22.027,7.427,6.045,9.264,24.755,27.155,1.973,12.673,5.264,11.936,20.291,A2
58.418,71.536,18.909,29.955,6.936,18.127,6.436,18.909,20.609,16.964,18.427,26.482,14.364,26.709,8.245,31.691,A2
14.364,16.964,43.473,40.355,24.755,29.827,62.873,15.4,26.282,1.236,13.627,13.118,14.364,3.318,13.745,35.155,A2
6.436,6.436,12.282,11.627,55.445,10.327,7.427,15.791,58.782,29.955,4.036,6.436,33.464,20.082,55.945,5.7,A2
16.827,1.364,55.945,14.364,20.3,33.727,6.436,50.1,6.436,3.964,6.436,18.073,6.436,4.482,30.282,16.827,A2
38.177,58.546,7.777,58.9,0.669,43.0,35.515,82.392,5.515,0.177,1.154,2.292,14.331,3.631,2.469,10.538,A3
3.277,89.638,32.646,38.177,23.015,34.723,44.731,8.808,24.354,24.354,4.338,0.669,10.538,34.723,24.354,22.054,A3
24.354,6.731,33.677,31.262,30.277,60.631,33.569,17.092,50.738,17.092,7.531,6.592,24.354,24.354,17.092,3.277,A3
51.992,37.823,50.254,30.915,0.669,27.462,40.123,20.208,9.285,17.092,29.854,9.554,43.7,19.685,19.477,14.792,A3
10.538,34.723,32.646,10.185,34.862,19.177,7.885,3.631,24.354,7.085,37.108,45.085,25.385,32.131,7.338,14.792,A3
51.992,13.992,33.677,38.177,42.123,13.992,26.308,33.677,9.285,17.092,17.977,36.2,28.146,22.277,43.915,3.631,A3
17.092,55.446,7.777,10.185,34.862,22.277,1.331,8.808,13.331,17.092,29.854,17.092,2.246,19.177,24.408,14.792,A3
17.092,17.092,32.646,10.538,0.669,37.823,7.885,21.238,16.823,10.538,7.531,8.215,30.915,14.508,39.038,0.977,A3
17.092,27.462,0.515,3.277,0.669,3.631,10.538,7.777,2.023,13.992,7.531,6.592,32.646,19.177,29.231,19.4,A3
24.354,6.731,57.515,24.354,12.515,63.731,10.538,11.923,5.515,13.992,33.923,21.392,18.831,8.815,24.354,33.215,A3
24.354,55.446,66.838,3.631,58.546,13.992,21.7,12.954,13.331,27.808,26.662,25.977,29.885,24.869,2.469,8.238,A3
3.277,3.631,0.515,31.262,0.669,6.731,24.354,11.923,1.746,13.992,21.169,3.631,5.015,1.554,4.908,0.977,A3
10.538,107.262,17.092,37.823,12.515,24.354,26.308,4.662,2.023,38.177,14.792,12.515,16.069,1.038,14.654,1.331,A3
17.092,13.992,17.092,3.277,46.708,13.992,24.354,0.515,35.662,65.808,17.977,21.392,18.831,11.915,2.408,10.185,A3
121.077,48.185,33.677,30.915,48.046,6.731,51.992,37.823,16.823,24.008,1.154,20.054,6.038,24.354,2.408,17.092,A3
17.092,37.823,7.777,10.185,18.438,22.277,19.754,16.069,20.862,13.992,43.485,59.885,10.538,24.354,19.477,0.977,A3
24.354,76.169,0.515,17.446,11.177,22.277,38.177,8.808,5.515,20.554,13.908,59.885,18.831,9.323,43.862,28.608,A3
24.354,96.9,57.515,17.446,46.708,27.462,5.931,17.092,16.823,24.008,5.223,45.085,2.246,4.138,12.215,38.177,A3
65.808,68.908,57.515,65.808,23.015,3.631,26.308,40.938,1.746,41.277,10.715,12.515,32.646,11.915,12.215,33.215,A3
17.092,3.631,7.777,31.262,30.277,3.631,5.931,7.777,28.4,34.369,14.792,21.392,3.277,1.038,7.338,10.538,A3
44.731,13.992,50.254,65.808,0.669,34.723,17.092,25.385,5.792,24.354,2.038,14.138,2.246,19.685,0.031,33.569,A3
38.177,17.092,17.092,24.354,28.938,45.085,24.354,16.069,17.092,62.354,11.6,23.015,21.592,13.992,24.354,1.331,A3
30.915,17.092,8.808,24.354,52.623,37.823,19.754,16.069,28.4,6.731,4.338,14.138,21.592,11.4,14.6,10.538,A3
24.354,76.169,0.515,17.446,12.515,37.823,15.146,28.5,24.354,6.731,29.854,25.977,14.331,21.769,48.738,17.092,A3
44.731,3.631,16.069,10.185,77.654,43.0,10.538,3.631,20.862,24.354,7.531,5.254,16.069,22.277,4.908,10.185,A3
93.446,17.092,40.938,3.631,17.092,91.715,10.538,11.923,43.2,38.177,10.715,23.015,14.331,19.177,2.469,3.277,A3
72.362,37.823,49.231,37.823,30.277,13.992,7.885,4.662,32.169,10.185,37.108,20.054,6.038,27.462,38.985,14.792,A3
24.354,48.185,16.069,24.354,28.938,39.9,3.277,45.085,9.285,34.369,13.908,30.277,16.069,11.915,9.777,1.331,A3
3.277,27.462,57.515,24.008,30.277,1.554,30.915,4.662,65.808,65.808,29.854,28.938,2.246,29.538,4.908,24.354,A3
30.915,27.462,0.515,17.092,6.592,27.462,5.931,57.515,13.331,27.462,11.6,9.554,14.331,11.915,12.162,33.215,A3
3.277,37.823,7.777,44.731,23.015,8.815,1.331,20.208,9.562,31.262,1.154,12.515,5.015,3.631,24.354,14.792,A3
24.354,3.631,0.515,44.731,42.123,13.992,5.931,61.662,16.823,6.731,11.6,33.238,32.646,17.092,0.031,5.585,A3
38.177,55.446,57.515,10.185,18.438,1.554,12.492,21.238,31.892,0.177,8.415,2.292,5.015,1.038,29.285,12.838,A3
38.177,3.631,25.385,58.9,36.2,58.546,12.492,21.238,28.4,41.631,24.354,14.138,13.3,32.638,2.469,22.054,A3
44.731,65.808,17.092,30.915,36.2,6.731,10.538,8.808,39.431,3.631,1.154,2.292,19.862,14.508,31.669,42.777,A3
38.177,86.538,24.354,10.185,30.277,32.638,33.569,24.354,31.892,6.731,2.038,20.054,16.069,1.038,4.846,24.354,A3
3.277,48.185,50.254,3.631,6.592,39.9,44.731,12.954,5.792,31.262,8.415,27.315,7.777,24.354,12.162,15.146,A3
24.354,13.992,49.231,3.631,40.785,34.723,38.177,7.777,28.123,3.631,8.415,3.631,19.862,39.9,48.738,7.885,A3
51.992,3.631,41.969,3.631,11.177,29.538,1.331,36.792,9.562,7.085,17.092,25.977,19.862,1.038,14.654,0.977,A3
107.262,13.992,57.515,31.262,28.938,27.462,42.777,17.092,5.792,3.277,27.546,5.254,14.331,1.554,2.408,10.185,A3
38.177,34.723,49.231,65.454,89.492,22.277,40.123,11.923,20.585,3.277,10.715,12.515,3.277,8.815,19.477,10.538,A3
65.808,37.823,17.092,44.731,23.015,13.992,12.492,21.238,13.331,0.177,2.038,11.177,0.515,27.462,19.477,28.608,A3
24.354,13.992,8.808,79.623,40.785,19.177,19.754,57.515,35.938,0.177,1.154,0.669,46.462,4.138,21.969,10.538,A3
30.915,55.446,8.808,17.446,48.046,17.092,42.777,8.808,13.331,24.354,1.154,42.123,0.515,11.4,51.177,3.631,A3
65.808,96.9,49.231,10.185,48.046,6.731,30.915,11.923,69.577,38.177,8.415,2.292,19.862,6.223,34.162,28.962,A3
30.915,17.092,33.677,3.277,36.2,74.092,21.7,50.254,13.331,24.008,1.154,3.631,5.015,13.992,2.469,26.662,A3
44.731,48.185,41.969,44.731,0.669,19.177,70.415,11.923,20.585,30.915,20.285,30.277,11.569,14.508,14.654,0.977,A3
17.092,6.731,7.777,10.185,36.2,34.723,58.546,4.662,13.054,10.538,8.415,5.254,32.646,32.131,14.6,21.7,A3
10.538,55.446,8.808,38.177,6.592,17.092,7.885,7.777,39.708,17.092,17.977,5.254,8.808,24.354,17.038,10.185,A3
24.354,34.723,41.969,10.185,12.515,39.9,12.492,7.777,43.2,27.808,13.908,31.9,10.538,22.277,4.846,10.185,A3
51.992,37.823,40.938,10.538,11.177,8.815,21.7,11.923,13.331,31.262,13.908,25.977,7.777,14.508,9.777,28.962,A3
107.262,37.823,49.231,30.915,0.669,3.631,17.092,16.069,28.4,7.085,21.169,12.515,32.646,47.677,51.177,5.585,A3
65.808,58.546,25.385,30.915,48.046,17.092,44.731,25.385,35.662,24.354,23.469,6.592,0.515,21.769,19.531,10.185,A3
72.362,17.092,7.777,37.823,46.708,17.092,28.962,25.385,28.123,3.631,33.038,3.631,5.015,11.4,9.723,31.262,A3
86.185,24.354,7.777,31.262,40.785,6.731,30.915,4.662,50.738,27.462,20.285,6.592,10.538,1.554,9.777,47.385,A3
38.177,17.092,7.777,10.538,6.592,8.815,10.538,0.515,28.123,45.085,33.923,20.054,11.569,13.992,2.408,10.185,A3
58.546,6.731,74.1,24.008,12.515,43.0,10.538,25.385,9.285,17.092,84.938,17.092,19.862,55.446,31.669,17.092,A3
3.277,37.823,17.092,17.446,24.354,27.462,30.915,28.5,20.862,10.185,17.092,8.215,29.885,11.915,21.915,33.215,A3
24.354,179.8,16.069,58.9,53.962,45.085,24.354,11.923,9.285,24.008,23.469,31.9,0.515,21.769,26.792,19.4,A3
79.623,17.092,33.677,31.262,18.438,3.631,7.885,36.792,13.331,10.538,17.977,3.631,22.623,17.092,14.6,22.054,A3
24.354,17.092,40.938,17.092,11.177,3.631,26.308,16.069,17.092,38.177,1.154,42.123,33.677,14.508,2.408,17.446,A3
30.915,13.992,24.354,17.092,18.438,48.185,42.777,0.515,13.054,17.092,14.792,43.746,6.038,6.223,2.469,8.238,A3
30.915,27.462,50.254,30.915,5.254,27.462,3.277,3.631,28.123,0.177,7.531,24.354,21.592,21.769,12.162,10.538,A3
30.915,17.092,16.069,17.092,11.177,34.723,19.754,50.254,24.631,0.177,8.415,17.092,3.277,8.815,4.846,3.277,A3
10.538,37.823,24.354,58.9,24.354,24.354,3.277,4.662,5.515,17.446,30.731,17.092,0.515,6.223,9.723,1.331,A3
58.546,107.262,25.385,38.177,58.546,3.631,1.331,74.1,1.746,20.554,14.792,33.238,43.7,13.992,2.408,26.662,A3
65.808,6.731,24.354,44.731,40.785,1.554,28.962,24.354,9.562,13.992,30.731,17.092,27.123,37.823,9.777,5.585,A3
44.731,6.731,65.808,17.092,34.862,6.731,17.092,11.923,39.431,10.538,24.354,21.392,8.808,14.508,9.777,24.008,A3
30.915,6.731,17.092,3.277,42.123,17.092,65.808,12.954,35.938,20.9,14.792,9.554,5.015,1.554,4.908,28.962,A3
44.731,45.085,90.677,17.092,30.277,43.0,21.7,11.923,16.823,10.185,40.3,71.731,38.177,11.915,29.231,24.354,A3
24.354,68.908,8.808,65.808,24.354,17.092,3.277,16.069,24.354,0.177,14.792,17.092,19.862,50.262,12.162,35.869,A3
65.808,6.731,32.646,31.262,70.392,29.538,1.331,17.092,28.123,24.354,55.362,0.669,6.038,35.231,48.738,45.085,A3
3.277,58.546,58.546,51.992,18.438,22.277,1.331,25.385,9.285,10.538,4.338,28.938,14.331,42.492,4.908,19.754,A3
30.915,37.823,65.808,38.177,28.938,11.915,15.146,36.792,9.285,30.915,29.854,0.669,16.069,22.277,24.408,22.054,A3
58.546,34.723,16.069,17.092,6.592,43.0,24.354,4.662,2.023,10.538,7.531,6.592,19.862,1.038,41.477,33.569,A3
134.892,13.992,57.515,38.177,42.123,17.092,40.123,33.677,39.708,20.9,13.908,6.592,28.146,26.946,24.408,12.838,A3
3.277,24.354,16.069,3.277,0.669,11.915,15.146,17.092,13.054,3.277,2.038,20.054,6.038,6.223,24.354,24.008,A3
10.538,6.731,7.777,3.631,34.862,11.915,40.123,20.208,5.515,38.177,26.662,0.669,21.592,14.508,12.162,15.146,A3
10.538,76.169,66.838,3.631,42.123,3.631,3.277,0.515,2.023,7.085,10.715,18.438,2.246,4.138,19.531,19.754,A3
86.185,17.092,65.808,17.446,5.254,29.538,15.146,40.938,13.331,17.446,11.6,21.392,2.246,3.631,19.531,21.7,A3
10.538,17.092,40.938,3.631,17.092,76.169,12.492,8.808,20.862,24.354,45.792,21.392,32.646,17.092,9.723,3.277,A3
65.808,6.731,7.777,10.538,12.515,34.723,21.7,16.069,20.585,41.277,33.923,25.977,41.969,27.462,9.777,3.277,A3
24.354,3.631,17.092,45.085,23.015,3.631,56.6,20.208,17.092,0.177,17.977,30.277,35.408,11.915,51.177,17.092,A3
24.354,65.808,98.969,3.631,11.177,45.085,17.092,16.069,13.331,7.085,20.285,18.438,11.569,3.631,17.092,3.277,A3
10.538,17.092,24.354,86.538,5.254,34.723,28.962,61.662,35.662,6.731,36.231,34.862,44.731,14.508,12.215,3.631,A3
10.538,3.631,17.092,45.085,48.046,13.992,12.492,16.069,5.515,20.554,17.977,15.477,41.969,30.046,9.723,7.885,A3
38.177,13.992,7.777,44.731,28.938,11.915,7.885,28.5,1.746,13.638,21.169,2.292,16.069,45.085,2.408,12.838,A3
3.277,55.446,17.092,44.731,0.669,37.823,24.354,4.662,20.862,44.731,29.854,36.2,25.385,1.554,17.092,21.7,A3
44.731,68.908,8.808,24.354,30.277,45.085,10.538,25.385,9.285,10.185,4.338,28.938,5.015,11.4,2.408,0.977,A3
17.092,65.808,16.069,65.808,34.862,24.354,7.885,21.238,20.862,13.638,53.054,23.015,25.385,21.769,24.408,1.331,A3
10.538,65.808,41.969,24.008,34.862,1.554,10.538,24.354,5.515,3.277,17.092,0.669,2.246,17.092,7.338,5.931,A3
65.808,65.808,33.677,24.354,5.254,11.915,3.277,4.662,24.631,13.638,40.3,11.177,46.462,21.769,19.531,0.977,A3
30.915,3.631,0.515,17.446,0.669,19.177,7.885,20.208,107.262,13.992,5.223,3.631,0.515,1.554,43.915,21.7,A3
44.731,55.446,8.808,45.085,58.546,17.092,5.931,37.823,31.892,10.185,17.977,8.215,22.623,11.915,0.031,19.4,A3
38.177,65.808,58.546,31.262,28.938,29.538,12.492,12.954,13.331,3.631,2.038,31.9,21.592,1.554,26.846,5.585,A3
3.277,127.985,33.677,3.631,12.515,22.277,19.754,7.777,5.515,10.185,39.415,15.477,11.569,1.038,9.723,0.977,A3
30.915,17.092,25.385,45.085,0.669,43.0,24.354,32.646,13.054,17.446,37.108,27.315,3.277,6.731,26.846,22.054,A3
107.262,34.723,32.646,17.092,6.592,22.277,28.962,21.238,13.054,58.546,33.923,21.392,17.092,6.731,14.6,24.008,A3
38.177,27.462,24.354,51.638,28.938,34.723,7.885,7.777,32.169,24.354,21.169,45.085,29.885,11.4,29.231,8.238,A3
44.731,48.185,7.777,51.638,17.092,8.815,63.154,16.069,1.746,6.731,29.854,2.292,18.831,11.915,21.969,3.631,A3
5.723,5.723,107.412,52.861,39.172,5.723,8.244,8.866,22.866,26.672,6.366,3.479,12.008,7.685,3.521,7.471,B1
36.176,17.845,50.845,15.227,37.147,9.992,40.639,60.273,5.706,28.324,32.315,34.903,32.958,23.739,35.298,31.912,B1
25.702,13.58,56.004,10.962,50.618,48.933,36.176,31.987,17.13,51.891,6.366,27.95,40.37,25.702,11.269,0.483,B1
88.555,2.134,12.008,5.723,32.66,13.58,22.21,5.723,34.273,7.37,64.382,50.395,51.815,37.147,18.307,9.992,B1
4.752,33.559,38.273,30.941,19.189,2.134,22.21,3.706,20.008,54.508,8.139,16.945,4.752,23.739,3.874,3.008,B1
89.525,52.861,12.008,26.672,7.744,48.933,4.752,44.559,51.416,42.387,0.887,5.5,24.58,23.739,7.218,46.655,B1
88.555,9.992,0.563,36.176,5.723,9.651,12.706,18.294,19.987,2.134,17.811,5.5,3.626,35.185,3.521,12.706,B1
36.176,25.702,19.416,30.941,32.66,17.845,71.097,3.706,5.723,8.34,16.034,1.235,6.849,29.294,9.067,22.21,B1
67.605,104.269,43.433,21.437,119.979,48.933,39.668,47.702,22.866,64.983,6.366,19.189,2.655,11.954,47.887,17.945,B1
58.101,9.992,57.13,0.483,59.597,41.076,33.655,38.273,11.437,13.58,11.197,5.723,23.609,19.471,26.059,28.42,B1
16.197,88.555,18.294,0.483,66.109,68.912,18.718,15.151,40.004,24.055,81.303,9.992,14.105,0.168,16.458,95.538,B1
25.702,37.147,24.58,57.13,23.681,2.134,23.181,0.563,20.008,33.559,5.723,12.458,36.176,17.845,7.218,1.261,B1
25.702,64.983,75.983,15.227,48.151,1.794,16.197,15.151,40.004,42.387,3.945,23.458,25.702,0.168,13.118,14.454,B1
25.702,41.416,18.294,135.693,50.618,25.702,15.227,8.866,62.845,5.723,20.87,23.681,13.134,29.63,35.298,13.483,B1
57.13,52.861,69.697,0.483,59.597,45.345,71.097,15.151,11.437,12.609,51.651,1.013,42.462,27.668,12.765,27.45,B1
5.723,37.147,13.134,42.387,1.235,25.366,1.261,6.849,8.563,26.672,32.315,10.214,24.58,15.542,22.361,15.227,B1
140.929,68.576,107.412,0.483,30.193,48.933,16.197,12.008,11.437,21.437,29.895,41.416,2.655,19.811,16.815,25.702,B1
58.101,45.004,6.849,9.992,28.168,1.794,60.622,75.983,5.706,45.004,13.618,55.105,14.105,21.773,46.038,18.718,B1
99.029,29.294,94.84,21.437,5.723,61.059,64.113,53.987,8.58,2.134,5.723,7.744,14.105,1.794,20.155,8.244,B1
16.197,17.845,13.134,9.992,39.172,17.845,2.231,9.992,59.987,24.055,17.811,5.5,9.912,15.542,16.458,42.387,B1
37.147,72.84,94.84,20.466,66.109,6.063,47.622,21.437,8.58,9.992,45.042,1.013,46.655,27.668,36.794,11.735,B1
47.622,17.845,88.555,20.466,12.235,45.345,12.706,19.416,31.433,30.941,40.206,16.723,11.038,23.739,20.155,5.723,B1
46.655,68.576,25.702,0.483,37.147,17.508,18.718,12.008,5.723,12.609,42.626,52.639,0.563,13.92,10.916,28.42,B1
36.176,52.861,13.134,36.176,14.702,68.576,2.231,15.151,11.42,15.227,23.286,5.5,6.849,47.307,49.735,12.706,B1
37.147,96.412,0.563,10.962,3.256,17.508,22.21,22.559,2.866,9.992,5.723,14.479,1.534,6.063,40.492,27.45,B1
5.723,60.718,0.563,5.723,5.723,25.366,12.706,2.58,34.29,5.723,12.975,5.723,36.176,61.059,16.458,4.752,B1
4.752,13.58,19.416,41.416,48.151,9.651,26.672,21.437,77.126,0.483,30.538,10.214,4.752,29.294,7.218,9.992,B1
16.197,9.992,5.723,30.941,37.147,29.63,26.672,19.416,88.555,15.227,30.538,12.235,18.294,21.437,18.664,6.5,B1
4.752,60.718,12.008,47.622,32.66,41.076,1.261,34.004,2.849,4.752,78.887,18.971,23.609,8.025,9.42,15.227,B1
37.147,84.286,38.273,5.723,5.723,72.504,5.723,46.576,22.845,7.37,10.559,43.66,18.294,35.525,7.571,3.008,B1
99.029,13.58,38.273,37.147,5.723,9.651,4.752,0.563,14.277,12.609,22.643,14.479,17.324,3.761,16.815,23.181,B1
58.101,49.273,82.269,15.227,14.702,2.134,5.723,24.58,2.849,9.992,3.945,25.702,5.723,9.651,0.176,0.483,B1
47.622,45.004,25.702,37.147,19.189,17.508,78.08,6.849,85.697,15.227,54.071,32.437,7.819,37.147,7.571,4.752,B1
4.752,21.437,30.861,26.672,46.126,2.134,61.592,8.866,25.702,51.891,29.895,27.95,14.105,45.345,14.613,34.433,B1
15.227,60.718,30.861,10.962,30.193,9.651,112.996,15.151,34.273,26.672,32.315,41.639,29.895,45.004,2.025,12.706,B1
25.702,13.58,68.576,21.437,5.723,56.79,40.639,37.147,25.723,18.815,44.399,18.971,16.197,19.811,14.613,16.197,B1
79.05,76.433,170.261,78.08,52.639,53.202,36.176,27.723,59.987,21.437,18.45,25.702,32.958,9.992,46.038,17.945,B1
16.197,49.273,6.849,26.672,39.172,41.076,29.193,15.151,14.277,13.58,39.567,18.971,13.134,35.525,24.21,9.214,B1
47.622,21.437,30.861,16.197,19.189,61.059,11.735,53.987,2.866,36.176,8.139,28.168,14.105,25.366,1.672,20.466,B1
36.176,49.273,49.718,21.437,28.168,2.134,61.592,8.866,8.58,16.197,45.042,45.903,9.912,31.256,29.399,16.975,B1
26.672,37.147,37.147,62.366,7.744,17.845,33.655,15.151,2.866,10.962,27.479,14.702,4.752,52.861,18.307,3.979,B1
37.147,72.84,12.008,10.962,46.126,88.555,44.13,3.706,2.866,26.672,20.227,7.744,28.769,55.164,2.025,0.483,B1
37.147,2.134,82.269,67.605,21.214,45.004,15.227,2.58,17.151,9.992,10.559,34.903,30.861,72.84,5.37,3.008,B1
4.752,2.134,13.134,9.992,21.214,52.861,12.706,13.134,22.845,46.655,30.538,7.744,7.819,15.542,5.37,16.197,B1
79.05,5.723,82.269,25.702,64.084,25.366,29.193,47.702,17.151,17.845,20.227,23.458,0.563,0.168,36.794,0.483,B1
16.197,2.134,30.861,20.466,28.168,45.345,12.706,22.559,39.987,24.055,17.811,21.437,4.752,19.811,26.059,2.231,B1
16.197,13.58,0.563,21.437,16.723,61.059,12.706,18.294,57.147,41.416,11.197,14.479,5.723,21.773,3.521,1.261,B1
119.979,57.13,49.718,42.387,37.147,33.218,30.164,30.861,65.697,8.34,6.366,48.374,29.895,46.971,11.269,1.261,B1
109.504,57.13,0.563,37.147,70.597,9.992,16.197,21.437,17.151,30.941,10.559,25.702,23.609,53.202,14.966,22.21,B1
36.176,88.555,31.987,31.912,1.235,61.059,8.244,8.866,14.294,7.37,28.122,12.235,45.529,33.218,12.765,37.924,B1
4.752,29.294,0.563,156.643,1.235,29.294,81.571,5.723,2.849,26.672,32.315,34.681,23.609,9.992,51.937,9.214,B1
46.655,9.992,24.58,79.05,32.66,88.555,8.244,8.866,37.13,30.941,28.122,3.256,63.412,35.525,51.584,3.979,B1
5.723,21.437,12.008,15.227,39.172,21.437,32.685,13.134,19.987,80.697,8.782,21.437,5.723,13.58,13.118,3.979,B1
47.622,29.294,37.147,16.197,14.702,25.702,15.227,31.987,2.866,41.416,22.643,28.168,36.176,5.723,20.155,9.992,B1
68.576,29.294,19.416,30.941,21.214,60.718,9.214,34.004,48.576,26.672,16.034,21.437,9.912,29.294,7.571,39.668,B1
16.197,112.122,82.269,41.416,7.744,60.718,88.555,8.866,14.277,8.34,0.887,7.744,12.008,17.508,20.513,20.466,B1
47.622,52.861,50.845,30.941,12.235,17.508,60.622,22.559,28.58,44.034,42.626,16.945,2.655,9.651,1.672,29.193,B1
47.622,17.845,31.987,46.655,55.105,33.559,4.752,15.151,2.849,12.609,15.391,25.924,15.227,8.025,24.21,43.16,B1
16.197,2.134,30.861,37.147,48.151,25.366,2.231,27.723,22.845,15.227,28.122,1.235,12.008,21.773,26.059,24.929,B1
16.197,41.416,38.273,9.992,5.723,21.773,40.639,12.008,45.702,13.58,35.374,46.126,4.752,9.992,3.521,20.466,B1
46.655,5.723,31.987,51.891,70.597,13.58,8.244,68.576,22.845,51.891,32.315,5.723,61.319,35.525,0.176,22.21,B1
16.197,9.992,49.718,5.723,48.151,17.508,26.672,3.706,14.277,28.324,10.559,14.479,8.941,23.399,1.672,53.639,B1
224.731,13.58,69.697,31.912,16.723,25.366,9.214,19.416,11.437,30.941,46.819,14.702,37.147,25.366,77.462,4.752,B1
26.672,2.134,151.408,63.336,12.235,64.647,1.261,6.849,8.58,57.13,0.887,72.84,1.534,0.168,13.118,0.483,B1
26.672,29.294,50.845,31.912,14.702,5.723,61.592,35.13,22.845,30.941,25.063,77.332,44.559,29.294,5.37,9.214,B1
4.752,13.58,37.147,52.861,30.193,1.794,26.672,0.563,39.987,24.055,10.559,12.458,23.609,19.471,18.307,12.706,B1
4.752,9.992,44.559,146.168,61.618,17.508,18.718,15.151,54.273,4.752,0.887,3.256,19.416,61.059,3.521,37.924,B1
68.576,41.416,18.294,42.387,23.681,33.218,12.706,75.983,5.723,4.752,8.782,9.992,5.723,6.063,44.189,1.261,B1
78.08,29.294,12.008,63.336,52.639,9.992,67.605,30.861,37.13,24.055,22.643,57.349,11.038,13.58,31.248,45.878,B1
25.702,41.416,68.576,0.483,43.66,17.508,40.639,24.58,31.433,52.861,6.366,41.416,15.227,1.794,11.269,30.164,B1
68.576,5.723,12.008,31.912,133.45,13.92,33.655,19.416,31.433,34.529,20.227,7.744,2.655,33.559,22.361,18.718,B1
58.101,2.134,5.723,37.147,1.235,6.063,12.706,16.277,20.008,10.962,27.479,12.235,19.416,11.613,2.025,5.723,B1
57.13,17.845,24.58,26.672,34.681,17.845,116.487,19.416,25.723,10.962,40.206,1.013,18.294,43.042,27.55,21.437,B1
16.197,37.147,0.563,30.941,23.681,37.147,22.21,52.861,28.559,47.622,11.197,19.189,12.008,7.685,3.874,3.008,B1
36.176,49.273,24.58,21.437,34.681,5.723,16.197,30.861,5.723,31.912,3.945,43.66,47.622,0.168,27.908,24.929,B1
16.197,45.004,88.555,10.962,19.189,17.508,22.21,69.697,25.723,8.34,1.529,1.235,8.941,15.542,31.248,22.21,B1
15.227,45.004,62.29,4.752,14.702,1.794,8.244,2.58,25.702,16.197,23.286,3.479,7.819,8.025,2.025,10.962,B1
5.723,29.294,0.563,72.84,43.66,21.773,30.164,35.13,8.58,49.273,52.294,7.744,3.626,3.761,3.874,6.5,B1
78.08,21.437,31.987,42.387,3.256,17.508,30.164,0.563,8.58,26.672,37.147,41.639,46.655,7.685,22.004,4.752,B1
4.752,17.845,37.147,30.941,133.45,60.718,18.718,41.416,11.437,5.723,41.983,27.95,35.055,25.702,40.492,8.244,B1
46.655,13.58,37.147,9.992,30.193,68.912,9.214,21.437,68.555,7.37,0.887,14.702,8.941,35.525,23.853,9.992,B1
26.672,13.58,5.723,41.416,37.147,37.147,4.752,47.702,42.861,24.055,1.529,3.479,24.58,43.378,22.004,30.941,B1
37.147,5.723,12.008,25.702,14.702,33.559,19.689,6.849,40.004,7.37,8.782,32.437,8.941,11.954,7.218,11.735,B1
47.622,45.004,12.008,46.655,34.681,57.13,40.639,3.706,40.004,23.084,8.139,19.189,22.483,9.992,20.513,3.979,B1
46.655,17.845,25.702,68.576,3.256,41.076,74.588,13.134,11.437,29.294,10.559,12.235,56.004,9.992,5.37,9.992,B1
67.605,41.416,68.576,9.992,12.235,25.702,44.13,53.987,17.151,16.197,12.975,14.702,13.134,11.613,68.218,20.466,B1
16.197,2.134,44.559,9.992,39.172,6.063,8.244,0.563,8.563,91.172,17.811,10.214,22.483,52.861,0.176,3.008,B1
5.723,33.559,24.58,46.655,21.214,45.004,74.588,18.294,34.273,13.58,5.723,21.437,7.819,1.794,22.361,12.706,B1
47.622,13.58,18.294,42.387,25.702,49.273,25.702,15.151,5.706,2.134,15.391,21.437,48.748,13.58,0.176,15.227,B1
47.622,41.416,31.987,58.101,19.189,49.273,2.231,5.723,22.845,4.752,3.945,12.235,22.483,59.092,22.361,13.483,B1
4.752,104.269,30.861,30.941,64.084,37.147,37.147,47.702,42.861,20.466,28.122,14.479,7.819,46.971,1.672,16.975,B1
79.05,29.294,170.261,30.941,32.66,5.723,50.147,8.866,40.004,17.845,8.139,9.992,17.324,17.508,33.45,4.752,B1
79.05,135.693,31.987,20.466,97.534,2.134,18.718,13.134,8.58,0.483,47.458,16.945,12.008,23.399,2.025,9.992,B1
37.147,49.273,6.849,21.437,32.66,21.773,46.655,25.702,2.849,37.147,8.782,25.702,8.941,13.58,53.786,20.466,B1
25.702,2.134,50.845,5.723,50.618,9.651,29.193,8.866,8.58,12.609,10.559,18.971,0.563,1.794,9.067,35.403,B1
58.101,25.702,5.723,25.702,43.66,41.416,46.655,9.992,22.866,3.105,42.626,16.945,55.034,6.063,11.269,18.718,B1
16.197,49.273,37.147,20.466,28.168,9.651,2.231,21.437,22.866,16.197,8.782,1.235,38.273,7.685,16.815,12.706,B1
68.576,13.58,0.563,51.891,1.235,37.487,11.735,5.723,59.987,17.845,12.975,9.992,25.702,21.773,1.672,16.975,B1
5.723,5.723,12.008,41.416,37.147,45.004,1.261,28.845,2.866,36.176,51.651,57.13,57.13,1.794,3.874,16.975,B1
25.702,21.437,62.29,5.723,19.189,13.58,15.227,9.992,2.849,20.466,20.87,45.903,14.105,31.256,14.966,18.718,B1
182.681,32.505,25.791,11.659,77.286,32.505,35.22,31.099,3.626,23.67,22.319,40.077,23.67,2.692,3.352,23.67,B2
82.33,33.747,90.813,55.835,39.429,47.0,35.22,36.396,37.363,11.659,22.319,43.868,18.725,45.758,9.121,29.33,B2
64.659,47.0,36.396,14.846,31.857,47.0,82.571,16.604,42.176,85.516,1.934,20.495,13.077,63.56,15.813,2.824,B2
41.341,47.0,15.198,47.0,9.132,80.121,70.791,15.198,6.011,38.165,22.538,20.495,27.209,3.934,37.187,26.385,B2
23.67,33.747,57.593,20.495,24.286,32.505,0.121,0.703,20.462,20.495,22.538,9.791,2.473,42.451,40.308,0.121,B2
82.33,47.0,89.396,29.33,1.56,65.637,5.769,41.692,32.538,38.165,6.011,28.066,51.945,35.824,34.527,8.714,B2
29.33,7.242,57.593,2.824,24.286,25.879,88.462,52.297,6.011,7.242,22.538,5.352,4.593,0.615,2.89,20.495,B2
23.67,59.011,112.011,38.165,51.44,25.879,29.33,11.308,20.462,16.077,38.846,12.923,50.527,20.495,15.813,41.341,B2
64.659,33.747,57.593,29.33,1.56,33.747,11.901,78.802,20.462,60.253,10.297,36.297,16.604,52.385,18.934,20.495,B2
23.67,33.747,16.604,73.495,9.132,47.0,5.769,4.593,25.286,23.67,26.396,55.22,11.659,9.319,15.813,11.659,B2
11.659,73.495,6.011,64.659,24.286,86.747,47.0,41.692,15.648,28.088,22.538,5.352,48.407,7.242,21.593,29.56,B2
29.33,73.495,122.615,6.011,24.286,13.868,17.791,41.692,39.736,24.912,34.549,6.011,1.055,30.429,28.286,20.495,B2
6.011,60.253,15.198,41.341,54.571,78.89,41.11,64.308,30.099,7.242,10.088,5.352,41.341,22.571,59.011,14.604,B2
59.011,165.022,165.022,14.846,43.868,40.374,94.352,96.11,32.538,32.505,10.297,47.0,15.198,33.747,2.89,20.725,B2
6.011,73.495,57.593,14.846,1.56,40.374,52.89,41.692,73.462,19.253,6.011,13.582,1.055,42.451,27.835,35.22,B2
94.352,47.0,6.011,20.495,51.44,7.242,11.659,0.703,8.451,55.835,26.396,6.011,18.725,25.879,18.484,11.901,B2
47.0,20.495,143.813,11.659,9.132,13.868,29.56,37.813,47.0,36.923,26.396,9.132,51.945,0.615,50.11,6.011,B2
64.659,19.253,165.022,23.67,39.429,65.637,0.121,85.516,34.923,85.516,10.088,13.582,37.813,13.868,6.011,32.505,B2
47.0,20.495,25.791,112.011,51.44,39.132,64.659,6.011,27.725,11.659,30.473,9.791,32.857,39.132,12.703,38.396,B2
47.0,6.011,15.198,6.011,9.132,40.374,64.659,68.198,6.011,14.846,63.308,5.352,41.341,7.242,18.484,0.121,B2
64.659,6.011,100.0,29.33,1.56,27.121,6.011,37.813,30.099,23.67,22.319,9.791,23.67,9.319,6.011,11.901,B2
23.67,7.242,6.011,20.495,62.143,7.242,29.56,16.604,25.286,63.429,6.22,70.374,16.604,39.132,21.593,20.725,B2
29.33,73.495,36.396,11.659,69.714,7.242,29.56,21.912,3.626,10.429,30.692,17.363,27.209,15.945,47.0,23.67,B2
41.341,20.495,6.011,32.505,74.154,32.505,100.231,6.011,8.451,20.495,6.011,39.429,4.593,0.615,37.187,41.11,B2
6.011,7.242,36.396,64.659,69.714,12.637,70.791,59.011,49.374,10.429,14.374,20.495,18.725,49.077,18.934,8.714,B2
82.33,7.242,25.791,23.67,47.0,13.868,47.231,57.593,18.088,55.835,10.297,62.802,16.604,39.132,3.352,38.165,B2
11.659,45.758,27.209,64.659,13.582,53.626,29.56,53.714,20.462,42.582,14.374,28.725,39.934,12.637,0.231,20.725,B2
64.659,86.747,25.791,67.846,74.154,45.758,47.0,37.813,18.088,33.747,55.154,16.703,34.275,12.637,62.132,29.56,B2
41.341,7.242,68.198,55.835,1.56,7.242,58.78,31.099,10.824,2.824,18.242,2.22,29.33,25.879,31.407,3.066,B2
23.67,7.242,36.396,20.495,39.429,20.495,5.769,68.198,32.538,2.824,14.374,9.791,16.604,32.505,21.593,11.659,B2
47.0,20.495,4.593,2.824,119.582,20.495,58.78,11.308,6.011,23.67,34.769,1.56,1.055,59.011,2.89,29.33,B2
29.33,85.516,59.011,11.659,9.132,39.132,17.791,11.308,13.264,23.67,18.451,20.495,25.791,0.615,9.121,70.791,B2
47.0,73.495,4.593,14.846,28.725,40.374,29.56,4.593,22.901,11.659,38.846,58.352,29.33,0.615,37.187,17.549,B2
11.659,60.253,6.011,11.659,16.703,112.011,23.44,25.791,27.725,6.011,26.615,6.011,13.077,19.253,12.703,29.33,B2
6.011,7.242,36.396,73.495,69.714,27.121,17.549,4.593,32.538,32.505,26.396,9.791,11.659,17.187,6.011,11.659,B2
82.33,7.242,48.407,20.495,69.714,12.637,29.33,20.495,61.451,6.011,10.297,9.791,4.593,19.253,43.879,38.165,B2
29.33,33.747,69.615,94.352,9.132,40.374,29.56,64.308,18.088,28.088,10.088,17.363,1.055,30.429,3.352,11.659,B2
11.659,33.747,16.604,59.011,6.011,7.242,29.56,25.791,20.462,16.077,6.011,28.066,39.934,30.429,9.582,47.0,B2
29.33,138.516,57.593,14.846,24.286,20.495,23.67,53.714,87.923,29.33,10.088,17.363,23.67,6.011,6.011,17.791,B2
6.011,19.253,4.593,11.659,47.0,25.879,64.901,32.505,22.901,50.176,18.451,17.363,51.945,7.242,9.121,5.769,B2
64.659,47.0,68.198,14.846,51.44,47.0,23.67,32.505,3.626,6.011,50.857,20.495,6.011,7.242,27.835,29.33,B2
29.33,47.0,57.593,32.505,59.011,33.747,41.341,21.912,63.824,24.912,6.011,21.154,20.143,27.121,12.242,26.385,B2
100.0,33.747,48.407,2.824,6.011,0.615,76.44,4.593,32.538,41.341,6.22,17.363,9.538,22.571,0.231,94.352,B2
64.659,6.011,4.593,76.681,36.297,13.868,58.78,41.692,1.187,63.429,26.615,16.703,34.275,7.242,6.011,2.824,B2
47.0,19.253,6.011,55.835,81.725,20.495,41.341,48.407,20.462,41.341,51.077,89.297,37.813,10.56,18.484,47.231,B2
94.352,60.253,4.593,50.176,31.857,39.132,0.121,15.198,22.901,2.824,26.615,6.011,30.747,23.802,3.352,20.495,B2
94.352,7.242,57.593,6.011,16.703,66.868,11.901,85.516,49.374,67.846,59.011,43.868,29.33,20.495,9.582,8.956,B2
11.659,32.505,4.593,32.505,47.0,0.615,29.56,11.308,8.451,45.758,34.549,5.352,18.725,13.868,15.813,20.725,B2
6.011,100.0,27.209,55.835,62.143,52.385,41.11,11.308,25.286,16.077,22.538,28.066,1.055,13.868,0.231,0.121,B2
6.011,73.495,57.593,112.011,66.582,25.879,0.121,62.901,6.011,20.495,22.319,12.923,25.791,20.495,28.286,23.67,B2
129.681,47.0,57.593,2.824,24.286,27.121,11.901,4.593,54.198,11.659,75.319,16.703,8.132,40.374,9.121,2.824,B2
100.0,7.242,27.209,29.33,51.44,12.637,41.11,0.703,3.626,28.088,42.923,17.363,94.352,30.429,28.286,0.121,B2
6.011,47.0,15.198,2.824,28.725,65.637,23.44,11.308,13.264,14.846,30.692,16.703,25.791,20.495,3.352,11.901,B2
23.67,33.747,25.791,94.352,6.011,72.264,5.769,20.495,39.736,1.593,54.934,9.791,61.132,7.242,15.813,2.824,B2
6.011,6.011,48.407,20.495,1.56,32.505,5.769,20.495,3.626,16.077,38.846,12.923,37.813,19.253,43.418,50.176,B2
59.011,73.495,69.615,38.165,31.857,13.868,11.659,15.198,22.901,45.758,18.451,31.857,48.407,29.198,22.055,11.659,B2
47.0,19.253,101.418,2.824,47.0,60.253,94.352,31.099,18.088,55.835,22.538,39.429,4.593,35.824,24.714,23.44,B2
23.67,73.495,4.593,94.352,36.297,25.879,5.769,25.791,27.725,6.011,30.692,17.363,20.143,29.198,6.462,8.714,B2
11.659,7.242,36.396,64.659,39.429,6.011,0.121,0.703,10.824,24.912,26.396,17.363,16.604,42.451,6.011,14.846,B2
59.011,73.495,36.396,11.659,24.286,13.868,17.549,9.89,44.56,11.659,34.549,1.56,15.198,23.802,34.527,59.011,B2
64.659,47.0,47.0,138.516,9.132,7.242,17.549,74.912,3.626,72.264,18.451,6.011,22.264,10.56,9.121,32.275,B2
6.011,59.011,15.198,94.352,9.132,13.868,47.231,41.692,22.901,24.912,14.165,21.154,30.747,6.011,21.593,26.385,B2
11.659,98.758,57.593,20.495,28.725,13.868,64.659,6.011,51.813,28.088,14.374,13.582,6.011,35.824,15.363,6.011,B2
29.33,85.516,68.198,11.659,1.56,20.495,64.901,59.011,32.538,38.165,42.703,5.352,27.209,12.637,6.462,35.22,B2
11.659,45.758,36.396,20.495,28.725,47.0,11.659,31.099,73.462,14.846,14.374,28.725,22.264,65.637,21.593,2.824,B2
23.67,47.0,57.593,29.33,69.714,52.385,23.44,15.198,8.451,47.0,2.143,12.923,23.67,0.615,12.703,38.165,B2
82.33,60.253,15.198,47.0,96.868,0.615,29.33,41.692,3.626,1.593,14.165,6.011,18.725,6.011,34.066,14.846,B2
23.67,33.747,6.011,64.659,31.857,39.132,41.341,43.11,44.56,32.505,14.374,35.637,36.396,53.626,12.242,20.495,B2
29.33,6.011,78.802,120.846,74.154,25.879,53.121,11.308,34.923,47.0,22.538,17.363,6.011,52.385,18.934,11.659,B2
82.33,20.495,6.011,11.659,28.725,0.615,23.44,0.703,20.462,1.593,83.473,1.56,44.879,12.637,12.242,29.56,B2
47.0,85.516,101.418,23.67,1.56,12.637,23.44,21.912,1.187,36.923,14.165,17.363,23.67,40.374,25.176,8.956,B2
64.659,33.747,27.209,55.835,43.868,80.121,47.231,11.308,10.824,36.923,42.923,1.56,13.077,0.615,21.593,53.121,B2
23.67,32.505,27.209,55.835,74.154,25.879,17.791,36.396,6.011,10.429,22.319,21.154,6.011,22.571,0.231,17.791,B2
23.67,72.264,27.209,23.67,21.154,66.868,47.231,25.791,10.824,24.912,79.396,51.44,32.857,88.824,34.527,38.396,B2
59.011,47.0,80.209,20.495,13.582,0.615,29.56,4.593,30.099,10.429,14.165,17.363,25.791,2.692,28.286,17.791,B2
76.681,112.011,101.418,6.011,142.308,73.495,29.56,4.593,13.264,14.846,71.462,20.495,6.011,40.374,22.055,49.945,B2
82.33,19.253,4.593,129.681,43.868,7.242,11.659,37.813,78.286,23.67,2.143,35.637,18.725,65.637,22.055,23.67,B2
6.011,60.253,90.813,29.33,127.154,59.011,35.22,27.209,20.462,28.088,30.473,20.495,37.813,37.055,52.78,53.121,B2
11.659,7.242,47.0,64.659,62.143,53.626,6.011,85.516,25.286,23.67,6.011,62.802,20.143,3.934,37.637,44.055,B2
76.681,47.0,27.209,29.33,36.297,0.615,6.011,31.099,20.462,36.923,30.473,6.011,18.725,6.011,21.593,35.451,B2
29.33,7.242,6.011,14.846,81.725,25.879,35.451,59.011,83.099,1.593,14.165,16.703,11.659,25.879,31.407,41.341,B2
100.0,19.253,89.396,76.681,39.429,7.242,70.791,36.396,25.286,41.341,10.088,47.0,25.791,6.011,12.242,6.011,B2
59.011,72.264,57.593,55.835,21.154,13.868,58.78,53.714,1.187,24.912,14.374,28.066,15.198,33.747,59.011,14.604,B2
11.659,6.011,36.396,41.341,36.297,13.868,23.44,32.505,22.901,29.33,18.242,31.857,15.198,45.758,52.78,32.275,B2
64.659,47.0,101.418,41.341,62.143,33.747,23.67,59.011,47.0,23.67,10.297,28.066,22.264,17.187,21.593,6.011,B2
76.681,47.0,69.615,38.165,1.56,12.637,17.791,6.011,27.725,10.429,10.088,28.066,8.132,32.505,28.286,8.956,B2
64.659,20.495,69.615,32.505,89.297,45.758,52.89,68.198,3.626,24.912,6.22,70.374,8.132,9.319,0.231,8.956,B2
11.659,86.747,133.22,59.011,31.857,25.879,106.121,78.802,47.0,29.33,22.538,40.077,25.791,17.187,9.121,35.22,B2
64.659,60.253,57.593,47.0,13.582,13.868,76.681,25.791,34.923,2.824,18.242,13.582,36.396,7.242,43.418,50.176,B2
29.33,20.495,6.011,64.659,28.725,65.637,52.89,0.703,39.736,36.923,42.703,40.077,32.857,15.945,25.176,14.846,B2
100.0,20.495,59.011,11.659,28.725,7.242,82.571,53.714,20.462,54.593,42.703,9.132,47.0,75.571,40.308,29.33,B2
29.33,7.242,15.198,29.33,13.582,12.637,41.341,48.407,13.264,45.758,6.22,16.703,15.198,19.253,0.231,8.714,B2
47.0,19.253,57.593,14.846,43.868,66.868,29.33,15.198,25.286,11.659,14.165,31.857,22.264,20.495,6.462,11.659,B2
94.352,59.011,27.209,67.846,28.725,92.143,94.352,25.791,68.648,7.242,54.934,31.857,36.396,17.187,6.462,8.714,B2
94.352,7.242,37.813,23.67,21.154,12.637,70.791,6.011,22.901,1.593,10.297,5.352,1.055,23.802,62.582,38.396,B2
59.011,20.495,68.198,2.824,13.582,27.121,29.33,59.011,63.824,23.67,14.374,24.286,32.857,17.187,2.89,17.549,B2
23.67,73.495,15.198,20.495,16.703,12.637,17.549,11.308,44.56,47.0,2.143,2.22,50.527,27.121,3.352,0.121,B2
47.0,7.242,78.802,32.505,54.571,33.747,47.231,69.615,8.451,29.33,10.297,12.923,39.934,0.615,2.89,17.549,B2
47.0,6.011,47.0,2.824,39.429,12.637,29.56,27.209,32.538,45.758,38.846,28.066,2.473,17.187,40.308,41.11,B2
23.67,20.495,133.22,47.0,16.703,6.011,11.659,32.505,49.374,20.495,18.451,9.132,8.132,42.451,3.352,109.066,B2
