30,40,50,60,70,80,90,100,110,120,130,140,150,160,170,180,Transcript
6.758,2.211,1.398,1.977,0.5,2.291,4.438,8.867,6.347,1.493,4.763,2.307,1.414,10.542,15.481,22.425,A1
0.91,16.094,15.281,6.928,0.437,3.493,10.106,4.982,4.194,6.856,1.815,0.022,5.195,11.632,11.651,18.437,A1
10.883,1.43,0.367,1.592,6.727,1.013,2.844,3.82,1.187,5.206,4.373,3.967,3.072,10.239,19.311,18.437,A1
2.964,7.08,8.049,15.582,3.066,1.552,7.068,0.507,1.885,2.892,0.668,6.458,2.462,10.677,12.658,16.464,A1
5.574,0.65,5.984,0.991,6.127,0.3,0.333,2.808,6.004,3.35,0.532,2.83,5.396,9.769,14.994,20.314,A1
11.529,7.403,0.128,5.072,6.804,7.982,1.326,1.217,2.423,2.372,4.001,0.854,3.746,7.441,12.221,19.848,A1
26.954,0.516,0.817,2.264,7.434,1.031,1.783,0.903,4.546,5.511,2.577,5.297,2.935,8.544,13.386,17.044,A1
15.618,10.793,6.198,1.87,4.728,1.717,7.798,1.613,4.018,5.699,3.877,4.559,7.197,7.327,13.209,19.005,A1
6.408,3.421,7.47,4.453,7.542,6.61,6.495,4.153,2.492,4.551,5.077,4.321,4.506,13.118,18.235,19.208,A1
6.264,9.475,7.662,6.058,8.833,2.04,10.01,2.508,4.39,1.251,8.016,3.867,6.099,10.804,16.684,18.24,A1
3.574,20.398,1.893,0.148,6.558,0.426,1.951,1.807,3.392,6.094,6.451,5.236,1.292,11.369,12.652,21.606,A1
2.928,3.341,1.249,2.695,1.329,9.475,1.015,0.367,5.143,4.516,5.756,4.951,5.812,11.188,13.31,17.086,A1
12.793,5.924,2.13,1.027,6.834,9.784,1.484,5.176,2.003,6.515,4.771,4.344,1.601,8.06,17.855,20.643,A1
2.309,3.933,0.517,9.896,1.423,0.722,1.879,10.363,1.734,8.193,4.705,3.798,2.978,6.204,17.159,19.029,A1
2.318,1.807,1.484,2.318,3.76,11.076,3.948,3.24,3.441,7.027,5.003,2.568,4.126,9.668,11.557,20.434,A1
2.309,10.067,3.186,6.228,9.264,0.879,5.61,4.293,4.341,1.753,5.781,4.99,1.192,8.349,18.97,18.401,A1
4.506,5.619,14.506,0.381,0.055,0.543,8.204,8.2,3.832,0.345,5.044,4.006,4.944,10.845,12.285,17.762,A1
8.121,1.717,2.302,9.125,1.129,5.264,7.176,1.936,7.286,4.991,5.739,3.621,0.941,9.459,16.773,17.773,A1
9.026,4.004,3.12,3.511,9.294,2.628,3.278,3.787,10.133,4.399,4.994,3.952,8.302,12.224,17.336,20.697,A1
8.946,1.861,1.118,1.224,3.574,2.578,7.021,4.842,6.043,1.197,0.205,4.567,0.948,9.473,17.013,19.412,A1
3.457,2.534,0.453,13.304,3.529,8.52,4.282,2.024,3.558,6.228,3.074,3.62,8.775,9.822,13.892,22.138,A1
7.448,7.071,9.383,4.148,0.76,4.986,10.118,1.721,2.56,5.529,0.218,0.746,2.785,10.132,16.266,18.545,A1
15.833,3.314,8.157,7.923,0.008,5.359,0.647,1.839,4.361,1.036,4.58,3.783,4.915,7.731,16.469,19.418,A1
22.9,4.74,1.529,14.703,0.347,3.516,4.868,0.72,3.177,0.13,5.176,1.907,3.954,8.733,16.121,18.957,A1
2.883,2.507,17.885,9.609,9.663,1.283,8.922,0.141,3.216,1.628,5.93,4.713,5.274,11.403,13.082,20.332,A1
0.74,6.166,16.702,0.516,7.865,1.099,5.466,2.046,7.716,6.246,4.911,1.883,2.089,7.408,17.855,18.419,A1
3.681,1.511,14.829,6.524,8.633,1.094,11.648,2.281,4.292,5.959,6.319,4.828,3.079,11.672,11.101,21.038,A1
1.126,11.331,0.065,10.578,10.078,1.108,7.379,4.368,7.56,1.305,0.027,2.115,6.924,8.248,14.722,24.051,A1
2.919,7.054,3.789,3.26,5.651,3.072,6.04,1.71,0.922,1.188,4.862,2.084,6.221,6.399,15.26,18.509,A1
18.739,1.915,2.928,10.632,7.342,0.13,4.749,3.843,4.458,2.794,6.94,3.468,0.826,9.177,12.823,23.507,A1
8.488,18.649,2.175,1.484,12.415,0.381,5.825,8.512,6.268,5.708,6.112,3.368,7.584,9.284,12.24,19.465,A1
2.928,0.426,3.443,1.045,1.698,3.892,2.788,9.061,6.376,4.91,1.675,5.974,3.897,9.674,11.974,18.742,A1
6.542,17.277,2.948,15.062,9.479,5.668,0.36,6.542,6.983,3.69,3.637,1.861,4.004,7.838,13.304,19.436,A1
26.344,2.157,3.185,1.511,5.804,7.107,3.445,9.308,4.713,1.753,0.403,0.522,3.072,10.065,12.297,22.198,A1
2.39,0.112,5.961,1.969,5.389,8.856,6.853,0.205,2.257,3.646,0.974,4.021,1.472,6.849,13.405,17.893,A1
0.444,3.816,14.485,3.933,1.684,1.888,8.599,2.065,4.273,3.744,0.383,4.667,4.987,6.701,14.139,21.516,A1
0.776,9.439,1.873,8.551,5.543,4.457,1.209,1.904,3.138,0.578,3.819,4.682,3.803,9.964,17.931,23.394,A1
0.839,4.74,1.226,2.274,1.037,2.726,0.058,5.531,5.456,5.368,4.208,6.243,2.462,10.65,10.208,21.086,A1
0.157,2.094,1.809,0.552,10.247,0.906,3.792,1.581,5.642,1.26,1.873,0.468,1.816,10.219,14.715,22.204,A1
15.869,8.641,2.216,3.565,2.13,2.255,3.015,4.39,6.787,2.022,4.382,2.791,6.135,10.381,13.956,24.763,A1
5.036,6.085,1.249,7.332,5.143,3.516,4.243,1.443,0.946,6.596,5.21,2.361,4.693,5.955,13.639,22.03,A1
3.502,3.305,3.787,0.578,8.172,3.341,3.027,4.261,1.553,5.807,1.36,3.36,3.516,10.576,13.956,18.413,A1
1.206,3.341,9.556,0.318,11.831,7.457,6.327,8.931,5.368,0.399,3.951,1.361,0.724,8.053,13.563,20.332,A1
2.417,2.318,0.647,4.506,1.006,7.551,0.082,6.09,6.356,6.991,0.218,4.659,0.46,11.82,12.715,16.566,A1
2.713,8.076,0.776,9.879,1.068,2.955,3.625,1.409,3.813,3.986,3.231,3.114,0.517,6.412,16.773,18.527,A1
0.121,0.991,8.63,0.839,5.389,12.179,6.1,7.188,6.435,2.103,3.405,5.42,0.747,7.926,14.133,20.32,A1
15.475,12.677,6.306,11.457,11.17,2.641,4.45,5.046,5.554,4.471,1.032,0.045,1.931,12.089,11.215,17.69,A1
4.103,2.04,2.517,2.3,7.788,1.538,9.771,3.884,1.412,2.175,4.34,1.861,3.602,9.829,11.449,19.424,A1
2.776,2.291,1.658,10.524,0.361,0.063,3.625,8.049,0.306,1.027,4.58,1.477,0.51,10.999,20.141,19.095,A1
0.058,10.766,0.817,1.511,0.484,8.143,0.994,3.734,4.478,5.753,5.301,4.213,3.43,8.37,18.261,18.832,A1
3.027,6.453,7.231,2.632,0.207,0.412,4.856,1.893,2.238,1.897,1.021,2.022,8.151,12.163,15.963,20.817,A1
15.008,8.237,8.63,3.915,1.899,2.0,1.963,1.226,0.692,5.054,1.029,3.029,2.577,8.074,12.126,19.268,A1
1.879,6.058,4.09,5.08,11.155,6.798,7.714,1.174,7.638,7.376,5.309,1.261,2.548,11.289,14.969,23.441,A1
2.417,0.085,0.948,7.045,1.038,3.372,2.139,5.735,0.956,4.677,4.299,0.268,3.072,8.518,13.006,17.911,A1
2.309,6.946,11.751,10.955,11.57,7.955,5.526,8.641,6.308,3.206,1.873,2.676,1.764,12.661,16.045,19.794,A1
1.924,2.049,4.734,2.004,3.881,3.247,3.338,6.682,2.042,1.789,0.441,6.558,0.668,11.316,15.437,21.427,A1
7.403,17.412,6.436,2.112,1.16,0.83,6.901,8.35,5.447,3.825,4.175,1.6,6.601,9.244,13.475,18.031,A1
18.811,0.435,8.933,8.318,8.003,1.525,2.453,1.045,3.187,0.238,1.137,2.122,3.99,9.829,19.85,19.854,A1
17.735,0.354,1.398,0.453,6.865,6.798,6.59,2.862,2.864,5.95,3.049,2.499,1.134,12.816,14.272,19.591,A1
4.82,25.053,0.257,10.058,1.145,1.704,2.824,5.348,5.163,6.874,3.496,6.081,2.878,10.596,11.474,20.135,A1
3.681,5.278,0.86,11.852,3.314,0.61,6.793,0.268,5.926,1.628,2.792,1.461,7.678,7.616,13.785,21.983,A1
8.775,8.237,9.018,3.143,10.724,10.941,4.438,3.906,2.361,4.865,3.587,3.829,1.221,7.071,12.949,16.739,A1
7.619,2.767,0.279,6.237,3.514,2.511,7.894,1.473,0.917,4.578,0.602,3.521,4.707,5.706,13.221,21.044,A1
1.054,10.82,3.464,4.067,0.822,7.632,2.549,3.077,3.764,4.578,5.061,5.305,4.09,11.538,13.247,17.684,A1
10.955,7.403,1.204,13.466,8.71,1.498,1.066,3.561,0.316,5.125,2.453,0.493,3.1,7.051,17.045,17.773,A1
0.309,12.434,6.93,1.054,7.726,7.632,4.94,5.843,3.036,4.354,4.936,0.431,3.452,8.484,13.158,19.149,A1
0.874,5.699,2.928,2.004,5.697,4.35,5.753,3.292,0.78,0.955,4.108,1.352,2.806,10.414,15.387,19.274,A1
23.725,11.493,10.223,12.336,3.96,6.367,11.744,8.167,6.19,1.717,5.789,5.658,5.461,10.266,14.424,17.588,A1
5.296,16.712,1.443,0.56,8.218,3.717,1.783,3.712,4.605,0.668,4.638,4.528,1.938,9.19,14.545,17.863,A1
0.3,6.704,19.349,3.879,2.574,2.565,7.14,5.412,7.941,6.372,0.358,5.036,3.28,8.484,12.304,19.764,A1
3.753,5.672,9.061,3.466,5.943,8.695,7.81,2.087,1.298,7.502,3.181,4.82,1.744,7.879,14.044,18.389,A1
12.318,7.565,3.916,3.547,6.711,8.372,0.931,8.178,2.169,5.906,2.594,4.252,4.966,14.046,17.013,17.235,A1
5.251,20.318,10.739,0.3,0.623,6.394,1.051,2.378,0.007,7.744,7.544,4.774,5.697,9.076,13.779,21.187,A1
0.121,1.179,1.936,3.798,0.27,0.466,12.091,0.968,2.224,3.69,0.466,0.568,1.651,15.338,11.778,20.769,A1
8.193,0.641,12.332,0.435,0.591,8.708,2.847,1.248,6.846,1.556,4.498,2.86,1.608,12.224,12.544,22.108,A1
13.394,4.524,5.143,3.897,0.13,0.57,5.251,0.27,1.157,3.762,4.191,4.882,6.831,10.973,12.069,18.862,A1
1.269,14.668,2.453,3.287,0.653,8.627,3.374,6.715,3.881,3.143,0.201,6.404,7.068,7.63,12.525,18.09,A1
1.565,4.596,3.012,1.726,2.115,1.206,8.898,0.236,5.691,4.776,5.971,2.384,3.014,7.542,17.457,19.998,A1
1.269,3.502,11.127,0.247,5.22,9.879,6.877,2.84,2.316,0.399,1.418,1.369,4.815,8.672,15.602,26.15,A1
1.592,7.968,2.991,5.753,4.435,8.291,0.48,7.575,5.593,3.843,2.743,3.583,3.531,10.401,17.406,16.901,A1
8.049,4.847,20.318,6.578,3.99,3.695,3.191,2.089,4.723,7.484,4.572,4.29,3.509,8.834,11.778,13.983,A1
1.673,3.825,2.948,2.372,6.127,4.605,4.378,0.074,2.032,1.108,1.219,4.282,3.014,10.515,12.323,20.655,A1
5.69,0.991,4.435,2.596,7.326,8.224,0.022,4.121,3.001,5.52,6.418,5.989,2.498,8.188,15.298,18.999,A1
4.901,5.43,2.604,3.798,0.423,7.901,4.318,4.691,5.055,4.247,0.789,4.598,0.639,7.757,14.658,23.926,A1
3.968,3.493,0.108,5.628,2.207,6.825,3.099,6.176,5.691,2.166,3.181,3.89,1.328,14.585,12.702,18.88,A1
1.987,6.004,2.046,5.089,0.499,0.157,8.181,2.076,5.349,1.843,3.38,1.246,5.317,7.441,16.336,16.339,A1
21.752,5.197,1.7,2.507,2.098,0.803,10.476,5.477,7.315,1.448,5.21,7.349,6.487,8.464,13.804,17.738,A1
8.695,8.21,2.152,1.538,4.959,4.995,1.242,0.905,4.175,1.197,0.598,4.259,4.011,13.3,15.595,22.18,A1
6.372,7.565,5.488,17.25,1.223,2.82,0.181,1.334,3.47,4.56,4.614,0.892,3.28,10.556,12.506,17.11,A1
0.238,21.205,1.809,0.847,2.945,4.43,2.429,5.897,5.525,4.354,3.099,0.047,6.451,11.531,15.114,16.315,A1
8.982,0.049,7.662,0.695,5.08,2.291,0.109,4.003,2.463,0.256,3.951,2.491,3.28,8.141,11.025,16.739,A1
5.439,5.753,5.983,3.663,10.294,2.735,4.211,8.049,6.268,4.202,0.143,4.897,4.112,9.627,17.419,18.706,A1
5.717,0.372,0.365,7.708,5.051,2.964,5.227,6.585,5.124,3.233,1.062,6.204,2.684,9.574,13.506,20.697,A1
0.444,1.179,8.114,1.861,1.623,7.511,5.909,4.928,1.758,1.117,4.895,1.93,4.593,8.067,14.038,17.875,A1
3.502,0.668,2.668,9.538,3.621,12.192,8.444,2.905,4.507,4.794,5.582,5.143,4.621,13.589,18.393,19.531,A1
0.632,2.399,8.18,0.489,6.281,1.283,1.556,1.486,0.946,0.982,0.022,2.445,6.343,8.101,12.823,17.182,A1
20.497,3.206,13.688,2.372,10.955,3.906,11.349,5.22,1.934,2.444,3.115,0.439,5.274,8.134,18.305,18.216,A1
12.712,5.089,1.592,5.753,6.004,1.619,4.844,1.852,4.938,5.69,10.359,1.085,1.981,9.177,14.918,20.667,A1
5.403,1.995,11.235,3.789,1.237,7.269,10.692,1.011,6.122,5.296,3.455,0.038,0.25,9.52,16.659,18.622,A1
7.914,8.157,11.299,1.377,0.622,6.018,10.189,7.995,2.874,6.605,3.769,3.652,0.331,10.36,17.039,19.699,A1
3.003,0.705,1.479,1.511,4.044,5.349,0.535,1.706,1.842,0.576,2.624,1.245,0.294,2.695,1.735,0.623,A2
0.807,1.064,3.772,6.248,3.955,2.611,0.101,0.461,0.944,6.896,0.332,0.74,0.262,2.444,1.247,0.0,A2
10.62,4.937,3.84,1.193,0.611,1.254,0.806,1.1,2.483,0.078,0.053,3.929,0.438,3.176,3.342,0.116,A2
4.683,10.678,5.865,1.023,8.261,2.947,1.512,2.979,1.432,1.115,1.092,0.296,2.905,3.915,3.023,4.812,A2
13.588,0.766,0.425,3.755,0.454,3.862,4.06,2.657,0.221,2.576,0.904,0.008,0.864,1.475,1.394,1.213,A2
17.479,1.834,4.06,0.827,3.206,8.444,2.461,0.717,4.548,3.785,0.128,5.813,0.717,1.971,0.791,0.413,A2
2.393,4.7,7.578,6.967,5.106,0.446,1.85,0.51,0.82,3.47,0.332,4.557,0.709,1.856,0.497,0.034,A2
7.977,5.066,3.157,2.08,1.655,2.497,6.351,4.602,0.178,2.467,1.101,1.168,3.393,2.024,0.956,0.827,A2
2.962,1.102,6.578,3.348,2.422,0.141,3.029,7.854,0.6,0.654,1.158,1.028,1.405,0.85,3.472,0.102,A2
11.624,1.193,4.304,9.461,2.439,3.42,1.538,1.527,1.707,1.691,1.223,1.646,1.462,0.103,2.675,0.63,A2
5.036,5.066,0.62,0.746,8.26,6.835,5.239,3.162,1.997,1.145,0.792,0.269,0.734,0.492,0.181,1.668,A2
8.777,3.999,2.816,1.457,7.493,0.789,1.173,2.267,1.108,5.931,3.766,0.454,1.449,0.21,1.631,2.751,A2
4.154,4.456,6.602,0.25,5.177,0.515,1.05,3.199,2.008,6.157,5.411,3.965,3.816,1.956,1.021,1.572,A2
1.186,3.45,10.623,0.481,2.143,1.811,3.369,4.516,2.139,1.348,1.204,1.177,0.595,0.156,3.425,0.264,A2
9.956,9.58,0.722,4.581,2.162,1.216,0.278,0.242,1.984,1.112,1.28,0.297,1.934,1.62,2.331,0.305,A2
6.703,0.911,5.895,12.335,4.931,4.533,1.471,1.174,1.629,0.278,1.611,1.125,2.438,0.888,1.821,0.61,A2
14.483,5.249,7.451,6.073,3.608,3.206,2.406,3.914,0.154,2.637,1.411,0.811,4.084,0.911,1.749,1.335,A2
2.881,3.176,1.845,2.962,1.428,1.681,0.332,1.954,6.278,3.575,2.474,3.512,8.578,3.099,2.388,1.274,A2
1.714,1.986,4.943,8.16,5.055,4.411,2.826,0.132,1.121,2.467,4.304,1.08,6.158,1.262,2.955,1.573,A2
0.685,1.613,1.942,1.084,1.55,5.615,0.644,0.839,0.764,2.67,2.49,0.574,2.129,2.177,0.3,3.598,A2
1.592,1.186,1.279,4.914,3.26,5.036,7.516,1.681,1.676,1.447,1.986,2.169,2.349,0.012,0.888,2.474,A2
5.402,2.741,2.425,4.853,0.07,0.964,0.915,1.315,2.995,6.35,0.566,0.619,0.901,0.904,0.508,0.536,A2
4.358,2.657,4.675,3.565,5.106,4.037,3.354,0.156,1.398,2.314,2.218,1.508,1.27,2.093,0.095,2.656,A2
8.614,8.635,7.305,2.067,2.683,1.338,0.685,7.183,0.91,1.844,0.107,0.68,0.278,0.195,2.201,1.871,A2
0.116,4.151,3.401,7.245,5.716,3.221,2.704,1.966,2.829,2.017,0.116,2.066,1.75,0.362,1.362,0.332,A2
1.023,9.939,2.864,4.317,2.422,1.43,1.498,0.259,0.631,5.422,1.871,0.339,1.474,0.134,1.936,2.046,A2
8.167,7.468,2.845,6.236,5.734,2.23,3.016,4.846,2.117,0.471,0.428,1.151,1.547,1.704,0.533,0.589,A2
2.067,17.876,1.113,3.992,5.124,1.879,1.349,3.011,3.648,1.376,3.187,1.402,3.138,1.323,0.472,2.65,A2
22.44,4.144,2.181,1.653,1.062,2.604,7.177,3.096,0.7,4.568,1.714,4.061,0.852,0.301,3.672,1.05,A2
6.662,0.766,5.28,5.443,6.256,3.0,3.924,3.711,5.356,1.407,2.915,0.104,1.368,2.817,1.075,1.579,A2
5.036,3.992,7.525,5.382,3.921,1.62,1.796,0.449,2.918,2.578,3.757,2.091,0.465,2.139,1.57,2.494,A2
1.01,0.698,6.602,0.108,4.811,5.745,5.524,4.089,0.367,2.04,0.961,0.105,0.4,2.604,0.899,1.409,A2
11.758,5.188,5.792,1.511,3.643,4.937,1.322,4.467,0.676,5.412,2.408,3.138,2.132,0.484,3.374,0.902,A2
11.054,3.054,0.766,0.014,4.496,4.716,3.735,2.059,2.361,1.074,3.166,1.534,1.295,2.954,2.147,4.399,A2
10.498,0.545,2.845,7.801,0.82,4.151,3.477,0.271,1.82,6.825,0.25,4.14,0.112,0.4,1.541,2.63,A2
5.727,1.132,6.183,6.134,0.924,2.657,0.237,0.486,1.066,2.375,3.844,0.567,0.734,4.167,5.093,0.657,A2
5.89,5.676,3.865,0.014,2.3,6.904,2.176,1.052,2.751,0.471,1.827,0.227,0.319,4.037,0.802,2.86,A2
14.564,1.003,0.156,0.291,3.538,0.622,1.985,1.852,6.589,1.62,1.226,4.6,1.856,2.642,0.296,0.711,A2
4.439,15.154,6.475,2.162,6.606,4.876,5.103,1.644,3.062,1.684,1.599,1.934,2.677,1.856,4.62,4.582,A2
19.729,2.772,2.572,0.847,1.064,5.234,3.64,2.681,1.929,3.046,2.847,0.609,2.999,1.414,0.845,0.61,A2
4.073,13.538,5.036,0.177,5.942,1.315,3.125,0.742,1.443,1.874,1.186,2.709,0.018,1.788,0.314,0.081,A2
0.982,1.796,1.864,1.803,0.208,6.058,0.576,0.076,2.073,4.863,0.529,2.526,2.414,0.934,1.548,2.793,A2
2.65,5.524,2.938,2.934,2.735,0.271,1.552,4.992,0.112,3.165,4.651,1.838,0.625,0.476,1.728,2.047,A2
14.402,1.254,0.791,4.215,0.47,0.446,7.286,2.132,0.589,2.738,1.714,0.227,1.157,3.908,1.613,5.124,A2
1.091,1.003,0.015,11.176,17.462,1.742,4.52,3.43,1.585,1.935,2.681,2.083,1.335,1.902,1.25,0.102,A2
6.594,12.63,0.669,0.665,5.123,1.956,0.915,6.219,3.639,2.555,1.908,1.08,0.579,3.801,1.789,0.406,A2
12.653,5.768,1.181,1.234,6.604,4.228,1.755,6.329,0.221,1.945,1.711,0.435,5.434,0.637,0.185,0.21,A2
5.049,5.974,6.285,5.252,3.868,2.375,3.68,1.193,2.286,1.437,5.505,3.563,1.291,0.53,0.537,1.41,A2
8.18,0.759,8.042,2.65,4.513,2.985,9.509,2.035,0.531,5.29,1.254,4.147,0.181,1.094,0.027,0.19,A2
6.797,5.798,2.206,5.882,2.336,2.657,0.793,0.393,1.931,1.041,4.116,1.777,1.779,1.856,3.339,1.877,A2
8.058,1.529,8.33,1.409,0.314,1.651,1.308,2.254,1.11,0.311,0.522,1.838,1.596,2.009,1.85,1.375,A2
5.605,0.027,1.083,5.598,2.108,1.056,0.196,1.766,3.395,0.057,0.2,0.13,0.563,2.901,2.499,0.128,A2
13.548,6.98,0.01,9.502,2.23,2.162,3.328,4.048,2.807,0.088,3.288,1.482,1.706,2.268,2.079,3.565,A2
1.539,5.341,4.309,1.234,1.587,3.565,3.477,0.063,0.799,2.355,0.288,3.068,0.888,3.061,2.388,1.424,A2
5.402,5.669,3.328,2.311,7.669,0.225,1.077,0.315,0.066,1.356,2.718,5.262,0.177,0.141,1.807,2.21,A2
4.345,2.253,4.236,2.433,3.136,6.164,3.938,3.108,3.284,3.155,1.158,0.863,2.601,1.392,0.651,1.342,A2
4.805,2.497,12.063,1.213,2.247,5.029,0.793,2.279,2.794,2.586,0.832,2.065,4.654,2.276,3.981,1.729,A2
1.457,2.23,3.743,9.895,4.323,2.855,2.596,3.926,2.186,1.142,0.942,6.587,1.007,2.307,0.716,0.738,A2
8.058,4.388,3.723,3.592,0.871,3.176,2.894,1.413,3.616,1.925,0.388,3.354,2.292,0.583,1.06,0.183,A2
0.454,2.253,2.962,12.755,4.53,6.363,5.09,0.332,4.393,0.776,1.648,5.079,1.01,1.734,1.175,1.661,A2
10.932,8.261,0.986,1.613,0.977,5.158,2.704,1.071,4.315,0.065,5.59,2.441,0.132,2.314,0.989,0.569,A2
4.629,13.568,4.358,0.698,2.911,1.59,4.967,1.271,0.764,3.382,2.784,2.073,1.888,0.82,0.666,0.027,A2
3.287,2.131,1.766,0.278,3.607,6.729,1.159,1.588,1.774,1.661,1.78,0.984,1.348,1.628,0.03,1.599,A2
15.365,4.304,1.571,6.655,1.221,1.704,2.839,1.51,3.505,4.703,3.616,6.247,6.784,0.957,0.052,0.372,A2
5.455,6.012,0.893,6.256,3.12,0.431,0.847,1.193,1.64,0.471,0.36,1.263,1.165,1.056,0.016,3.07,A2
2.284,1.498,7.329,0.034,1.412,2.299,2.881,2.535,5.491,3.074,1.139,1.951,1.43,4.03,0.368,0.21,A2
5.374,8.688,0.254,0.746,3.886,2.657,0.291,1.076,3.683,0.776,1.611,1.69,0.242,0.324,2.23,2.494,A2
7.407,9.756,1.723,10.729,2.075,1.94,2.596,1.198,1.252,4.487,3.244,2.092,0.242,1.292,1.724,0.04,A2
7.72,3.778,5.695,2.934,1.045,2.162,1.932,2.027,0.267,4.673,0.044,1.611,1.401,1.918,0.461,0.556,A2
1.01,1.346,0.649,2.25,6.937,1.811,2.433,3.235,0.422,2.141,1.526,3.528,1.091,0.278,4.125,1.457,A2
0.372,2.04,1.479,5.829,0.454,8.284,0.888,1.608,3.261,0.494,2.274,1.951,1.153,0.759,2.341,1.674,A2
7.936,5.852,0.966,0.677,2.369,2.848,5.984,0.368,0.72,1.834,2.108,2.502,0.909,0.652,0.368,0.054,A2
1.267,4.334,0.332,1.274,7.005,3.16,5.199,4.211,3.326,0.657,0.041,2.483,3.824,0.896,1.369,1.654,A2
7.001,6.103,2.137,3.735,3.485,5.112,2.244,1.466,1.365,3.867,5.465,2.327,2.796,0.408,3.905,4.609,A2
1.552,7.445,10.086,2.474,3.538,1.17,0.007,2.206,0.156,2.576,0.444,0.627,0.799,1.368,3.141,1.104,A2
10.322,6.462,7.451,10.742,1.376,1.01,2.311,0.107,0.899,0.024,2.08,3.129,0.812,0.789,3.073,0.712,A2
3.016,7.865,3.479,3.43,5.071,3.29,5.659,4.894,7.343,4.731,0.963,0.906,0.774,1.773,0.443,2.27,A2
4.385,11.128,3.23,7.13,1.725,1.414,6.608,1.657,1.918,5.699,1.89,0.33,3.759,2.116,0.336,3.728,A2
10.404,3.816,10.067,3.341,9.046,1.818,4.249,6.163,8.174,1.054,1.627,4.984,0.763,2.512,3.536,2.372,A2
9.184,2.779,3.113,7.008,0.785,2.497,2.799,4.402,0.52,2.558,2.18,2.047,2.406,2.405,1.146,2.101,A2
1.145,9.024,3.821,0.474,1.534,4.182,0.197,5.609,3.548,0.471,0.773,0.897,2.861,2.276,0.78,3.016,A2
3.694,1.765,3.162,3.043,2.056,4.777,3.964,1.698,2.051,1.559,3.046,1.055,2.425,0.873,1.405,0.006,A2
4.154,1.864,14.503,3.389,3.277,0.896,0.359,1.113,3.592,4.663,1.92,3.957,4.646,0.362,0.289,0.712,A2
3.463,0.454,13.995,3.694,0.837,0.385,0.481,0.503,0.232,4.06,2.812,3.206,1.633,0.507,1.627,2.352,A2
4.507,6.439,1.791,4.772,6.257,6.698,3.992,1.698,3.095,1.542,3.788,1.333,2.23,0.896,1.092,0.088,A2
0.372,5.76,3.479,2.772,1.463,0.553,0.875,1.779,1.043,2.589,2.052,2.545,0.722,0.24,2.74,2.44,A2
6.622,2.772,7.261,1.356,0.33,4.746,5.089,2.393,6.289,2.68,1.855,2.17,1.893,0.522,2.09,0.956,A2
4.223,4.365,8.944,1.112,3.293,5.219,1.444,2.04,0.809,1.979,0.804,0.306,0.498,1.292,1.068,2.149,A2
3.666,8.818,7.769,3.918,7.843,2.482,0.332,3.267,0.764,1.854,0.238,3.852,3.084,1.155,1.068,1.478,A2
4.602,6.805,2.235,3.992,2.458,11.944,0.346,1.357,5.158,0.525,0.735,2.971,0.725,2.024,2.47,2.907,A2
5.293,1.003,0.693,0.942,0.384,6.058,1.836,1.815,4.291,2.81,0.015,1.768,2.284,1.193,0.759,2.074,A2
2.812,4.212,3.796,4.975,5.384,1.239,1.146,1.625,5.934,4.744,1.88,1.245,0.592,1.14,0.877,0.447,A2
13.982,14.795,5.353,4.297,0.243,3.145,6.161,1.791,2.907,0.034,0.839,1.446,1.279,1.414,0.676,1.369,A2
7.123,0.522,2.21,1.674,0.872,1.925,1.037,4.589,1.121,1.125,0.989,2.24,0.6,2.863,0.709,0.847,A2
8.289,1.346,2.284,4.731,1.707,4.037,3.802,1.035,1.62,3.135,0.998,3.608,1.474,0.057,2.122,1.972,A2
3.694,7.842,1.796,1.823,3.556,0.141,7.788,3.792,1.674,2.83,1.395,4.984,3.897,1.712,1.742,2.752,A2
11.746,4.182,7.939,4.162,5.838,5.295,6.486,3.108,1.62,0.586,0.588,1.456,0.812,3.122,0.282,1.979,A2
7.895,0.888,1.352,2.515,0.907,3.107,0.63,1.12,2.374,1.399,0.369,2.031,3.32,0.72,2.438,0.372,A2
10.566,3.87,4.67,0.847,0.801,1.834,3.314,3.865,0.178,1.183,0.501,2.859,1.015,5.029,0.511,0.61,A2
3.613,10.64,5.28,5.26,0.993,6.622,4.467,0.156,0.456,0.929,4.123,0.304,0.803,1.696,0.171,0.509,A2
9.933,4.793,7.891,2.707,6.776,0.451,0.221,3.262,0.168,1.075,0.681,0.023,0.258,1.824,0.801,3.266,A3
1.075,2.73,2.934,3.726,13.203,7.923,4.208,3.625,0.626,2.141,0.186,1.246,3.13,3.701,0.383,3.105,A3
3.313,9.304,3.248,13.243,8.308,3.633,2.49,7.625,4.262,2.975,4.279,0.353,3.556,3.124,0.721,1.45,A3
1.302,2.269,5.535,7.969,2.334,2.986,7.058,3.353,1.542,1.798,2.245,4.728,1.806,1.987,0.283,4.682,A3
20.789,1.297,3.969,9.187,4.652,2.025,3.81,3.563,2.095,3.295,2.17,6.46,1.656,5.414,2.208,0.182,A3
3.167,4.514,10.038,9.134,7.709,7.748,2.576,3.353,4.377,3.511,3.418,0.283,0.507,1.577,4.497,1.442,A3
0.702,7.206,1.591,13.476,0.103,5.993,0.447,4.59,1.542,5.847,0.621,6.566,0.547,5.213,2.43,0.859,A3
15.987,5.346,1.29,3.686,3.02,4.56,0.012,1.276,1.688,2.526,1.406,0.307,0.861,0.565,1.338,0.16,A3
5.97,0.242,3.857,0.253,11.851,3.377,4.012,2.864,1.186,3.255,1.309,2.75,1.601,3.797,1.542,2.04,A3
0.609,3.388,2.409,3.283,0.822,3.668,5.566,1.248,0.041,2.695,4.791,1.435,3.325,0.172,0.974,0.673,A3
7.229,5.562,0.73,9.886,11.545,0.644,9.072,2.906,4.421,2.136,6.727,2.235,1.479,0.784,2.924,3.68,A3
10.399,0.807,3.493,4.519,6.636,0.842,2.101,6.78,5.063,0.411,1.804,4.758,1.784,0.495,0.801,3.709,A3
8.714,3.325,2.738,8.085,3.959,0.923,0.945,1.29,0.594,2.672,0.283,5.348,2.399,6.518,0.415,1.885,A3
11.279,9.339,1.206,3.586,2.7,3.546,4.603,3.997,8.217,0.603,3.321,5.478,1.075,7.162,3.327,0.532,A3
15.008,5.003,1.905,3.237,8.568,1.658,4.255,5.751,3.716,0.102,0.229,1.006,2.095,0.818,1.922,0.26,A3
5.078,0.311,2.716,0.096,12.45,8.517,0.221,1.416,1.434,0.842,1.557,5.132,3.577,2.835,0.974,0.275,A3
3.027,4.262,4.053,1.915,5.777,4.146,4.898,4.94,5.013,1.845,3.618,3.433,2.567,2.119,0.974,3.089,A3
11.045,9.507,1.262,1.961,2.64,0.528,2.303,0.081,3.836,4.181,2.364,1.631,0.78,3.179,0.291,1.876,A3
0.889,6.325,5.458,0.813,0.443,7.304,5.498,2.235,1.103,1.349,0.186,5.391,1.588,0.836,0.128,2.685,A3
17.432,6.017,3.13,2.8,0.243,8.965,0.873,0.249,2.158,0.994,0.918,2.351,3.08,0.574,1.354,5.155,A3
19.67,5.241,1.619,5.924,1.002,4.216,2.064,0.318,0.054,0.166,4.397,0.103,0.824,4.97,4.487,1.06,A3
1.169,4.647,5.116,0.789,9.334,9.944,2.598,4.808,12.641,1.197,0.675,3.28,0.668,1.203,6.652,0.291,A3
4.146,2.695,8.416,9.397,3.02,9.664,1.215,0.101,0.518,1.612,0.186,0.476,3.714,0.853,1.772,0.586,A3
0.51,2.346,2.374,0.416,0.476,1.594,7.487,4.948,4.854,2.101,0.836,3.989,3.761,1.955,0.711,3.097,A3
3.08,5.311,2.542,7.742,3.0,4.164,8.084,0.688,8.738,1.232,1.875,0.986,3.928,3.202,1.229,4.222,A3
3.68,10.206,5.032,7.555,2.76,0.72,4.239,9.933,1.713,3.197,2.682,8.355,4.106,1.387,0.842,2.506,A3
6.244,4.304,3.276,6.203,1.375,4.018,9.234,1.947,7.161,7.304,4.44,2.351,1.01,0.749,2.216,3.251,A3
3.54,6.122,1.311,0.376,1.775,3.109,1.442,1.066,1.929,4.001,2.256,1.565,2.533,1.588,0.579,0.423,A3
11.279,8.115,14.654,5.155,2.514,2.818,4.277,5.793,1.605,3.15,2.617,3.793,2.356,0.888,2.603,1.667,A3
10.766,16.506,3.891,3.353,3.174,7.269,4.789,8.562,2.088,5.632,2.568,2.944,2.204,2.084,1.311,0.803,A3
5.131,0.598,3.214,4.822,4.852,4.531,5.504,4.73,7.053,1.53,1.449,1.212,0.817,0.941,1.887,3.274,A3
6.71,9.234,12.926,8.814,0.736,0.207,1.473,4.262,5.775,1.908,0.47,0.373,3.891,0.956,2.49,0.727,A3
15.614,1.605,0.752,3.593,7.169,0.528,5.411,4.948,7.25,5.824,0.718,4.319,0.118,0.102,3.277,1.248,A3
10.725,0.451,3.857,10.812,6.896,5.906,4.969,7.102,3.131,0.971,2.407,2.894,2.409,2.503,0.423,0.603,A3
0.609,11.15,3.248,5.568,2.354,5.609,3.151,2.395,2.947,7.794,0.832,2.774,0.174,1.395,1.33,0.943,A3
9.041,3.884,2.213,1.658,0.643,6.629,6.896,1.27,0.982,2.934,3.231,0.123,4.211,3.039,0.943,6.009,A3
3.447,0.143,0.647,6.477,3.593,2.521,1.604,5.178,1.859,3.43,1.09,4.183,2.446,0.134,0.941,1.1,A3
4.199,6.961,5.961,0.819,0.063,1.168,4.192,10.632,1.573,4.467,0.175,2.494,3.381,5.117,2.167,2.365,A3
5.078,2.94,0.528,8.325,4.658,3.895,3.81,1.535,2.616,0.609,2.908,5.821,4.907,2.864,0.425,0.005,A3
3.5,6.262,4.507,2.194,2.84,0.213,1.868,3.458,0.823,1.815,6.376,2.401,3.742,2.931,1.188,0.182,A3
3.307,7.241,4.248,0.277,1.036,8.255,0.137,2.486,4.555,2.794,0.272,2.215,2.887,0.504,1.032,0.362,A3
4.519,8.563,7.633,2.351,8.155,4.146,4.51,9.409,3.43,0.475,2.353,3.353,4.799,5.801,5.499,2.023,A3
1.542,3.948,1.228,0.16,2.934,4.385,9.927,1.2,7.142,5.376,4.386,2.714,0.096,7.601,3.977,1.706,A3
2.328,8.814,1.598,9.933,1.402,3.412,6.508,2.297,4.733,0.673,1.75,2.165,3.416,2.768,1.426,0.284,A3
10.626,4.332,10.794,9.204,6.057,0.143,4.146,4.22,4.027,6.075,1.391,1.196,5.917,6.404,4.166,0.609,A3
6.949,15.877,8.025,5.008,5.517,3.231,2.925,1.843,2.546,1.314,4.16,0.722,3.297,0.091,3.575,3.027,A3
8.528,11.227,0.395,16.919,5.431,1.594,3.353,0.157,3.614,2.066,3.493,1.821,6.924,0.213,3.024,2.662,A3
3.633,1.577,0.724,3.493,9.947,6.727,2.583,8.039,6.716,0.719,1.477,4.143,0.715,0.563,0.373,1.79,A3
8.948,0.912,13.038,0.58,1.761,6.046,5.715,2.884,0.874,1.122,2.069,2.784,4.833,0.39,1.519,1.162,A3
7.322,6.745,8.304,4.782,2.581,3.622,3.81,2.934,1.357,1.18,1.083,1.951,3.686,2.409,2.506,1.279,A3
1.588,8.598,5.038,4.099,4.352,2.759,4.534,4.99,0.257,7.444,1.014,2.89,1.134,2.235,2.646,0.159,A3
0.277,3.255,2.521,2.451,3.1,1.64,1.271,0.962,2.088,1.728,2.966,0.772,1.775,4.286,1.731,1.984,A3
8.674,3.283,3.835,1.984,3.42,8.948,1.256,1.591,3.995,1.973,6.34,3.773,3.074,3.412,1.64,0.455,A3
5.405,6.99,1.43,0.283,4.792,8.231,4.286,4.786,1.535,0.889,1.251,4.409,0.789,3.021,1.511,0.617,A3
6.384,4.199,11.052,9.164,1.575,2.94,1.442,4.856,0.105,0.271,0.061,4.932,0.053,0.021,1.757,4.317,A3
2.98,0.737,5.983,5.807,3.233,0.259,4.168,1.955,2.813,6.244,1.768,0.996,0.516,1.885,2.751,0.765,A3
3.779,3.948,8.395,7.829,0.123,8.091,3.748,4.248,5.032,0.731,4.543,0.057,0.92,1.701,0.933,0.633,A3
1.728,5.213,0.786,11.815,2.774,4.769,2.008,0.702,5.038,6.232,1.1,1.186,1.364,1.646,2.769,1.123,A3
3.074,7.094,0.528,4.315,1.675,9.49,2.909,5.969,7.969,2.747,1.746,2.7,0.323,3.686,2.473,0.245,A3
1.628,2.451,12.618,0.423,3.22,1.535,0.976,0.193,4.809,0.055,9.98,4.932,1.125,0.51,4.25,4.89,A3
0.929,0.311,4.758,7.089,0.902,7.881,2.778,2.514,1.211,0.113,0.868,0.197,0.124,3.799,0.309,2.996,A3
11.844,1.256,2.71,0.33,2.541,2.381,3.298,0.724,4.542,3.103,0.018,3.423,0.78,2.949,1.387,2.475,A3
7.782,1.087,4.192,0.976,2.241,0.807,6.126,2.87,1.694,1.285,2.768,5.198,3.966,2.593,0.982,5.434,A3
0.277,0.661,6.912,0.043,4.312,6.15,0.805,6.604,3.887,9.304,1.901,0.157,3.583,2.392,0.951,0.695,A3
6.477,8.639,3.969,3.563,1.415,12.713,0.96,0.472,1.287,2.649,3.37,3.673,2.356,3.039,6.914,1.248,A3
2.281,3.325,0.395,4.239,4.099,1.64,0.851,4.109,0.989,3.237,2.03,6.59,6.076,6.789,2.819,3.406,A3
4.618,1.011,0.423,3.633,2.155,4.927,6.073,1.947,5.477,8.26,1.869,2.64,5.159,2.908,0.908,0.92,A3
4.705,4.997,2.437,3.919,0.842,1.378,3.649,4.548,7.74,1.693,1.111,0.616,2.468,2.235,4.248,1.963,A3
7.083,3.074,2.073,4.036,3.52,2.147,1.619,2.472,1.567,0.469,0.068,0.593,1.013,2.171,1.453,1.744,A3
20.229,3.144,8.164,5.9,8.728,1.139,2.085,1.773,8.471,0.533,2.273,1.242,7.136,0.134,0.433,1.394,A3
2.8,11.815,1.2,5.924,4.652,6.797,0.354,7.004,1.446,1.442,2.858,2.221,2.763,2.739,0.415,4.006,A3
12.404,8.283,2.884,7.456,1.515,4.076,0.743,1.821,2.463,0.609,1.864,0.822,4.873,0.991,3.386,0.485,A3
8.861,8.709,3.325,1.186,3.02,5.434,4.161,0.906,2.629,4.414,5.946,1.975,1.134,4.324,0.472,1.186,A3
5.591,9.024,11.052,1.612,2.241,9.251,1.371,1.989,0.766,0.085,1.714,2.361,0.491,3.86,0.044,0.953,A3
0.23,4.997,9.961,4.099,1.961,1.0,0.277,3.639,1.567,1.547,3.633,1.166,0.236,2.442,5.698,2.513,A3
2.241,2.381,8.5,11.372,3.44,0.993,4.168,2.864,2.336,3.936,1.74,1.575,0.563,1.177,2.965,2.716,A3
15.101,1.157,0.031,1.845,6.676,4.391,6.903,1.15,2.692,0.032,5.673,1.102,0.51,2.672,2.769,2.886,A3
0.137,6.29,10.492,7.905,2.274,1.728,8.326,2.486,2.788,1.104,5.215,3.22,2.269,0.582,2.119,0.572,A3
4.053,3.36,3.018,4.572,9.207,6.244,2.001,2.8,3.805,0.58,4.22,0.193,0.954,0.493,1.173,1.316,A3
7.043,7.8,1.2,7.572,1.382,2.171,1.93,5.709,2.781,2.106,1.014,3.919,1.451,1.909,0.752,2.155,A3
5.364,2.591,5.877,4.915,1.302,3.727,8.777,1.353,1.999,2.444,0.029,1.445,2.493,3.823,2.438,1.038,A3
2.987,0.032,10.598,2.451,0.456,3.482,8.379,7.541,0.957,4.688,2.912,1.612,1.159,1.422,3.919,1.324,A3
13.283,4.717,9.513,5.178,10.532,2.881,0.277,3.717,3.576,1.099,0.745,1.845,0.693,0.379,4.24,0.665,A3
7.316,0.311,7.102,4.245,4.432,2.252,0.998,0.912,4.123,4.192,2.628,3.583,0.647,6.229,2.8,2.833,A3
16.413,1.646,0.647,9.554,3.24,6.762,0.034,1.06,2.648,3.074,2.6,1.425,0.015,0.65,0.67,4.806,A3
5.038,0.248,3.046,2.631,6.35,3.93,1.153,1.402,4.72,3.4,0.922,5.221,3.307,5.895,2.94,0.656,A3
3.313,2.165,4.423,1.915,2.015,8.458,4.674,3.024,0.9,3.406,4.866,2.581,2.213,0.014,2.776,1.347,A3
4.758,4.822,11.353,3.406,0.936,2.654,0.199,4.388,4.288,6.85,0.406,2.264,7.742,1.553,1.056,1.1,A3
3.26,2.06,7.157,12.514,2.121,6.553,7.145,2.332,1.586,0.353,3.988,5.731,3.903,3.939,1.69,3.329,A3
10.16,11.716,3.891,1.675,0.742,7.608,5.56,10.227,0.741,2.509,2.983,1.695,4.758,3.257,0.943,0.306,A3
8.714,4.164,7.919,4.402,2.175,3.412,1.588,10.87,1.294,3.162,0.261,0.852,2.455,3.624,0.367,2.575,A3
6.343,9.577,6.129,2.008,1.136,3.318,2.117,8.604,1.669,5.778,1.094,4.908,8.929,2.208,1.831,0.555,A3
11.005,5.912,6.654,0.836,1.256,9.052,3.027,3.102,6.348,4.618,0.223,0.017,5.47,4.088,1.714,2.412,A3
2.66,5.353,1.737,3.4,0.696,1.151,2.179,3.088,1.599,0.866,8.13,1.801,0.603,4.647,4.176,0.416,A3
7.829,2.206,2.179,4.123,12.131,14.933,8.854,0.99,1.472,0.207,5.64,2.85,4.547,1.244,1.099,1.852,A3
9.886,4.688,0.808,4.006,4.459,2.136,1.883,3.074,6.328,5.393,4.801,0.526,4.976,1.428,2.564,1.574,A3
2.001,9.962,4.109,7.019,3.619,0.242,2.623,5.325,0.092,2.73,1.251,2.081,2.682,2.278,3.672,0.57,A3
4.565,1.151,3.472,8.108,6.37,4.297,2.008,3.43,3.48,2.339,2.654,3.3,3.251,2.8,1.311,2.491,A3
11.844,5.556,5.311,13.686,1.415,3.587,1.169,1.695,3.322,5.964,0.412,0.603,0.18,0.702,3.574,0.657,A3
15.008,0.283,2.129,5.941,2.9,6.174,6.064,4.85,6.379,1.372,3.543,0.712,0.768,2.757,2.835,1.388,A3
