# Percent Estimate Error results for Total Time sampled as proportion; sampling interval = 30 seconds 
0.05,0.1,0.2,0.3,0.4,0.5,0.6,0.7,0.8,0.9,Transcript
5.729,7.506,3.977,5.374,3.77,2.79,0.967,3.214,1.86,5.626,A1
6.384,10.295,10.872,5.869,9.797,2.607,2.52,4.631,3.715,4.707,A1
4.432,6.083,1.695,8.891,0.273,8.65,1.635,6.914,4.24,4.245,A1
0.419,0.72,5.428,3.282,2.358,0.302,1.047,5.087,2.21,5.713,A1
3.566,2.084,2.378,1.36,1.908,6.251,4.204,3.253,0.218,3.311,A1
6.27,8.576,0.532,3.701,4.204,5.124,1.374,1.34,3.181,1.174,A1
8.075,2.81,9.143,0.516,3.336,1.967,1.728,4.507,3.349,3.657,A1
4.506,8.929,9.392,2.103,3.759,5.337,4.878,4.712,5.586,9.086,A1
2.257,1.671,2.689,1.624,0.379,4.113,3.18,1.697,2.299,3.91,A1
0.407,8.374,14.423,1.235,3.108,0.735,6.908,5.619,1.377,2.68,A1
6.726,4.05,7.513,3.056,1.136,3.484,3.346,0.764,4.887,0.847,A1
10.438,5.77,2.264,5.314,0.442,7.051,2.278,0.85,8.257,4.169,A1
5.473,17.81,2.81,2.957,4.236,8.067,3.056,3.228,3.386,0.555,A1
1.443,7.89,4.546,1.702,0.803,2.53,0.272,6.317,0.532,3.382,A1
2.781,1.19,2.091,5.253,1.497,2.417,6.991,5.266,2.379,5.213,A1
2.667,6.481,0.471,1.495,0.646,1.725,5.566,10.812,1.436,2.02,A1
8.007,7.591,2.478,0.537,0.34,3.134,0.518,1.939,4.79,2.699,A1
1.83,2.143,8.018,0.075,1.223,6.476,3.996,5.097,2.011,0.29,A1
1.118,6.299,2.791,0.649,0.293,3.336,0.02,3.169,3.126,1.214,A1
4.136,1.884,4.449,0.056,0.312,3.959,4.337,3.897,6.392,4.12,A1
22.222,4.788,3.898,6.197,3.973,4.344,1.996,5.583,0.79,3.224,A1
3.367,12.672,1.735,11.633,0.229,7.173,7.622,7.321,5.074,3.316,A1
4.973,5.585,1.486,1.614,3.784,6.757,2.764,6.89,7.026,2.394,A1
2.041,2.257,4.624,4.736,10.694,2.761,2.065,1.996,0.993,3.469,A1
2.439,5.371,2.129,6.448,5.425,0.188,3.431,3.848,4.478,2.901,A1
0.407,12.16,0.917,1.918,3.806,3.891,3.163,2.907,2.909,2.492,A1
0.435,1.019,2.546,6.875,8.922,2.061,2.852,2.944,1.559,4.37,A1
5.701,13.213,4.311,2.217,2.785,1.036,1.737,4.328,6.535,3.874,A1
6.213,5.428,3.564,2.174,0.136,3.094,0.506,4.7,0.618,2.294,A1
26.519,3.094,1.844,6.182,5.887,0.914,1.033,5.552,5.948,3.809,A1
2.61,0.862,1.208,1.432,2.08,0.851,4.328,6.941,4.306,2.504,A1
0.891,4.119,1.759,1.382,1.867,4.375,0.136,3.875,2.126,0.561,A1
0.321,2.098,5.464,6.059,4.521,5.027,4.496,4.7,1.351,1.137,A1
4.033,3.535,5.53,4.171,4.645,2.069,0.658,5.31,8.363,2.585,A1
2.371,6.028,13.028,4.949,9.125,2.024,6.341,2.439,4.266,3.676,A1
3.891,2.311,3.215,4.738,3.059,8.505,5.319,10.053,0.589,9.079,A1
7.75,2.371,4.702,3.777,0.677,1.44,5.903,4.005,2.171,0.852,A1
2.769,3.336,2.148,2.345,5.279,5.815,2.449,7.88,3.452,2.229,A1
8.462,5.272,4.641,0.404,9.662,0.962,3.986,1.551,1.442,8.384,A1
6.754,3.822,6.439,3.198,7.086,0.612,0.516,4.2,1.529,6.87,A1
3.322,1.688,9.242,5.215,3.688,1.053,5.129,3.558,0.136,4.169,A1
2.61,3.123,2.048,4.75,8.307,6.316,1.742,0.62,2.391,2.575,A1
3.623,5.345,6.531,3.137,1.493,5.263,0.044,0.173,3.843,3.534,A1
1.984,3.35,5.684,0.293,2.585,6.581,4.6,8.409,1.498,5.583,A1
16.671,25.025,2.762,7.553,5.318,2.744,4.247,3.678,3.397,3.565,A1
15.362,7.85,3.514,1.851,1.721,1.944,2.655,4.076,2.377,0.452,A1
0.276,0.62,5.684,5.684,6.926,2.403,5.895,4.773,6.403,4.932,A1
10.011,2.926,11.747,2.691,5.396,1.366,2.693,1.586,3.711,3.202,A1
10.995,2.126,0.589,4.755,0.888,3.826,4.508,5.518,4.667,3.21,A1
4.164,4.204,0.881,0.12,2.495,0.578,5.931,2.997,5.994,4.884,A1
3.993,5.416,6.047,7.914,3.068,3.615,1.806,7.612,3.256,4.005,A1
2.371,4.162,3.407,0.798,8.602,4.924,4.736,1.015,4.089,4.286,A1
0.504,0.846,5.414,7.553,10.626,1.805,1.083,4.694,8.497,2.623,A1
6.225,0.151,1.517,5.362,4.336,3.817,4.017,6.866,4.188,3.282,A1
3.196,3.464,2.632,5.604,3.848,0.626,2.769,6.361,6.424,2.555,A1
8.104,2.112,0.478,11.614,5.517,4.133,3.95,3.114,8.369,5.283,A1
15.59,0.618,6.624,3.27,4.816,1.748,4.126,3.918,1.427,1.012,A1
6.185,1.301,6.851,6.799,2.507,5.408,1.707,2.588,3.263,1.337,A1
0.362,3.452,19.944,1.375,1.08,1.953,9.275,1.716,6.629,2.273,A1
7.819,9.456,1.372,6.405,3.767,1.369,3.431,4.013,3.975,4.302,A1
4.591,7.051,4.192,1.932,0.351,8.81,0.604,2.307,2.773,3.029,A1
2.496,3.735,3.464,0.722,4.692,0.225,5.637,4.525,2.096,2.617,A1
6.766,11.149,7.392,2.942,1.351,4.022,6.481,3.485,0.167,3.629,A1
2.013,3.592,2.055,5.561,0.806,4.048,3.395,2.271,1.417,2.798,A1
5.872,5.898,2.155,1.154,2.02,6.686,5.677,2.586,2.811,4.065,A1
12.345,3.706,1.906,4.617,2.069,7.967,5.151,2.911,2.016,1.152,A1
4.574,1.062,4.446,3.962,4.667,0.268,4.828,2.637,0.218,8.646,A1
6.726,9.484,8.26,0.566,4.005,1.289,6.353,4.69,7.287,0.502,A1
6.14,4.349,5.77,12.867,1.529,6.561,1.742,5.196,4.194,3.605,A1
0.008,4.691,8.894,8.559,1.511,2.824,4.921,0.018,2.719,2.745,A1
9.698,0.691,0.129,1.586,8.232,4.54,5.203,2.932,1.724,2.383,A1
0.578,11.166,0.279,1.78,0.636,4.739,1.804,5.009,0.597,2.803,A1
6.299,20.514,3.894,1.206,0.887,2.966,3.716,4.405,3.146,2.408,A1
3.493,11.462,4.873,5.158,4.93,0.794,1.377,6.514,7.335,4.09,A1
1.984,6.965,3.201,6.334,3.585,2.878,3.794,1.161,2.914,2.147,A1
20.087,0.905,2.995,8.488,1.173,4.275,5.485,3.893,2.377,4.571,A1
4.961,10.423,4.966,0.369,2.931,3.774,2.601,1.669,5.891,3.418,A1
6.128,6.996,7.1,8.388,1.634,5.206,1.745,3.55,2.167,6.124,A1
5.144,14.565,4.973,0.184,4.887,5.4,3.22,2.435,1.494,8.324,A1
5.884,0.407,1.609,2.202,7.936,0.234,3.891,3.363,1.698,1.516,A1
1.83,7.636,5.431,1.22,0.3,3.897,4.313,1.685,2.274,4.797,A1
1.318,16.97,0.357,5.755,0.944,4.463,9.973,2.728,3.478,2.686,A1
2.655,3.993,2.859,8.35,3.005,5.069,2.783,1.468,6.125,0.939,A1
1.005,9.769,1.681,4.083,3.382,3.373,0.43,4.895,4.243,4.125,A1
4.79,0.919,1.13,6.837,4.553,5.112,6.163,3.997,0.231,2.15,A1
18.379,3.936,5.748,4.56,1.038,3.74,1.877,1.277,0.974,5.387,A1
9.071,3.822,3.172,4.854,1.325,5.559,4.283,1.923,5.679,1.603,A1
6.043,1.714,2.712,2.596,0.935,3.717,3.81,1.96,7.237,6.203,A1
3.481,10.623,0.76,5.959,6.478,3.865,2.115,2.885,1.303,3.148,A1
6.299,0.191,1.692,3.825,2.098,4.947,0.096,1.508,7.04,2.302,A1
5.075,4.446,5.594,2.776,2.706,0.737,1.597,3.47,3.176,2.074,A1
15.464,3.094,0.49,6.045,5.101,9.905,1.825,2.757,1.399,5.45,A1
5.115,5.357,3.784,9.579,1.809,0.174,7.257,2.527,1.214,2.531,A1
8.234,0.333,1.031,5.589,3.831,7.218,1.448,3.123,4.537,4.335,A1
5.217,10.765,5.855,2.615,3.123,4.329,2.935,6.313,2.913,2.373,A1
12.02,6.908,7.855,3.241,10.544,5.163,3.625,5.424,3.631,2.025,A1
4.534,7.634,11.078,1.154,3.578,1.623,2.674,0.299,4.928,3.412,A1
19.489,10.822,8.175,5.404,4.51,6.652,7.674,5.227,0.901,0.001,A1
6.925,1.842,4.79,9.005,1.956,2.32,2.76,3.108,8.139,2.349,A1
5.303,5.53,17.24,6.662,9.331,6.669,1.431,0.248,2.13,0.588,A1
14.235,2.095,0.381,2.285,1.684,1.097,0.771,1.443,2.719,0.712,A2
11.652,1.547,1.762,1.732,2.496,0.412,1.39,1.717,4.834,0.073,A2
2.238,8.968,4.475,0.565,4.304,0.724,5.347,2.717,0.021,0.323,A2
6.653,7.397,4.288,4.457,1.921,0.226,1.065,2.713,0.269,0.407,A2
3.237,3.184,6.611,2.672,3.737,1.091,1.152,2.98,0.033,1.924,A2
7.915,5.564,1.922,0.827,6.625,1.712,0.753,1.842,0.507,4.424,A2
6.332,5.296,2.969,4.826,0.311,1.072,2.898,1.88,2.27,2.924,A2
6.772,3.327,2.244,5.975,2.726,1.119,0.717,2.221,1.346,1.773,A2
0.548,5.653,2.068,3.166,1.215,1.495,0.788,2.297,0.521,3.073,A2
2.809,6.832,0.158,2.404,1.369,2.515,0.277,2.3,1.537,2.127,A2
1.19,3.493,3.377,2.44,1.061,0.699,2.107,1.047,0.539,0.333,A2
2.38,1.476,0.012,0.303,0.1,1.481,1.381,1.055,0.417,3.946,A2
7.117,11.384,3.368,3.91,3.161,2.698,0.774,0.664,0.82,1.565,A2
0.024,1.434,1.181,0.952,0.247,1.994,1.381,0.978,0.318,1.297,A2
1.297,6.451,0.658,3.844,0.9,1.222,0.152,1.864,3.355,5.384,A2
2.702,4.112,1.047,5.522,2.577,2.263,0.542,2.045,1.088,1.387,A2
4.19,2.208,3.458,2.315,2.373,2.351,2.993,1.424,0.673,0.972,A2
0.655,2.702,0.173,0.482,0.872,1.309,0.64,1.953,1.146,3.672,A2
7.796,2.273,1.092,1.797,2.087,3.037,1.562,2.705,0.18,0.567,A2
6.915,7.451,4.487,0.173,0.568,1.629,2.434,0.159,0.889,0.385,A2
21.126,5.415,2.8,1.357,1.532,2.244,1.857,2.036,3.694,2.789,A2
8.45,8.224,3.734,0.054,0.354,0.838,2.235,0.368,2.625,0.552,A2
9.581,8.992,0.729,4.469,1.253,4.547,1.83,0.768,1.137,2.64,A2
5.046,2.291,4.308,4.112,3.313,0.115,1.779,0.535,2.226,0.125,A2
12.402,3.719,6.442,1.898,3.081,1.033,2.856,0.104,2.336,4.84,A2
0.012,3.083,1.467,0.428,0.144,0.965,0.845,2.788,2.83,1.369,A2
4.082,3.219,3.975,3.005,0.1,1.484,6.198,1.749,0.349,2.142,A2
2.845,3.19,2.434,1.143,0.057,3.147,0.375,1.962,2.545,0.268,A2
11.664,10.545,0.845,0.536,4.886,1.372,1.262,0.072,0.03,3.86,A2
3.773,0.649,1.681,4.939,1.046,0.92,2.22,4.511,0.176,0.645,A2
6.094,1.113,1.363,0.458,2.083,0.623,0.565,3.021,2.028,0.329,A2
5.094,2.618,0.068,1.285,0.372,1.772,0.777,0.994,0.428,0.494,A2
6.975,0.994,5.395,0.845,3.788,4.679,0.006,2.156,2.481,2.309,A2
7.629,6.469,1.488,1.006,3.527,1.936,1.72,2.283,0.061,1.25,A2
0.833,3.297,1.818,2.672,1.168,2.915,0.327,2.475,1.427,0.369,A2
10.093,7.117,4.814,3.047,2.73,0.719,3.463,1.073,0.729,0.502,A2
2.345,8.938,1.265,0.756,1.305,2.69,1.961,1.437,0.856,1.184,A2
5.832,11.134,3.452,2.124,1.385,0.838,0.131,3.113,1.537,1.246,A2
4.297,2.38,1.181,4.892,1.083,1.163,4.416,2.277,1.668,2.868,A2
4.594,4.564,1.163,1.988,0.198,0.249,3.419,1.271,1.26,0.165,A2
5.201,0.94,0.646,1.892,2.822,1.666,0.122,0.003,0.014,1.164,A2
1.559,3.886,3.835,3.809,1.864,4.593,3.696,1.027,2.197,0.188,A2
3.594,3.452,1.032,1.273,2.377,1.747,0.33,0.188,1.268,1.992,A2
7.01,1.291,9.26,2.154,0.283,1.254,0.146,3.503,2.913,1.962,A2
5.737,1.494,8.111,2.624,0.957,4.005,1.285,0.481,2.511,1.914,A2
1.833,1.976,0.747,1.387,0.921,0.609,3.059,2.69,0.675,0.022,A2
3.904,11.218,2.996,0.607,2.804,0.523,0.217,4.337,3.083,0.778,A2
4.13,0.97,0.184,1.863,1.886,8.224,0.789,2.134,0.744,1.393,A2
2.737,2.327,1.72,5.433,1.36,2.526,2.565,0.619,1.923,1.66,A2
12.949,0.417,3.324,2.077,3.6,0.612,2.166,0.532,0.492,1.214,A2
1.845,0.684,3.228,4.225,2.815,2.504,3.562,1.353,1.601,0.159,A2
6.51,2.969,3.163,1.44,5.871,2.333,1.895,2.522,4.417,1.734,A2
7.582,2.791,1.988,1.25,0.961,1.24,0.735,2.397,0.358,1.678,A2
4.654,0.149,1.788,0.196,3.06,4.533,1.187,1.858,1.236,3.158,A2
11.331,1.648,0.628,2.089,3.599,0.063,0.723,3.305,1.023,0.401,A2
7.201,3.868,1.952,4.731,2.703,1.123,0.476,2.427,0.079,0.133,A2
4.439,10.753,1.925,3.077,1.637,3.204,1.976,2.151,0.883,0.583,A2
3.88,0.797,0.664,2.642,3.019,2.994,2.633,2.072,2.59,0.109,A2
4.297,2.244,5.984,2.505,0.76,0.33,4.314,1.871,2.311,0.151,A2
1.381,0.244,1.279,4.683,4.529,0.616,0.515,2.271,0.956,0.571,A2
8.617,0.851,2.315,3.457,0.771,2.565,0.794,3.363,0.938,0.748,A2
6.296,1.97,4.183,2.154,1.381,2.576,2.946,1.088,2.827,3.581,A2
5.165,1.024,0.958,1.791,0.189,1.094,0.836,1.109,2.239,0.76,A2
2.202,2.077,2.36,5.249,1.452,1.477,4.433,0.785,2.505,2.712,A2
9.76,6.778,0.899,3.862,1.172,0.163,1.803,3.713,4.047,0.258,A2
22.447,4.493,2.136,1.803,1.925,0.19,0.301,0.858,0.9,0.625,A2
1.69,1.619,2.958,1.458,0.11,2.858,1.693,3.092,0.285,2.267,A2
1.226,13.771,1.628,4.755,2.708,0.417,3.133,1.11,2.145,1.422,A2
8.665,13.58,6.546,2.69,0.436,0.691,4.49,2.907,0.213,2.232,A2
14.592,4.868,1.541,0.744,3.023,1.465,0.714,0.47,0.068,1.303,A2
2.952,2.238,3.583,0.559,1.882,0.17,4.567,1.361,1.7,0.296,A2
1.654,12.937,1.77,0.339,5.787,3.669,2.428,0.973,1.784,0.726,A2
6.546,6.028,1.782,1.797,1.275,5.812,2.27,0.111,0.414,0.286,A2
4.951,6.975,3.701,3.172,1.119,1.404,1.366,1.141,1.722,0.901,A2
8.117,0.452,0.217,2.511,2.068,2.179,2.922,1.892,1.048,1.932,A2
9.724,2.011,2.297,2.535,1.247,1.016,5.148,3.062,3.558,0.813,A2
0.119,5.957,1.479,3.065,1.257,3.391,1.958,0.05,1.134,1.272,A2
3.202,3.094,1.253,0.494,2.266,0.374,2.83,2.96,0.083,1.363,A2
7.939,4.612,5.264,2.166,1.144,2.236,0.274,1.689,0.87,0.831,A2
9.01,5.683,2.693,0.012,0.731,0.049,3.559,2.434,0.832,1.345,A2
13.878,3.886,2.788,2.232,2.953,1.388,0.661,0.2,0.925,0.53,A2
4.939,1.523,5.109,1.839,4.866,2.861,1.116,0.733,2.786,0.216,A2
3.059,3.868,1.092,1.613,1.181,1.038,1.056,3.523,0.881,2.478,A2
5.475,5.344,5.046,0.309,1.367,0.174,1.095,3.003,3.549,2.0,A2
4.475,1.363,0.577,5.13,1.186,0.024,0.5,0.007,1.585,2.577,A2
10.045,9.557,1.988,4.076,2.554,1.666,2.264,0.476,1.487,1.155,A2
5.344,6.903,5.594,0.048,0.354,4.954,2.08,3.08,0.968,2.573,A2
11.378,6.487,7.492,5.582,1.997,1.59,0.833,1.162,1.434,1.089,A2
3.297,2.166,2.128,0.524,1.983,3.268,0.512,0.206,0.26,1.008,A2
13.402,8.01,1.904,1.565,0.373,0.644,2.395,1.287,1.643,2.144,A2
6.379,10.557,2.056,0.756,0.033,1.438,0.964,0.443,3.504,0.631,A2
0.666,3.44,5.701,3.636,7.107,0.64,5.02,2.069,1.869,0.718,A2
0.417,2.47,1.369,3.434,1.869,0.694,3.383,0.971,1.523,2.232,A2
6.618,1.541,2.261,0.232,1.239,0.501,1.336,1.565,0.255,1.327,A2
4.63,4.797,2.363,0.381,1.148,0.669,1.357,0.047,0.007,1.279,A2
0.845,0.155,0.988,0.286,1.22,1.901,0.232,0.544,2.217,1.027,A2
4.868,0.649,0.289,2.666,0.78,0.065,0.637,0.147,1.097,0.484,A2
6.272,4.291,1.056,3.243,0.418,1.876,2.244,1.323,1.311,0.799,A2
3.083,1.387,6.68,1.565,1.729,1.227,1.574,0.983,3.188,0.484,A2
6.153,0.434,0.64,2.125,2.953,1.472,1.238,0.759,0.925,1.769,A2
8.739,1.204,2.684,2.634,3.399,0.774,0.183,0.772,0.275,0.99,A3
1.878,6.531,1.739,0.944,0.806,0.595,2.296,2.169,1.041,1.755,A3
0.667,7.685,4.552,3.144,1.013,1.556,0.365,5.216,1.467,0.949,A3
2.257,8.202,0.059,1.056,1.351,5.187,4.444,0.127,0.375,2.153,A3
7.665,3.509,1.878,0.965,5.245,3.473,1.209,1.578,1.293,2.983,A3
2.753,3.727,0.547,0.766,1.799,0.384,0.339,3.024,1.868,0.397,A3
1.759,0.228,0.309,0.7,0.163,1.375,0.289,3.641,0.38,0.758,A3
5.059,8.758,2.744,0.95,0.264,4.914,2.701,1.655,0.463,0.559,A3
13.749,5.518,4.374,2.508,2.172,0.932,2.813,3.35,1.274,1.523,A3
3.628,5.14,6.829,5.351,0.115,2.566,2.2,3.003,2.031,2.79,A3
9.574,2.019,3.192,1.449,1.293,2.387,1.08,2.325,1.65,1.776,A3
0.309,2.455,4.057,3.237,4.612,2.288,6.226,1.459,1.155,2.508,A3
11.841,2.972,2.922,6.677,0.746,0.375,0.842,1.37,3.164,2.068,A3
1.502,0.705,3.906,1.846,0.567,0.005,0.783,1.729,0.593,1.584,A3
18.262,3.112,7.773,4.888,1.724,4.488,4.163,3.943,0.508,0.537,A3
4.166,10.428,7.357,2.184,3.107,0.015,0.305,0.891,1.053,2.675,A3
21.84,7.386,4.216,6.889,4.473,0.953,0.602,0.962,1.053,0.198,A3
0.407,0.825,3.599,4.424,4.528,4.312,1.096,2.03,0.924,0.532,A3
10.905,0.407,6.522,3.621,4.11,3.132,1.379,3.175,3.363,0.466,A3
7.445,6.909,4.881,0.097,1.601,1.564,0.677,0.749,0.924,0.835,A3
3.57,2.793,4.731,3.722,0.367,0.546,0.427,2.824,0.673,3.505,A3
9.137,2.098,10.021,0.261,1.565,3.791,1.8,0.134,0.449,1.243,A3
12.238,2.594,1.073,1.966,0.954,2.769,0.632,7.645,0.488,1.47,A3
4.185,2.952,6.274,4.577,0.129,1.413,2.549,2.859,1.21,0.053,A3
5.955,5.696,1.233,1.528,0.536,0.28,4.38,6.798,0.838,0.72,A3
10.568,1.222,7.805,0.223,2.044,1.546,2.133,0.407,2.495,1.012,A3
0.15,3.787,4.713,1.216,0.319,4.598,0.443,1.432,3.081,0.221,A3
4.503,0.367,2.903,4.907,2.763,3.045,0.71,0.969,0.131,1.303,A3
7.485,3.669,7.188,3.403,2.251,2.237,3.98,0.518,5.16,2.185,A3
11.223,2.336,8.41,5.472,3.853,2.312,3.656,0.013,4.05,0.447,A3
2.655,0.508,2.306,3.543,3.583,6.258,3.147,3.029,1.431,0.935,A3
11.342,4.96,4.106,3.383,1.691,2.579,2.455,1.995,5.145,0.373,A3
6.631,10.328,4.116,4.516,1.62,5.295,6.64,2.54,0.588,3.279,A3
4.662,0.864,0.955,0.13,1.55,3.97,0.042,1.963,2.168,1.306,A3
2.992,6.433,0.329,1.878,1.302,0.26,0.683,3.08,0.695,1.489,A3
10.051,4.185,0.458,4.476,1.679,10.29,0.789,2.181,6.507,2.433,A3
8.699,0.647,9.483,0.95,1.755,1.059,1.848,0.871,0.976,1.845,A3
1.223,10.05,3.618,0.135,0.079,3.024,2.135,2.036,2.35,0.564,A3
0.884,8.678,4.474,0.706,2.998,6.066,1.785,1.621,2.287,0.279,A3
11.78,0.766,1.87,2.15,1.84,0.118,4.606,0.481,1.175,0.345,A3
10.587,6.73,1.54,0.685,5.566,1.104,2.118,0.563,0.879,1.827,A3
0.269,2.198,1.551,2.104,0.009,3.97,1.484,0.488,1.917,0.078,A3
0.468,4.224,1.858,2.244,1.542,0.559,3.921,2.12,0.112,0.859,A3
8.121,0.746,1.58,3.682,0.193,1.437,0.079,4.349,3.278,3.06,A3
1.918,1.242,3.727,5.617,0.736,0.766,0.922,1.608,0.107,0.048,A3
1.441,5.955,3.371,1.528,2.097,2.332,0.74,1.845,4.007,0.8,A3
4.98,6.731,2.584,3.702,2.536,0.718,1.656,0.498,1.806,0.716,A3
1.839,4.662,5.677,2.349,5.289,0.619,2.163,0.907,0.895,2.388,A3
1.003,0.586,1.889,4.033,1.843,5.29,3.084,3.146,2.027,2.833,A3
8.222,1.005,3.548,0.978,1.958,0.793,5.305,1.587,1.496,0.193,A3
10.648,8.698,0.049,4.285,2.788,1.743,2.383,1.09,5.296,1.642,A3
13.551,4.006,3.886,2.76,4.274,2.63,2.458,2.848,2.503,0.477,A3
5.616,0.09,2.624,0.07,2.153,1.075,2.857,3.014,1.405,1.032,A3
10.091,5.279,4.027,2.821,2.46,1.524,4.079,1.608,3.143,0.431,A3
10.905,7.745,2.395,5.656,2.531,1.556,0.309,4.568,1.878,2.565,A3
5.298,4.165,2.546,1.124,4.841,0.331,1.169,3.815,0.559,0.769,A3
1.441,3.669,5.795,2.302,1.843,1.421,1.779,1.654,2.343,0.403,A3
15.16,10.051,4.881,1.893,1.282,4.161,1.139,0.657,1.083,2.142,A3
14.365,3.529,1.81,0.639,1.341,0.364,0.431,1.211,0.124,1.339,A3
5.24,1.401,2.605,0.455,0.402,0.567,2.271,1.447,2.429,3.705,A3
1.123,9.037,4.096,4.789,3.225,0.531,2.516,0.567,1.107,1.978,A3
8.222,2.277,0.327,0.309,4.917,2.447,4.556,2.817,4.248,3.494,A3
6.531,1.66,1.691,2.044,0.899,0.995,3.118,2.088,2.497,0.263,A3
7.247,0.089,3.748,2.203,0.004,1.331,2.047,0.667,3.499,2.548,A3
7.904,8.976,4.582,1.109,8.65,1.756,0.238,2.368,3.08,1.096,A3
3.927,3.152,0.158,4.584,1.103,4.014,4.839,2.009,0.846,1.947,A3
0.269,6.073,9.961,3.429,1.706,3.509,1.391,1.239,1.264,2.859,A3
7.883,1.401,2.843,0.347,3.33,0.854,1.711,0.753,2.603,1.836,A3
14.346,4.683,1.651,0.221,1.73,0.483,0.914,1.478,0.561,0.073,A3
5.001,1.124,1.053,3.436,6.73,4.467,0.319,0.067,3.01,3.34,A3
4.683,9.157,5.397,1.892,3.568,1.47,3.356,3.641,0.408,2.058,A3
9.534,7.843,0.198,1.587,1.799,1.206,1.651,1.51,0.544,1.228,A3
8.559,1.681,2.385,0.461,1.993,0.663,3.787,1.391,1.073,1.4,A3
11.939,7.367,9.703,1.038,1.098,1.14,1.782,1.373,2.152,1.92,A3
1.701,14.345,3.092,5.14,5.258,1.538,3.217,0.333,0.408,0.103,A3
8.461,2.098,0.805,1.707,1.65,0.236,0.46,2.144,2.388,0.919,A3
2.734,2.495,0.914,3.722,0.263,0.57,0.944,3.966,3.28,3.619,A3
13.431,5.517,4.772,1.752,5.2,3.446,2.408,1.675,0.122,0.531,A3
10.131,4.364,3.917,2.501,1.958,3.008,1.888,2.74,1.104,1.982,A3
0.208,12.894,5.22,2.9,1.154,3.649,0.152,0.709,0.73,0.758,A3
1.661,5.576,2.575,2.158,4.221,1.886,0.304,0.84,2.012,1.059,A3
9.137,6.472,3.121,1.369,5.278,0.019,1.303,2.603,1.532,0.128,A3
4.524,2.774,2.634,2.336,2.889,2.662,5.266,0.133,6.799,0.499,A3
2.236,1.699,5.18,0.791,1.049,3.14,2.475,0.226,1.474,1.231,A3
0.269,0.965,2.049,2.257,0.979,3.401,3.777,2.385,0.996,3.361,A3
1.719,6.254,4.265,2.574,0.354,0.852,1.693,0.465,0.37,0.858,A3
3.23,0.944,7.386,1.295,1.094,2.742,1.689,2.341,2.594,0.704,A3
13.948,6.989,4.534,1.09,0.15,0.546,1.858,2.499,1.78,1.376,A3
9.654,2.436,1.172,3.212,2.864,1.413,1.447,0.232,0.588,2.618,A3
0.049,2.157,1.341,2.019,10.07,1.375,0.52,1.221,1.745,0.576,A3
3.867,0.508,1.292,1.646,2.685,1.609,2.108,2.7,1.769,1.269,A3
10.449,7.268,1.939,0.4,4.483,0.697,2.672,0.271,4.705,0.385,A3
1.542,6.829,0.16,3.344,1.103,3.024,1.447,0.768,0.577,0.424,A3
5.2,3.509,0.776,0.148,0.273,3.45,0.001,0.326,0.895,2.901,A3
3.729,5.338,3.649,0.712,1.093,4.511,0.587,0.831,2.752,0.707,A3
1.223,9.296,4.224,1.216,0.591,0.809,1.445,1.475,0.162,2.373,A3
4.781,3.608,1.162,1.151,2.211,0.078,0.997,2.178,1.919,0.547,A3
13.927,5.378,3.538,0.647,1.566,2.109,2.273,1.09,1.789,3.563,A3
19.653,1.143,2.148,4.206,2.024,1.927,1.853,0.347,4.09,0.819,A3
10.825,4.683,4.504,3.794,1.85,0.873,1.385,2.696,1.35,1.228,A3
0.104,13.993,3.283,5.085,3.804,1.574,3.287,1.572,1.866,1.579,B1
8.896,0.677,7.07,0.869,1.946,4.933,6.563,4.75,2.752,1.102,B1
5.71,12.655,7.276,9.229,1.038,5.736,5.746,2.543,0.48,1.029,B1
7.919,2.147,2.03,2.667,6.23,5.902,3.262,0.08,5.258,5.115,B1
24.186,10.913,0.794,1.817,1.101,2.933,4.603,2.209,1.599,3.31,B1
10.854,1.659,2.359,4.844,8.604,2.907,1.382,2.193,1.354,3.265,B1
22.534,6.369,1.75,7.746,2.582,0.852,1.109,3.952,2.017,0.902,B1
4.351,11.402,2.147,5.979,3.146,10.646,2.656,0.29,1.145,0.304,B1
6.73,12.786,1.58,0.918,5.026,4.16,3.74,2.616,1.153,0.635,B1
13.997,8.369,2.546,4.901,2.599,1.306,1.672,0.917,3.582,3.891,B1
9.406,0.979,15.855,0.147,0.263,2.028,2.376,1.756,1.455,5.968,B1
22.487,5.031,6.331,5.172,2.195,4.3,0.692,1.721,3.647,1.319,B1
5.328,18.601,2.61,0.37,2.864,0.813,0.236,0.377,1.259,0.219,B1
5.795,3.91,5.477,2.65,1.563,8.586,3.025,7.605,5.213,4.405,B1
11.869,2.122,1.85,13.869,7.192,1.136,3.181,1.29,2.69,1.843,B1
10.382,2.848,0.384,3.898,4.128,0.907,0.292,3.212,5.28,0.642,B1
10.722,4.16,10.514,0.958,2.673,3.374,4.344,0.293,2.057,5.925,B1
10.595,6.985,0.862,12.142,1.176,0.461,1.386,0.007,1.268,0.236,B1
15.356,6.348,10.096,4.819,2.63,2.933,4.036,2.581,3.217,0.062,B1
12.888,10.535,5.067,0.944,7.664,0.809,0.154,2.592,2.659,6.374,B1
3.587,1.017,4.649,5.439,1.723,2.007,0.861,2.634,2.012,5.85,B1
6.433,0.996,5.662,1.411,4.334,0.924,0.285,2.026,2.854,1.29,B1
9.66,9.367,11.147,6.284,2.143,5.086,5.034,1.713,4.118,0.465,B1
16.588,7.494,3.718,0.904,0.549,2.287,3.202,2.24,0.757,5.618,B1
3.29,20.75,4.664,3.735,4.261,3.982,3.484,5.244,7.899,1.663,B1
7.116,2.253,0.136,3.304,0.587,2.139,4.723,0.964,1.234,2.291,B1
14.332,3.294,1.007,9.141,2.934,7.562,0.168,3.922,2.017,0.531,B1
2.062,7.668,4.436,2.749,0.141,0.108,0.59,3.317,1.072,0.811,B1
48.442,0.172,1.845,2.398,0.916,0.788,2.621,4.512,1.333,0.649,B1
4.649,5.672,2.695,5.283,7.17,2.266,2.911,1.355,0.055,1.062,B1
17.692,5.672,9.399,0.444,9.527,1.145,4.125,2.729,3.01,3.339,B1
0.954,4.649,3.332,4.433,4.563,4.007,1.06,2.623,7.249,2.813,B1
13.228,10.319,8.242,3.445,0.624,1.595,0.919,1.46,2.752,3.147,B1
12.34,11.491,2.398,4.405,4.515,5.859,0.926,3.937,1.538,1.321,B1
20.75,0.975,11.491,0.713,2.599,8.267,1.86,3.769,0.529,1.274,B1
0.958,1.404,11.051,2.756,3.995,1.531,0.168,3.455,0.932,1.845,B1
8.348,15.483,6.666,7.693,1.506,9.121,4.992,0.562,4.682,2.109,B1
23.936,10.79,5.742,0.483,2.334,1.395,1.884,2.637,1.616,4.5,B1
4.695,7.388,1.977,10.8,1.563,0.741,2.872,4.77,0.546,1.52,B1
0.618,10.828,5.902,0.483,3.332,2.691,4.082,2.875,3.965,0.732,B1
3.162,4.309,8.529,3.081,2.058,0.452,1.014,0.993,0.632,0.793,B1
19.684,0.89,0.136,1.017,2.434,4.063,0.144,2.745,3.941,0.673,B1
23.171,7.074,7.01,10.125,2.297,3.43,0.277,0.574,4.986,0.387,B1
23.511,4.882,2.759,5.038,8.3,0.52,7.106,2.587,0.127,3.865,B1
2.822,5.01,1.085,5.517,2.832,7.278,4.058,1.745,5.133,0.788,B1
14.46,17.879,11.449,0.097,0.29,2.504,0.6,4.201,2.763,3.945,B1
16.715,4.632,7.063,2.848,1.479,2.024,2.65,1.27,0.711,1.454,B1
2.869,3.761,1.308,8.549,6.771,3.854,0.062,1.821,1.125,1.055,B1
14.46,1.463,2.621,3.995,3.178,1.213,1.336,2.438,1.337,0.231,B1
0.231,4.122,2.748,6.645,0.067,2.164,3.633,3.218,1.77,2.289,B1
12.383,16.541,3.576,0.656,6.602,5.727,1.991,3.148,1.696,0.04,B1
3.459,23.808,2.88,0.685,0.561,0.07,3.818,2.493,1.211,1.029,B1
6.178,1.272,3.538,8.815,3.911,0.622,2.943,2.125,3.462,1.008,B1
10.85,6.331,9.973,4.932,3.868,0.648,9.898,2.199,0.654,1.416,B1
8.004,13.445,1.053,2.374,1.484,2.895,1.509,7.625,0.285,0.654,B1
4.483,7.452,4.574,4.79,0.076,9.138,2.547,5.51,5.522,0.666,B1
27.503,2.72,0.459,0.288,3.751,5.838,3.382,3.894,4.658,0.469,B1
10.17,2.359,9.208,3.216,2.726,1.03,3.05,6.12,0.095,0.394,B1
8.174,0.975,5.838,4.769,7.35,2.682,4.475,3.97,0.168,0.338,B1
20.279,4.249,12.113,0.055,1.755,5.231,2.65,1.791,2.858,1.392,B1
14.422,12.001,4.664,3.551,4.796,1.705,0.77,2.432,0.561,2.69,B1
16.923,13.933,7.764,6.791,2.981,1.255,4.246,3.312,1.879,5.023,B1
2.992,1.145,1.58,6.692,6.555,3.918,0.557,1.339,3.011,2.301,B1
11.788,1.446,0.433,5.814,0.64,2.415,1.251,0.844,0.676,1.005,B1
0.486,9.384,4.086,1.251,9.252,3.914,2.518,2.079,1.635,2.709,B1
10.765,10.854,9.289,0.699,9.039,0.049,3.212,3.16,2.984,2.746,B1
2.695,5.88,3.549,0.486,1.93,5.876,1.669,2.014,0.76,3.206,B1
12.549,9.13,2.954,2.664,5.635,4.751,0.897,8.491,2.817,4.634,B1
4.564,0.147,3.555,3.074,2.933,1.65,1.679,2.505,2.307,1.184,B1
13.487,5.859,9.028,0.939,3.327,1.077,5.226,6.569,3.712,2.753,B1
5.46,1.973,0.04,2.848,2.881,2.253,2.029,0.404,1.983,1.595,B1
10.17,4.356,5.025,6.897,0.072,2.092,1.042,4.588,0.765,0.026,B1
7.456,4.695,1.818,3.973,6.049,9.669,2.374,3.509,2.663,7.655,B1
9.66,6.687,2.689,8.567,5.943,0.801,4.363,0.897,1.359,2.844,B1
4.186,4.67,6.581,1.867,4.902,8.463,0.745,0.131,1.067,5.349,B1
5.545,8.306,5.987,2.723,3.957,6.73,0.486,3.876,2.742,0.719,B1
13.865,0.826,0.225,5.049,1.208,2.334,0.026,3.157,4.938,0.382,B1
7.579,2.742,4.84,6.062,5.312,3.294,0.154,1.845,1.157,0.332,B1
7.456,8.603,8.348,0.302,3.379,0.38,2.79,0.339,0.94,4.08,B1
7.074,6.326,2.72,6.886,4.41,0.609,1.722,2.971,0.473,0.826,B1
9.028,5.307,4.249,5.286,2.987,2.249,1.07,0.806,0.432,1.14,B1
9.92,4.738,4.001,7.317,3.4,0.164,2.844,1.545,3.599,4.183,B1
9.113,5.269,6.532,0.406,0.023,5.906,4.391,0.609,2.562,0.696,B1
6.267,3.761,0.253,7.612,3.878,1.191,0.316,2.341,3.777,5.212,B1
1.803,9.045,7.53,5.035,1.85,6.679,6.057,2.39,1.161,3.178,B1
0.444,0.873,1.676,0.451,5.396,3.51,1.634,3.775,3.847,1.408,B1
8.004,11.253,4.589,8.447,3.109,3.71,5.4,9.003,2.508,4.813,B1
0.745,6.433,3.81,9.594,1.722,1.145,2.681,2.584,4.536,0.498,B1
9.448,20.771,3.867,0.946,1.293,0.635,1.828,1.507,3.037,0.689,B1
3.587,8.684,5.626,7.23,5.594,1.336,3.846,0.488,3.878,2.008,B1
13.7,2.95,0.087,4.642,1.303,0.567,3.063,0.562,5.295,2.796,B1
6.135,7.053,6.411,11.066,3.465,1.909,0.423,3.494,0.084,0.576,B1
4.398,2.933,5.046,0.646,4.202,6.309,3.202,0.378,3.923,0.753,B1
7.112,9.601,4.744,6.323,6.024,2.24,1.028,2.059,5.912,0.012,B1
1.336,10.149,3.761,4.95,3.497,0.363,0.416,3.52,2.062,0.732,B1
19.344,5.477,2.062,0.222,6.863,4.751,1.138,0.165,0.111,0.123,B1
2.185,4.695,12.188,1.382,1.336,3.039,0.742,1.012,3.466,4.7,B1
14.761,5.817,4.532,0.359,0.533,0.091,2.296,0.799,2.328,1.123,B1
8.603,4.398,6.634,1.559,2.434,7.898,4.535,4.755,2.159,0.498,B1
10.17,5.948,6.32,0.727,3.342,0.159,1.839,4.072,3.783,5.668,B1
0.931,9.181,6.784,1.407,3.512,0.336,5.164,1.537,0.794,2.06,B2
21.249,5.451,3.239,3.891,5.16,9.342,4.062,0.87,5.148,1.261,B2
7.254,3.304,11.364,4.541,0.324,2.876,1.865,2.324,3.902,0.672,B2
15.961,0.925,3.143,4.525,0.574,6.16,6.692,3.052,3.254,6.217,B2
15.396,10.59,0.675,0.677,0.877,0.373,3.415,4.256,2.796,3.013,B2
4.167,1.329,3.239,2.89,1.639,3.548,2.874,9.404,2.65,5.353,B2
6.165,3.143,10.769,2.868,3.322,1.283,1.208,2.064,5.377,4.666,B2
6.159,2.62,2.198,4.787,3.251,1.734,1.712,0.044,3.539,1.081,B2
13.535,9.894,2.031,1.282,7.64,2.496,0.75,5.4,1.294,0.417,B2
11.06,7.944,9.276,4.428,5.594,0.863,7.587,2.671,2.855,1.933,B2
26.959,6.332,10.674,4.206,4.833,1.748,5.542,2.723,0.366,0.536,B2
15.349,5.642,6.343,2.614,0.996,0.549,2.457,1.369,5.16,1.282,B2
24.199,24.271,9.662,8.142,6.385,2.115,4.238,5.094,6.617,1.62,B2
23.723,15.515,17.847,6.286,9.032,1.882,1.99,2.923,9.868,8.525,B2
5.166,1.645,3.381,4.341,1.96,3.405,0.727,5.988,3.789,1.343,B2
13.065,19.488,3.364,1.948,0.437,4.527,0.957,1.251,4.06,2.554,B2
3.405,8.116,0.776,3.461,0.288,1.486,0.74,4.561,0.714,2.894,B2
23.581,11.471,7.997,0.733,4.595,5.941,0.707,1.485,1.195,7.735,B2
36.422,5.451,6.998,1.068,0.544,0.463,2.323,3.344,0.58,1.782,B2
3.643,3.923,3.447,0.624,2.293,1.316,3.12,6.872,0.479,0.034,B2
14.016,10.323,5.005,6.72,4.482,7.425,4.523,3.745,1.493,3.019,B2
4.214,4.898,2.876,7.735,1.883,0.635,7.799,2.281,1.963,7.725,B2
4.833,10.329,7.765,0.637,3.114,3.548,1.296,0.696,2.522,7.236,B2
1.93,15.206,5.196,8.38,0.628,4.685,0.021,1.033,4.378,0.304,B2
11.584,6.112,4.131,0.854,4.714,4.903,2.105,5.896,4.068,0.45,B2
10.448,2.424,8.467,3.598,0.033,6.154,3.526,0.367,0.164,0.428,B2
26.715,6.76,3.34,14.27,4.761,4.714,3.498,0.268,0.104,4.357,B2
14.159,1.05,16.11,1.779,5.903,1.058,3.592,1.502,3.37,5.954,B2
4.208,4.737,0.961,6.91,5.523,3.172,1.621,0.73,0.104,6.992,B2
5.35,2.329,2.572,0.378,2.65,2.219,4.083,4.323,2.807,0.006,B2
16.253,20.268,0.241,2.723,0.758,6.56,0.294,1.21,3.164,3.87,B2
29.529,3.548,2.715,9.863,0.877,3.591,0.306,2.559,3.545,0.045,B2
4.452,14.153,2.513,0.417,0.586,6.255,1.367,6.196,0.574,1.129,B2
3.399,10.608,6.492,3.294,1.597,7.03,5.19,2.26,1.16,4.113,B2
6.112,4.642,3.53,8.053,0.776,3.675,1.327,4.552,1.392,6.295,B2
9.639,6.088,4.202,2.083,4.327,1.645,2.356,4.147,1.371,4.135,B2
21.059,16.729,4.208,1.091,5.344,2.329,1.429,2.427,1.368,3.547,B2
13.963,4.928,9.543,6.419,0.3,5.241,1.347,1.539,6.216,4.032,B2
8.062,6.831,1.05,10.117,8.205,12.96,7.628,0.19,0.003,1.145,B2
16.675,0.235,0.514,4.436,1.103,5.822,3.161,3.861,1.026,1.692,B2
1.074,1.264,0.657,3.55,9.442,0.674,3.492,3.378,2.067,6.535,B2
5.541,0.021,3.679,3.36,3.857,6.165,0.251,5.112,1.948,5.313,B2
1.448,7.944,5.356,4.399,1.96,3.743,0.865,0.357,4.297,0.587,B2
31.527,8.663,10.602,0.193,5.154,5.883,3.027,0.299,1.466,1.964,B2
8.158,5.142,1.692,1.631,3.263,6.893,1.383,5.088,2.644,2.345,B2
14.778,0.402,10.62,2.027,2.727,0.622,2.521,2.987,0.958,2.498,B2
4.684,6.451,8.271,4.502,3.114,4.494,2.265,6.253,0.018,0.225,B2
4.97,16.057,5.981,3.175,1.347,4.37,5.814,2.284,3.218,4.981,B2
14.159,13.725,1.662,3.572,3.149,1.529,2.206,0.004,0.318,5.142,B2
22.861,3.762,9.044,0.169,2.733,3.257,1.167,0.482,6.953,0.536,B2
14.391,17.085,6.117,0.988,1.656,4.989,1.07,3.317,3.533,1.362,B2
23.051,17.538,6.95,1.867,14.195,2.615,4.761,3.039,1.624,0.537,B2
4.928,8.164,8.3,2.019,0.562,3.391,6.022,1.104,2.558,5.549,B2
29.618,6.617,4.648,0.179,1.734,6.145,1.77,1.328,5.624,1.652,B2
19.203,7.521,7.378,1.361,1.216,6.769,0.81,4.347,1.243,3.724,B2
3.257,12.874,7.807,16.427,1.306,4.013,4.817,1.06,0.033,6.03,B2
2.495,9.091,5.63,2.707,0.961,0.516,3.231,0.537,0.794,1.214,B2
9.115,5.356,8.592,6.903,1.264,11.314,1.672,0.932,1.089,0.066,B2
1.454,0.473,20.137,2.701,0.503,1.902,1.175,3.348,4.503,1.002,B2
16.062,0.854,1.43,8.404,2.459,4.332,5.223,1.257,8.098,3.178,B2
13.921,4.238,10.412,6.476,5.951,3.419,0.078,0.874,4.984,0.716,B2
0.645,1.853,1.27,5.096,0.788,1.131,2.493,0.864,2.293,3.896,B2
11.161,0.622,3.518,2.337,0.366,2.62,5.045,1.826,1.776,4.825,B2
15.444,3.714,5.998,2.731,1.752,0.911,4.381,1.017,0.738,1.882,B2
3.595,9.091,1.234,8.156,2.543,6.53,2.299,1.023,1.564,1.245,B2
5.731,22.391,5.249,2.083,2.995,0.217,3.247,0.548,2.352,0.037,B2
28.958,3.667,0.235,5.737,6.754,13.626,0.598,2.563,2.412,4.906,B2
6.397,2.257,11.655,3.929,6.76,4.199,2.531,3.969,4.687,1.155,B2
28.053,21.886,2.186,7.19,4.042,1.968,0.413,3.018,3.5,0.233,B2
22.623,1.43,11.263,0.685,1.276,0.35,4.767,2.885,2.034,2.927,B2
8.491,14.177,0.473,4.732,0.015,7.568,1.764,6.464,0.741,0.943,B2
11.78,2.834,4.839,3.542,5.112,2.325,1.777,0.608,3.396,2.101,B2
4.018,1.258,4.648,1.502,3.411,3.418,0.836,4.956,3.634,4.079,B2
0.354,17.984,5.065,2.295,0.889,0.955,2.979,4.993,3.066,2.186,B2
2.263,9.442,14.028,4.716,1.639,4.979,1.996,2.436,1.749,0.923,B2
6.022,5.285,5.63,2.097,5.35,3.794,8.992,0.516,4.821,2.027,B2
15.914,3.828,0.919,5.396,0.532,5.584,7.224,2.572,2.724,4.166,B2
7.164,6.165,6.843,2.406,5.588,0.449,3.921,4.524,3.28,0.312,B2
2.739,2.335,6.873,13.638,0.978,1.392,0.217,1.937,2.685,1.467,B2
10.114,3.114,0.033,8.324,0.639,4.784,2.561,2.47,3.536,5.028,B2
8.164,6.183,2.335,1.256,4.41,1.273,0.667,3.467,2.81,0.185,B2
0.592,2.311,5.564,2.961,3.893,1.491,2.396,0.601,2.617,0.46,B2
8.449,21.368,0.836,5.834,5.642,7.516,3.869,3.041,5.032,6.355,B2
1.645,3.994,4.416,8.657,1.068,10.613,1.847,4.806,10.715,0.204,B2
1.264,6.635,0.639,3.241,0.592,2.486,8.324,0.109,1.344,4.568,B2
27.34,1.026,18.775,0.598,2.572,4.371,3.34,3.776,0.271,2.437,B2
2.4,10.4,12.767,0.846,3.946,5.88,3.558,0.412,2.21,2.041,B2
0.74,0.425,0.574,5.271,3.084,3.072,1.179,2.692,5.517,3.231,B2
9.49,2.234,8.854,2.184,2.691,1.677,0.431,2.468,0.913,1.454,B2
0.027,2.834,1.906,2.987,4.077,7.726,1.193,8.185,3.334,1.259,B2
16.675,7.331,11.221,2.929,0.378,4.309,5.293,3.314,4.773,0.856,B2
6.546,1.9,22.653,0.013,0.824,1.882,1.787,3.514,1.142,0.978,B2
1.311,8.735,4.803,7.283,1.954,7.277,0.043,10.391,3.191,2.323,B2
7.634,2.001,3.714,0.249,7.848,2.154,4.708,1.819,1.945,0.309,B2
11.964,3.233,11.239,7.117,3.732,6.627,7.668,5.207,4.175,0.531,B2
4.5,0.164,0.77,6.514,0.425,3.985,4.523,0.605,3.899,0.708,B2
2.216,22.671,5.427,7.569,7.022,2.596,0.082,2.824,1.196,1.882,B2
5.356,1.877,1.716,0.568,5.517,0.82,5.491,3.069,5.671,5.789,B2
2.067,1.068,8.158,15.454,9.038,0.84,4.299,1.238,1.478,1.647,B2
6.207,1.502,2.543,13.13,13.344,6.189,2.146,2.22,0.535,2.26,B2
8.33,13.603,1.581,3.741,0.244,0.531,0.248,1.753,3.551,2.912,C
1.029,3.53,2.426,3.785,6.617,2.266,1.746,2.104,0.889,1.73,C
1.029,12.357,5.062,1.337,3.637,1.394,1.156,0.092,0.081,2.482,C
1.991,12.048,0.285,0.857,2.268,0.542,1.307,1.032,1.182,5.283,C
7.67,5.04,3.568,3.305,4.684,0.404,4.15,0.9,0.792,1.68,C
0.218,4.695,6.07,3.816,2.296,1.971,2.577,2.113,1.058,0.763,C
2.516,8.391,1.427,2.224,1.349,3.025,1.938,4.972,1.891,0.273,C
13.333,10.696,3.722,8.593,1.265,1.247,2.873,4.376,0.623,0.05,C
7.203,1.495,5.033,0.797,3.844,1.869,1.712,0.201,4.42,0.02,C
2.487,2.802,0.323,1.623,3.784,2.011,2.025,1.19,2.753,2.198,C
7.219,6.572,12.605,4.567,0.606,2.408,0.759,2.87,3.419,0.524,C
2.471,6.279,0.544,0.353,2.56,1.558,2.419,2.693,0.642,2.905,C
15.541,4.087,4.751,2.035,4.719,0.988,1.946,0.5,3.15,3.803,C
8.436,2.246,1.975,1.675,4.341,1.236,4.631,1.908,2.222,1.097,C
21.355,5.581,2.137,0.511,1.912,1.545,1.42,0.33,0.268,2.048,C
7.789,8.6,4.571,3.162,3.18,1.38,3.095,5.133,2.46,0.596,C
7.489,1.232,8.882,7.954,2.499,3.298,0.282,0.961,2.944,0.804,C
9.502,0.443,5.416,1.908,6.876,4.81,1.081,1.37,0.823,1.272,C
13.333,9.269,5.153,7.181,1.879,2.714,1.66,3.414,0.963,3.666,C
8.075,1.727,0.578,6.618,3.737,0.544,4.604,0.545,1.71,1.998,C
7.219,8.21,3.316,2.073,4.149,2.89,2.557,0.758,1.508,1.094,C
10.329,5.619,3.118,3.447,3.523,2.915,0.105,3.195,0.082,0.373,C
1.089,3.072,3.53,1.247,4.465,0.639,1.911,0.127,1.812,1.57,C
5.851,15.811,6.363,1.247,1.546,0.256,0.928,3.256,1.864,1.663,C
11.124,11.462,1.18,7.789,2.888,0.709,3.038,1.17,3.922,0.981,C
19.883,8.639,4.605,6.34,1.079,0.238,0.353,2.139,0.106,2.303,C
8.6,0.06,1.202,4.852,3.089,0.943,1.356,5.474,1.268,0.311,C
1.344,0.842,6.595,4.266,8.814,2.68,0.763,1.595,0.037,1.787,C
5.491,2.313,0.972,2.727,0.443,1.164,0.763,4.553,2.178,0.253,C
7.129,0.848,2.798,0.42,0.336,0.116,2.302,5.909,1.151,1.182,C
10.764,2.216,0.42,4.221,2.858,3.891,1.325,0.272,4.064,0.464,C
8.841,2.464,2.013,3.297,0.105,2.162,2.201,0.108,1.23,1.985,C
3.163,16.442,8.188,5.603,2.167,0.81,3.665,5.02,0.899,1.36,C
0.263,5.491,2.843,2.711,1.502,2.183,0.733,0.034,0.763,2.041,C
1.45,3.478,1.75,2.381,3.057,2.55,3.481,1.393,0.397,0.226,C
1.434,3.688,2.622,3.335,5.868,1.669,3.414,4.463,0.812,1.443,C
5.265,1.968,7.057,5.138,1.135,0.039,0.743,1.994,1.295,1.988,C
18.831,3.072,4.623,5.063,1.551,1.826,1.052,1.933,2.639,1.771,C
8.014,2.268,3.568,0.526,1.699,2.838,2.28,1.402,0.699,1.242,C
7.715,10.576,2.663,4.68,1.168,2.25,2.572,2.297,0.937,1.73,C
3.388,2.471,0.781,1.307,3.468,1.103,1.923,1.93,0.684,1.057,C
1.765,1.795,3.884,3.297,1.901,0.598,1.16,1.611,3.732,0.375,C
4.139,13.378,0.673,3.861,0.595,1.892,2.925,3.108,1.12,3.949,C
5.265,17.501,4.071,3.343,0.104,1.576,0.064,1.292,4.677,1.968,C
6.453,4.454,6.441,3.846,1.925,4.069,1.739,0.98,2.216,3.205,C
13.468,9.705,7.733,1.187,2.308,2.079,0.623,1.573,1.474,1.843,C
8.346,1.901,1.349,1.54,0.465,2.414,5.397,2.651,1.636,2.532,C
2.667,13.085,0.853,3.049,0.634,0.551,2.442,1.138,4.082,1.61,C
16.848,1.044,2.065,1.3,6.381,2.865,3.557,2.828,4.399,1.074,C
3.163,3.147,2.358,2.171,2.047,2.369,0.912,1.042,1.689,2.599,C
6.002,3.102,5.901,4.192,2.819,1.5,1.071,1.91,1.601,0.017,C
14.279,4.943,6.043,0.293,0.385,1.583,3.703,2.947,1.46,1.858,C
15.135,0.848,1.506,5.889,3.277,0.274,0.785,3.024,0.778,6.853,C
3.568,4.139,7.692,5.649,2.008,0.427,0.897,2.76,2.596,0.353,C
5.912,6.798,7.924,4.056,1.354,6.867,2.584,0.903,2.665,1.993,C
6.707,10.779,0.053,2.944,1.028,3.712,7.358,1.035,0.17,2.248,C
2.922,2.426,0.459,2.171,0.284,3.016,0.564,0.987,0.261,3.61,C
22.001,1.029,1.975,2.629,2.12,0.132,0.402,1.579,0.409,0.321,C
21.355,2.291,9.596,4.875,0.178,0.366,0.529,1.666,3.648,2.681,C
1.585,0.842,6.081,1.817,3.868,2.453,2.738,2.078,2.479,0.851,C
7.129,7.902,0.526,1.976,0.346,0.224,0.556,1.823,4.296,1.963,C
6.633,0.195,5.45,2.366,0.177,2.291,1.484,0.153,0.706,0.769,C
11.89,0.871,2.881,0.721,2.881,1.173,0.072,2.477,0.616,1.522,C
10.779,0.781,5.141,6.204,2.251,0.287,0.492,2.345,1.598,0.703,C
17.389,7.85,0.432,9.907,4.234,0.625,2.888,1.878,0.059,1.735,C
6.858,1.908,0.143,8.3,6.989,11.98,0.301,0.749,0.636,3.123,C
6.047,1.141,0.075,1.78,2.689,0.472,0.022,3.807,0.137,0.969,C
0.623,3.012,8.105,0.894,6.295,6.399,3.924,4.985,1.046,1.695,C
3.057,4.837,3.755,3.297,0.572,4.977,1.919,2.29,2.884,0.448,C
0.894,3.395,3.568,0.428,3.749,4.898,3.128,3.491,2.574,0.661,C
16.278,2.577,1.991,6.805,0.537,1.378,1.622,1.759,1.284,0.285,C
16.503,7.602,5.315,0.976,2.443,1.583,0.729,2.204,0.587,1.087,C
12.026,5.13,4.409,2.457,6.561,1.583,3.317,0.784,1.106,4.4,C
2.065,2.561,8.871,2.599,0.864,5.524,3.643,2.503,1.984,0.724,C
6.482,1.856,6.279,0.052,2.674,2.642,5.21,2.342,0.039,3.133,C
1.93,8.481,0.274,5.296,3.349,1.31,0.037,1.279,4.371,2.975,C
9.607,0.256,0.623,9.78,2.646,3.616,0.879,1.251,3.836,2.706,C
1.84,3.974,9.13,0.067,3.891,0.283,1.427,0.427,0.242,0.649,C
8.736,2.201,0.285,0.248,3.202,3.417,0.848,1.489,2.709,3.36,C
4.454,4.386,6.374,4.237,0.657,2.038,3.091,0.163,2.502,2.018,C
7.67,5.4,5.687,3.914,2.689,1.446,0.992,2.783,2.079,4.019,C
23.879,3.237,0.549,0.638,7.406,0.368,3.831,0.851,1.586,1.259,C
4.38,3.079,2.719,2.884,6.037,1.398,2.547,5.526,1.967,3.248,C
2.516,2.809,3.963,3.779,7.326,0.975,0.586,1.492,3.425,2.684,C
0.398,0.233,8.206,5.31,3.371,3.147,0.113,0.198,0.737,1.157,C
10.329,8.391,6.07,4.92,0.099,0.03,2.37,2.838,2.022,2.667,C
11.8,0.263,4.127,3.47,0.156,0.695,0.263,3.25,1.955,2.121,C
4.56,7.361,1.822,6.234,3.671,1.177,0.166,2.229,0.495,4.547,C
2.516,5.716,4.634,1.427,4.099,1.398,1.521,0.41,4.634,2.438,C
7.293,1.57,4.938,5.002,2.527,4.806,4.108,2.963,2.122,0.611,C
0.909,5.288,1.502,0.082,0.751,2.973,0.804,3.056,1.203,0.328,C
12.702,1.795,1.941,1.186,6.122,0.287,1.292,2.484,2.581,1.52,C
6.498,2.667,8.808,2.299,6.685,1.141,2.284,2.867,1.825,0.195,C
4.769,0.211,3.8,0.834,2.188,2.212,2.761,2.783,2.926,0.083,C
9.547,0.623,1.822,10.449,1.146,2.877,0.244,1.164,1.458,2.937,C
3.794,3.395,5.112,1.735,3.564,4.756,0.897,4.096,1.386,3.886,C
9.727,5.056,1.833,1.885,2.937,2.795,2.543,4.65,2.97,0.007,C
4.815,3.546,7.162,1.758,0.832,0.918,0.917,0.632,0.223,0.474,C
12.672,1.022,4.984,5.543,2.989,0.447,4.135,1.541,2.033,2.631,C
3.523,0.413,8.713,2.832,2.15,5.423,0.033,0.968,2.439,1.618,C
