# Percent Error Rates for Total Sampled Time (minutes) analyis; TTS: 30 min - 180 min, sampling interval:30 seconds
30,40,50,60,70,80,90,100,110,120,Transcript,130,140,150,160,170,180
7.654,8.103,10.352,11.69,10.092,7.457,13.274,1.034,6.773,0.659,A1,2.685,6.412,3.981,0.547,1.712,4.976
6.435,3.502,1.979,5.215,5.835,2.686,2.345,9.965,3.715,0.982,A1,1.749,3.935,0.073,2.157,1.592,0.746
8.802,1.206,11.385,9.52,3.329,6.381,4.593,4.82,3.324,1.924,A1,1.484,8.057,5.459,10.302,0.041,0.925
3.574,18.515,3.507,17.914,1.3,10.174,6.3,0.322,1.973,10.13,A1,0.466,0.668,3.68,1.018,3.662,8.898
3.502,1.511,4.047,3.233,6.681,4.968,10.859,13.387,1.533,5.69,A1,4.291,4.582,0.804,0.758,1.244,4.506
0.202,1.35,8.135,3.439,14.352,13.322,0.19,8.06,0.34,2.677,A1,3.83,4.273,5.983,2.776,1.851,5.508
7.367,9.744,1.786,1.52,5.265,5.278,6.734,0.677,1.289,6.39,A1,2.453,4.036,8.429,7.363,8.144,4.36
2.847,5.52,8.244,1.789,6.389,3.897,0.453,6.704,8.421,6.022,A1,5.483,11.293,5.359,1.785,2.054,1.054
5.0,9.502,18.122,17.878,0.408,7.753,2.294,7.265,2.287,1.161,A1,9.763,2.022,0.932,5.217,3.491,0.315
1.96,21.474,4.67,6.453,1.544,1.596,9.675,8.716,0.609,3.35,A1,1.526,2.368,8.989,5.5,0.693,7.272
12.677,1.081,2.948,5.027,5.265,8.843,5.188,1.796,8.352,7.735,A1,4.572,5.566,2.718,9.65,1.738,0.868
5.681,5.054,6.069,4.39,3.866,0.211,5.0,4.939,10.71,0.794,A1,6.493,6.35,8.3,8.399,5.112,4.414
10.991,0.247,0.042,10.058,4.897,1.327,2.223,3.335,0.565,0.596,A1,11.178,2.859,4.555,0.486,0.7,1.729
1.852,0.211,1.056,5.753,2.299,5.928,4.533,9.62,5.603,7.556,A1,3.579,4.751,2.835,2.762,2.896,0.357
6.157,5.574,4.844,2.632,0.945,9.623,4.641,6.049,5.505,4.39,A1,5.723,4.513,2.962,0.056,6.232,2.686
15.941,5.681,9.213,9.807,12.369,7.349,5.311,0.128,7.266,8.829,A1,10.855,1.884,2.446,2.258,9.929,2.704
5.681,1.484,2.69,0.184,3.529,7.583,11.23,0.388,8.499,9.753,A1,0.383,2.252,5.265,4.471,1.744,4.82
4.722,12.65,6.264,1.17,5.034,18.354,1.137,14.119,5.222,4.435,A1,7.974,9.387,0.883,2.224,10.296,2.058
0.166,1.942,3.96,10.65,8.433,17.304,18.655,3.152,3.519,14.129,A1,0.706,8.795,5.323,1.881,1.092,3.989
19.421,2.444,15.604,1.511,11.554,1.229,0.719,10.46,2.326,0.058,A1,0.847,0.408,3.106,5.56,2.06,2.946
6.112,2.641,0.022,1.009,1.867,5.471,5.825,12.924,11.424,5.825,A1,7.47,4.413,0.932,1.791,6.15,0.743
8.157,5.672,16.056,2.955,0.361,5.471,13.406,5.866,8.998,13.941,A1,2.903,1.707,8.86,4.72,0.636,0.351
14.865,3.655,1.334,7.672,2.467,0.507,7.296,1.57,2.981,2.471,A1,0.863,3.345,3.386,6.589,9.638,3.063
7.941,0.005,5.21,4.372,3.175,12.3,11.469,1.518,2.394,0.202,A1,0.337,3.345,2.015,2.137,6.074,0.516
9.843,2.282,7.403,5.098,2.622,3.103,0.812,3.228,2.463,1.61,A1,10.16,17.42,4.863,6.589,2.155,1.753
41.734,3.116,10.244,3.421,5.02,0.61,2.01,6.198,0.551,0.381,A1,3.463,2.922,5.086,3.177,6.618,3.236
3.888,12.892,3.229,5.448,0.777,15.138,3.039,5.434,0.007,0.175,A1,7.498,1.637,9.649,0.641,3.238,0.677
15.726,1.619,0.387,4.031,3.329,6.65,11.373,5.563,0.809,3.421,A1,13.529,0.677,2.187,3.435,4.7,5.137
9.914,5.654,1.464,1.0,2.467,2.202,6.961,2.7,3.353,8.39,A1,2.213,2.029,4.98,1.354,7.283,3.009
6.04,6.166,0.776,1.099,1.377,0.274,10.728,6.673,3.705,16.138,A1,3.62,5.466,4.263,3.944,0.972,2.841
2.668,4.677,2.648,7.798,6.865,0.291,6.698,3.421,2.874,0.345,A1,5.152,2.805,10.094,6.233,1.858,4.53
5.726,11.923,1.077,3.421,3.066,1.273,6.937,2.83,4.498,2.453,A1,5.657,7.203,2.754,2.782,8.885,3.484
9.161,3.045,10.417,4.865,2.622,4.107,3.29,16.336,13.097,9.421,A1,1.612,1.306,5.28,1.0,2.345,9.753
0.704,22.604,0.108,1.17,5.343,9.264,0.827,7.457,2.971,2.758,A1,7.32,2.783,3.507,5.735,4.333,2.112
2.856,4.489,2.261,28.64,2.206,5.484,11.529,13.957,5.789,4.013,A1,4.145,5.105,1.845,6.724,6.783,9.239
0.049,2.202,14.657,7.457,1.361,4.511,0.847,4.541,2.883,1.152,A1,5.458,1.321,0.23,0.314,4.048,6.447
4.004,0.22,0.107,1.251,3.758,3.637,1.819,4.605,18.693,6.498,A1,2.754,2.753,3.653,0.675,7.346,6.805
4.435,9.574,1.011,0.543,3.282,5.507,6.399,0.367,3.255,4.91,A1,0.731,5.482,7.296,5.634,3.2,2.07
5.475,10.165,5.445,7.26,4.127,2.861,6.456,3.055,13.606,3.798,A1,1.567,5.666,8.666,0.058,6.593,4.414
3.897,7.206,0.15,3.412,2.284,2.238,3.278,6.801,4.801,1.143,A1,9.374,6.243,0.752,1.24,10.087,1.347
3.744,2.229,0.388,10.058,0.76,1.395,2.847,6.037,1.539,0.551,A1,0.325,3.236,3.696,1.307,5.2,4.145
3.61,0.641,2.153,1.116,7.465,6.332,5.359,8.867,2.58,2.65,A1,0.276,6.681,2.639,2.715,4.2,0.04
5.287,3.099,1.314,13.932,1.884,3.933,0.692,2.055,6.043,4.273,A1,0.044,8.487,1.859,2.161,8.815,4.052
12.793,6.031,12.354,1.556,12.554,0.529,5.359,1.841,4.601,7.663,A1,5.309,1.953,6.7,9.569,3.13,1.036
0.274,5.224,0.56,0.363,1.222,4.336,0.19,6.101,7.667,8.722,A1,9.713,1.721,7.403,8.876,11.1,6.817
2.785,10.39,3.185,8.784,13.876,4.314,1.078,5.961,2.981,3.179,A1,1.868,1.907,3.28,5.412,2.503,5.424
19.385,9.475,8.223,7.744,4.665,3.879,9.759,8.232,3.412,5.708,A1,8.728,3.475,3.208,3.038,6.245,1.415
36.353,10.551,12.806,1.466,6.588,9.233,1.9,12.956,2.492,1.421,A1,2.536,4.059,5.681,15.212,0.212,1.903
2.094,6.184,9.922,13.215,11.354,2.578,11.983,1.549,1.279,0.256,A1,3.363,2.713,3.543,5.237,1.858,0.788
7.224,11.547,5.812,2.426,8.433,3.152,6.542,2.604,4.171,7.376,A1,1.401,4.713,2.862,5.641,3.111,4.39
14.865,1.637,10.503,6.121,7.127,13.887,1.254,2.001,0.027,1.287,A1,6.802,2.29,4.361,0.644,7.391,0.901
0.731,17.735,5.617,2.695,3.268,3.022,7.355,12.139,5.026,3.448,A1,6.716,0.262,2.36,6.731,5.08,5.604
0.991,0.623,8.071,15.367,3.99,3.865,9.675,0.839,0.927,10.336,A1,3.562,10.87,16.615,7.457,1.82,16.001
16.309,1.484,2.195,4.516,4.544,5.444,2.094,3.712,12.217,0.372,A1,7.999,2.076,6.248,7.867,1.756,3.344
3.673,5.924,5.317,0.085,0.239,12.636,1.867,1.054,1.406,2.542,A1,4.845,3.935,1.047,11.91,0.478,2.028
11.278,7.807,2.883,2.327,6.189,4.659,10.955,5.391,0.883,5.125,A1,10.698,2.622,7.934,2.937,7.213,8.109
23.259,5.251,12.547,2.856,5.28,3.973,0.285,6.241,10.534,6.426,A1,1.686,0.199,0.022,8.116,2.352,10.572
7.798,0.462,1.678,5.269,0.376,1.794,3.55,3.337,5.149,3.332,A1,9.291,0.892,7.755,5.264,7.834,0.584
12.569,0.408,9.771,3.502,2.945,7.605,9.902,6.553,2.723,9.457,A1,2.097,1.231,2.84,0.016,3.036,4.803
9.663,5.968,9.256,8.157,3.529,1.556,5.454,2.055,1.895,7.834,A1,1.062,6.858,5.229,0.166,2.01,1.377
2.713,26.667,12.397,2.973,9.986,1.242,0.608,1.387,4.85,8.462,A1,4.564,7.465,7.941,3.22,2.168,2.686
12.614,12.031,20.361,5.179,3.729,2.188,2.094,3.012,8.871,6.829,A1,0.756,7.08,2.037,2.964,0.333,6.692
0.803,0.677,7.123,4.345,1.53,8.668,1.72,4.207,6.675,0.91,A1,1.484,12.115,3.529,2.177,11.335,4.853
3.601,4.363,0.473,29.411,1.115,2.511,3.502,4.498,2.263,5.78,A1,8.082,2.106,1.342,2.581,4.327,8.3
2.13,3.843,17.606,10.856,2.929,2.695,11.098,1.753,1.138,3.538,A1,0.842,6.465,6.176,6.502,2.548,0.501
17.268,8.444,6.2,0.067,3.929,9.879,7.642,9.566,19.447,4.928,A1,4.647,7.388,1.578,4.213,1.789,0.277
5.036,0.785,5.445,4.856,1.669,1.838,13.454,4.476,0.271,12.506,A1,0.304,3.537,0.975,0.217,0.851,2.788
9.053,32.344,4.112,4.202,18.257,7.112,4.258,1.938,0.159,6.201,A1,0.449,4.059,5.208,4.921,2.022,4.121
2.094,13.457,3.832,11.17,8.633,2.049,5.595,6.747,7.325,1.484,A1,1.286,7.311,0.422,10.477,3.922,2.106
0.56,2.399,4.779,0.65,2.376,2.83,1.628,0.862,6.758,7.323,A1,0.739,3.312,6.047,1.74,5.618,1.514
5.619,12.085,5.079,0.65,0.546,3.65,0.97,8.641,10.446,3.484,A1,7.92,3.183,7.023,1.108,3.694,4.62
7.619,4.058,1.357,4.677,10.063,8.762,7.786,4.325,6.484,3.072,A1,2.511,3.368,2.304,0.527,12.563,1.855
5.287,10.632,12.978,0.399,7.096,3.829,4.124,3.012,16.394,7.009,A1,7.229,1.815,2.266,1.0,6.422,2.007
19.815,1.96,0.322,3.412,8.356,0.789,8.193,0.462,1.969,3.879,A1,5.491,6.811,2.096,6.515,7.163,0.776
6.085,0.005,2.152,0.91,5.419,5.305,0.572,6.241,13.224,17.206,A1,3.251,11.124,5.803,12.239,2.593,9.352
4.901,17.466,0.516,3.359,3.483,11.076,8.216,1.366,7.839,0.013,A1,1.948,8.21,7.109,0.859,1.447,1.365
7.726,8.749,13.817,12.82,0.176,12.125,4.689,2.713,1.993,1.341,A1,0.102,4.236,5.222,7.013,4.137,1.401
8.417,5.323,8.523,5.493,0.654,5.668,0.202,16.583,5.466,5.502,A1,9.945,3.912,6.126,2.52,3.326,1.58
7.879,4.121,8.135,5.341,7.465,1.152,2.74,6.639,2.042,6.874,A1,2.958,0.714,3.653,4.155,12.056,5.577
5.143,12.623,11.191,6.489,2.544,6.829,7.116,3.143,2.433,1.412,A1,11.195,7.865,5.172,5.022,4.58,12.33
26.595,4.686,11.536,23.833,1.806,11.439,5.861,5.455,4.566,4.273,A1,5.375,4.39,6.514,1.397,1.927,4.498
12.928,20.587,7.879,4.3,5.157,5.695,9.424,17.519,3.333,2.381,A1,1.86,5.282,2.978,4.652,0.142,2.124
2.022,13.071,3.122,1.646,7.203,0.17,2.294,3.594,5.848,4.847,A1,2.685,8.564,0.546,6.098,2.187,4.055
2.39,16.954,1.981,3.673,10.032,1.269,6.542,1.14,0.349,7.116,A1,0.602,3.635,4.162,1.67,4.055,4.976
2.812,9.304,2.41,4.408,11.108,4.054,15.75,0.065,2.081,3.52,A1,4.07,19.987,2.295,4.598,0.801,4.516
7.116,4.946,1.764,2.65,7.895,2.91,3.971,2.55,8.166,2.776,A1,2.536,3.168,1.649,0.823,5.681,0.572
5.87,9.547,5.274,6.067,4.79,0.224,0.886,9.631,1.68,7.78,A1,3.744,6.266,2.747,1.114,2.149,8.24
2.704,16.255,1.291,0.632,0.422,12.058,5.06,4.887,13.87,7.87,A1,4.178,3.222,13.609,2.54,3.896,7.965
4.569,1.726,4.562,0.175,6.143,4.874,10.704,1.271,4.625,5.637,A1,2.709,7.134,3.07,8.385,1.674,10.728
0.022,0.265,15.841,0.892,0.683,13.914,5.538,6.306,0.839,1.377,A1,2.743,1.936,3.925,0.426,0.579,3.248
12.183,2.794,0.752,4.39,1.283,0.865,0.501,0.516,0.287,3.045,A1,3.546,9.494,6.736,5.116,0.566,6.752
3.673,3.045,26.387,9.914,17.212,6.717,14.578,1.809,2.419,3.78,A1,1.658,4.206,12.031,2.007,2.137,5.353
0.776,6.919,4.756,1.206,4.436,5.574,2.309,4.671,2.883,1.708,A1,13.769,11.293,2.103,6.69,1.459,2.809
5.116,3.708,0.709,2.031,5.835,14.398,10.763,14.054,9.742,5.538,A1,7.594,4.505,3.378,1.841,1.826,5.819
1.134,4.596,10.632,19.457,4.404,0.785,9.328,2.227,10.955,0.686,A1,0.963,1.469,2.302,12.239,3.339,4.45
5.143,2.471,4.09,8.013,4.651,6.26,6.435,3.777,5.603,0.283,A1,3.773,3.844,3.873,0.137,7.049,4.049
3.143,4.031,3.895,2.56,5.312,4.444,6.674,0.085,2.282,6.865,A1,0.094,0.468,5.423,0.173,1.617,2.922
25.447,9.26,1.271,10.363,2.914,0.798,10.584,3.131,2.136,2.103,A1,4.92,1.377,6.148,5.049,9.505,0.372
5.224,7.098,8.931,5.143,0.039,1.188,2.629,6.015,12.412,6.166,A1,5.875,8.856,1.027,2.363,1.751,10.745
3.852,0.22,11.753,9.627,1.454,9.681,4.16,2.745,2.018,2.614,A1,3.902,3.637,3.766,4.787,1.902,4.922
4.06,0.217,0.063,4.419,5.681,0.271,2.122,1.588,0.354,3.42,A2,5.746,3.938,2.564,3.763,3.393,1.742
2.759,5.859,2.723,6.879,2.021,1.186,0.332,7.342,0.032,1.399,A2,2.615,1.533,0.978,2.954,6.625,1.498
6.96,9.916,5.304,5.524,8.226,5.829,0.576,1.754,0.143,1.752,A2,2.784,1.716,2.804,3.869,5.362,0.935
2.406,12.592,2.576,11.514,5.106,8.208,1.973,2.247,3.672,2.09,A2,4.17,0.008,1.872,3.656,4.347,2.244
9.237,3.663,7.988,7.699,0.419,0.934,0.739,4.438,0.666,0.4,A2,2.978,1.011,0.896,0.057,0.486,0.61
9.753,2.474,1.21,0.38,12.233,12.493,1.619,0.095,6.932,4.273,A2,1.139,0.418,0.994,0.53,3.059,0.705
1.376,10.457,1.576,7.415,6.414,7.362,2.501,3.23,0.977,5.994,A2,3.785,1.682,3.422,0.972,3.281,0.311
9.428,9.062,5.841,1.295,1.411,2.017,5.239,5.255,1.188,4.111,A2,0.822,7.293,2.84,0.301,3.321,3.633
0.291,8.719,3.987,1.356,2.875,8.07,1.132,8.103,2.494,4.528,A2,3.131,0.767,0.974,3.412,0.343,1.498
8.831,5.097,7.505,9.265,7.214,10.732,6.513,1.23,4.846,1.315,A2,1.057,0.557,1.283,6.141,0.264,1.654
6.472,9.298,8.525,0.047,1.655,1.536,5.293,5.089,2.186,2.03,A2,0.172,0.208,0.392,4.304,2.804,2.034
8.709,0.126,5.065,4.236,0.296,7.56,1.457,1.649,0.3,0.627,A2,5.643,2.014,2.398,6.912,3.701,0.868
11.583,5.852,4.67,2.677,8.504,10.915,6.175,3.308,3.472,2.395,A2,3.344,0.139,3.125,4.022,0.748,1.945
5.036,2.619,1.181,0.725,1.865,6.576,0.4,0.368,5.544,4.731,A2,5.543,1.412,0.669,3.992,3.773,3.083
10.648,4.846,0.4,1.552,6.275,5.905,0.169,2.723,1.265,0.84,A2,0.466,2.849,3.832,0.172,2.843,0.265
0.4,3.046,3.352,3.646,7.65,2.345,1.688,1.779,2.995,3.013,A2,2.002,6.779,3.613,6.027,5.613,3.388
2.324,3.351,2.918,2.84,3.485,1.414,9.563,0.881,2.816,0.027,A2,1.814,1.934,5.74,3.168,0.468,4.581
4.223,7.926,2.357,0.454,2.266,4.251,2.65,4.377,5.69,2.385,A2,4.773,2.266,5.979,0.865,3.496,6.459
7.651,3.602,0.059,3.653,6.745,6.614,4.561,3.138,0.079,2.019,A2,2.652,1.054,2.051,2.764,3.888,3.51
10.701,6.652,0.693,1.722,6.397,1.864,3.815,0.73,1.186,6.957,A2,0.926,1.857,2.471,2.177,1.634,0.935
3.829,1.925,1.083,7.496,6.553,1.468,1.253,0.071,5.711,5.371,A2,1.739,2.397,1.279,2.093,0.709,0.101
11.786,5.798,7.993,1.742,4.061,8.978,4.277,3.816,9.106,3.247,A2,4.686,0.383,2.059,2.703,0.612,1.884
5.577,5.493,19.016,2.047,1.064,1.369,1.904,4.548,1.321,2.792,A2,1.129,14.161,1.766,1.033,0.863,3.646
3.788,0.21,3.992,0.481,1.987,2.985,2.61,7.769,7.199,4.721,A2,5.233,0.862,4.158,4.129,1.329,3.687
12.843,6.317,5.651,5.029,1.848,0.583,3.409,0.625,8.873,3.602,A2,5.371,0.243,0.774,3.846,3.07,5.781
14.768,3.29,5.895,2.731,3.746,0.736,0.63,2.279,1.443,0.464,A2,2.443,0.689,1.14,3.122,4.896,4.229
1.064,2.589,2.43,4.467,1.482,1.224,1.091,4.999,1.077,0.878,A2,6.078,4.401,1.523,0.118,2.402,3.436
12.03,0.492,8.042,1.234,10.787,2.215,1.511,3.157,1.818,2.372,A2,1.245,3.938,7.931,7.43,4.817,1.884
4.67,2.627,1.674,3.504,3.172,6.035,3.802,13.336,4.369,4.172,A2,0.438,0.236,4.545,1.414,1.103,3.836
20.041,1.468,6.012,0.563,1.899,8.009,8.912,5.231,4.526,3.653,A2,0.163,1.09,6.679,0.72,1.9,5.415
5.008,1.376,7.378,2.121,5.576,11.608,2.84,1.254,3.727,2.22,A2,2.53,4.314,6.614,0.012,1.921,1.538
8.424,3.968,5.895,9.041,7.005,2.116,4.805,5.626,0.522,1.447,A2,1.92,2.528,2.999,1.59,3.945,3.741
0.888,2.474,1.62,8.818,5.594,4.822,3.057,0.832,0.522,2.924,A2,2.668,0.94,2.734,3.961,7.634,3.159
6.215,0.065,3.674,6.574,0.243,4.952,0.006,4.565,3.415,6.459,A2,0.053,5.672,5.06,1.506,5.51,7.306
6.513,2.223,2.913,2.243,4.497,5.486,6.838,0.888,3.459,1.915,A2,0.51,5.001,5.545,9.908,2.496,5.374
9.224,4.395,0.039,3.389,0.487,8.604,4.602,1.942,4.626,1.874,A2,0.935,2.596,0.571,5.005,2.539,3.26
2.406,0.362,1.425,0.759,0.888,7.346,5.645,2.23,3.295,3.9,A2,4.17,1.831,3.837,2.726,2.169,3.416
9.075,8.665,0.132,1.348,7.93,2.474,12.274,0.62,5.289,2.152,A2,5.449,0.418,4.569,0.339,2.008,0.922
5.727,8.597,7.11,4.683,1.813,0.659,7.611,1.01,5.346,6.317,A2,1.526,0.68,5.028,4.258,5.761,0.047
15.134,0.667,2.986,5.748,7.285,5.509,3.693,3.304,0.201,0.471,A2,5.937,2.737,0.722,1.064,1.986,2.223
6.35,11.105,0.571,3.422,0.487,0.431,5.279,5.297,2.452,2.223,A2,6.047,1.099,4.423,5.852,1.143,2.555
13.535,8.017,4.206,1.633,0.14,1.285,6.025,5.56,2.838,1.674,A2,2.284,1.611,2.848,1.445,2.75,1.688
7.069,2.101,8.501,0.271,2.162,0.088,6.079,3.125,5.047,3.226,A2,1.739,1.081,0.063,2.009,2.104,0.318
6.825,2.627,3.284,0.136,4.67,2.855,1.485,3.613,0.653,3.44,A2,5.552,3.059,1.747,0.049,0.418,4.731
4.141,7.651,7.012,6.289,4.478,2.314,0.63,4.431,0.356,7.001,A2,2.483,1.43,0.913,3.29,10.73,0.162
16.15,0.278,4.45,9.387,4.218,1.201,5.754,5.512,1.831,0.006,A2,1.235,0.062,4.182,1.49,3.238,1.532
9.834,3.877,1.405,5.659,7.598,3.61,0.17,3.857,2.971,3.918,A2,2.894,10.168,6.549,1.773,1.8,3.05
0.779,2.871,1.864,2.881,4.043,2.619,0.902,4.475,0.289,0.698,A2,4.989,0.278,0.913,2.192,0.569,4.927
4.276,4.693,3.889,1.308,2.701,2.467,3.693,9.184,2.053,5.029,A2,0.663,4.514,3.357,2.291,8.136,1.125
1.498,9.725,6.5,3.511,0.611,5.669,5.226,3.487,2.472,0.481,A2,0.062,3.058,2.612,2.665,2.8,0.671
2.812,0.37,3.674,6.866,5.872,5.082,0.658,4.926,0.023,4.019,A2,2.058,0.384,1.056,0.705,0.501,1.423
9.956,9.146,8.139,2.169,4.584,5.615,0.738,8.493,2.561,3.826,A2,10.542,1.672,0.506,4.807,5.211,1.952
13.901,1.59,6.817,11.189,0.278,4.289,7.651,0.852,4.415,0.576,A2,3.297,1.648,5.48,2.383,1.243,0.522
3.748,4.327,0.332,7.171,4.654,6.027,2.135,2.132,0.888,1.051,A2,0.717,0.105,0.844,2.085,4.914,5.645
0.535,4.053,1.596,2.934,1.202,0.751,2.854,6.724,0.522,3.249,A2,4.426,1.421,0.698,2.444,0.26,6.899
2.121,3.077,2.742,2.202,8.61,5.105,5.51,7.908,7.352,8.442,A2,4.567,4.374,1.3,4.487,2.732,6.838
6.866,7.445,2.625,2.128,7.354,3.671,0.359,10.14,0.809,3.188,A2,2.565,5.874,1.853,1.956,1.111,6.358
3.816,6.347,4.499,12.538,2.51,4.212,3.287,2.345,1.986,0.268,A2,2.277,2.735,0.083,4.868,2.607,1.24
3.097,10.648,3.743,2.162,4.199,1.841,3.382,3.052,5.291,5.026,A2,3.225,3.573,3.658,1.712,2.485,1.24
13.25,5.608,3.382,5.516,5.594,9.184,1.539,0.381,0.844,7.102,A2,2.53,2.962,2.637,4.113,4.447,2.142
14.551,1.704,0.82,3.3,3.957,0.248,2.853,1.235,2.507,3.47,A2,0.097,6.815,0.608,1.025,1.053,3.836
8.383,1.308,1.405,1.437,1.028,4.929,3.247,2.364,3.359,5.331,A2,0.137,0.4,0.067,1.46,3.299,4.636
4.304,6.896,4.358,3.938,9.481,3.366,4.385,1.918,5.358,3.595,A2,4.407,3.711,2.097,2.779,1.272,0.047
8.655,0.393,0.551,13.25,1.203,1.651,0.779,0.961,8.627,0.962,A2,6.872,4.609,1.88,0.659,0.307,0.65
7.692,14.49,2.747,0.827,12.931,0.705,0.44,7.915,0.121,5.473,A2,1.357,1.569,1.018,0.088,0.181,4.046
8.167,14.49,1.479,1.409,3.328,0.873,14.347,3.06,1.343,1.508,A2,1.983,2.475,0.364,0.149,0.529,0.136
11.583,14.216,3.504,5.069,3.992,0.69,6.351,3.962,10.002,5.788,A2,0.015,4.358,3.048,0.423,2.876,1.715
0.36,6.652,3.406,3.857,0.245,5.204,4.372,3.931,0.6,1.579,A2,3.891,4.846,0.324,1.231,3.457,3.151
19.444,4.693,3.035,6.879,1.655,5.151,6.608,0.368,11.723,2.383,A2,6.919,4.705,2.059,1.003,2.209,0.725
6.391,2.07,4.724,7.618,4.391,0.934,0.549,1.954,6.409,7.232,A2,0.691,3.528,0.026,1.62,2.596,2.034
9.441,0.515,11.819,2.202,4.898,3.328,9.889,3.987,5.457,5.628,A2,2.39,4.201,6.732,0.507,2.348,1.531
0.197,0.126,0.4,8.119,2.701,11.326,1.416,10.921,8.33,7.374,A2,2.84,4.183,2.629,5.821,5.983,6.385
13.466,0.187,7.798,3.694,2.788,8.993,2.935,5.931,4.114,1.773,A2,1.113,4.504,0.189,2.352,5.933,0.271
1.823,5.974,10.989,4.629,8.889,0.202,2.189,0.632,2.474,1.643,A2,3.656,2.51,1.653,0.179,2.499,6.56
5.293,6.591,0.498,2.121,0.68,2.001,5.117,1.632,0.055,9.113,A2,0.832,4.034,7.603,3.595,0.131,4.69
2.894,3.633,10.086,3.788,7.545,0.378,0.251,0.051,3.006,0.545,A2,3.297,4.279,6.041,3.534,3.902,4.757
14.755,13.599,8.042,4.947,3.973,3.587,4.588,1.803,2.762,5.13,A2,6.143,1.308,0.69,0.233,11.38,1.613
5.687,2.192,8.871,8.648,4.898,1.384,8.831,0.942,3.073,1.468,A2,1.47,3.04,9.392,1.483,3.35,5.55
7.977,3.016,6.7,8.566,6.169,0.995,1.918,5.651,0.043,3.829,A2,5.552,2.162,0.286,0.911,0.343,8.235
0.372,6.744,0.986,4.195,5.96,1.277,1.932,0.356,0.165,5.903,A2,1.796,0.705,1.609,1.94,5.301,5.151
3.178,9.55,1.449,4.581,3.748,1.567,2.894,1.218,2.563,3.066,A2,5.287,3.974,1.08,0.568,2.915,3.002
8.953,5.524,7.329,8.302,11.78,0.637,0.332,6.512,1.498,0.85,A2,2.681,2.779,1.072,0.248,3.321,0.786
8.993,5.737,0.986,3.328,1.761,1.376,0.969,5.243,1.775,0.095,A2,3.15,0.018,5.277,1.696,1.95,4.419
4.032,2.139,0.942,6.906,2.772,2.291,1.809,7.017,6.067,2.311,A2,3.044,6.492,3.328,4.419,9.184,3.314
5.74,4.273,7.037,5.585,3.694,10.602,6.852,8.293,0.554,2.253,A2,2.23,7.155,2.812,0.766,3.087,0.156
10.892,4.175,7.354,4.812,1.743,4.663,5.008,0.937,7.099,4.578,A2,1.132,7.633,2.479,0.049,0.773,1.2
5.239,8.818,2.162,10.274,0.679,9.839,3.111,2.486,8.017,3.229,A2,1.479,0.993,0.991,2.955,3.78,0.746
3.504,9.58,8.627,2.772,10.335,8.497,2.229,1.535,0.467,0.055,A2,0.275,1.848,0.725,4.335,2.933,5.151
10.77,5.547,6.431,2.738,3.729,0.927,4.209,6.627,0.476,2.467,A2,2.227,1.299,1.796,1.666,5.84,0.875
10.119,7.11,3.718,2.271,2.823,2.146,1.905,4.004,8.773,3.562,A2,3.673,2.3,3.113,6.805,3.116,0.718
1.579,13.453,4.089,6.431,5.611,2.497,4.006,3.76,1.454,4.782,A2,0.607,0.471,5.423,0.057,2.535,1.2
8.912,3.298,5.26,14.531,2.352,3.626,1.769,2.271,1.33,2.517,A2,0.979,4.26,0.307,4.777,2.09,1.654
9.346,4.944,5.943,4.581,10.264,2.352,3.233,3.279,6.988,4.334,A2,4.013,0.253,7.077,7.613,3.816,2.351
3.897,13.545,9.53,3.524,2.439,0.4,6.473,5.28,0.121,1.234,A2,4.001,1.071,4.491,4.052,0.343,0.319
19.35,0.637,3.84,13.771,2.143,4.922,5.455,3.443,1.931,3.829,A2,5.925,2.256,3.214,2.543,4.727,6.764
3.287,1.247,1.966,4.703,3.154,9.382,0.509,1.144,2.984,2.677,A2,0.316,1.578,3.552,1.902,0.296,2.034
5.699,1.094,6.231,7.11,0.557,0.126,4.575,3.382,8.951,0.746,A2,3.366,7.075,3.727,9.901,5.266,2.636
0.901,7.163,8.33,11.758,6.517,1.231,3.721,3.438,0.056,0.057,A2,1.949,3.624,3.255,3.168,0.698,6.737
1.226,3.755,4.304,0.197,7.702,1.391,1.01,0.059,2.03,2.04,A2,5.899,2.613,0.234,3.366,3.457,0.691
7.326,7.018,5.914,11.27,2.231,1.407,0.441,6.414,7.064,1.193,A2,0.06,1.43,0.327,1.437,1.233,4.236
4.892,0.591,3.186,1.372,3.2,1.874,2.017,2.165,3.792,3.68,A3,3.827,3.104,1.395,3.657,0.628,8.931
7.695,1.751,4.842,9.607,4.938,2.695,6.399,3.318,6.462,5.288,A3,3.166,4.742,5.122,5.23,4.349,0.867
6.757,11.08,7.493,2.567,0.756,1.472,2.132,5.849,4.498,0.341,A3,1.288,4.582,3.099,3.097,3.288,9.973
1.309,3.563,7.248,5.831,1.555,1.046,0.665,0.479,6.348,3.162,A3,2.471,1.475,5.215,0.548,3.205,0.44
7.882,5.766,8.674,3.5,3.819,0.807,8.565,0.095,1.834,3.855,A3,1.395,0.553,4.572,9.749,6.79,1.829
2.101,2.934,3.611,12.707,5.078,2.637,3.649,0.752,6.259,1.64,A3,0.599,4.109,0.36,0.414,4.265,2.855
3.68,18.569,14.324,9.257,2.235,10.947,5.156,10.164,7.892,1.454,A3,5.763,5.208,3.024,2.949,1.7,4.595
1.915,2.794,1.57,1.845,4.432,6.028,2.241,7.325,4.993,1.064,A3,1.445,1.805,0.208,5.626,0.826,2.211
2.614,2.654,9.087,0.253,7.429,10.713,5.84,9.591,9.615,3.179,A3,4.139,1.565,2.409,2.232,0.581,7.377
1.162,5.493,2.654,7.339,6.45,5.09,9.032,8.339,2.235,6.337,A3,2.837,3.45,0.519,2.722,3.705,3.858
4.705,12.835,2.458,2.118,4.778,2.602,6.29,2.577,4.936,1.057,A3,2.843,6.786,1.573,1.891,3.411,3.266
11.238,0.108,13.541,11.092,4.712,1.262,2.623,3.297,1.421,5.259,A3,0.847,1.382,0.572,3.651,2.465,5.304
20.189,7.234,5.513,1.232,3.953,0.189,0.354,1.549,2.222,0.539,A3,0.545,0.336,1.709,0.757,0.499,1.628
13.942,4.962,13.563,3.633,5.191,3.056,4.426,3.367,1.726,4.082,A3,2.338,1.042,0.845,2.879,2.35,1.689
3.959,9.122,8.92,0.726,0.563,6.972,10.352,11.066,0.029,3.919,A3,0.046,2.181,3.437,3.054,0.984,2.165
6.39,2.304,5.402,5.458,4.439,6.255,6.732,1.633,0.995,8.698,A3,2.94,2.594,2.207,3.345,4.1,1.728
2.141,1.605,3.416,6.477,4.432,2.427,1.628,10.045,6.303,2.328,A3,1.165,0.526,1.215,0.696,2.498,0.314
8.348,8.913,6.744,8.691,2.314,5.696,5.855,5.255,2.699,2.357,A3,1.208,7.04,3.677,5.574,1.114,0.244
8.534,4.962,2.465,1.535,3.3,5.44,4.472,0.353,0.982,2.369,A3,2.327,0.247,4.09,1.081,3.532,4.937
2.701,9.367,4.165,10.766,15.161,5.265,3.686,9.899,1.662,3.342,A3,4.687,4.572,3.761,0.932,0.342,6.213
2.241,3.884,4.73,6.134,8.248,3.517,2.35,3.871,0.671,0.714,A3,1.718,5.527,4.938,4.61,10.139,4.853
3.5,7.689,3.22,9.56,6.61,3.01,5.917,2.688,5.089,0.58,A3,0.89,3.004,4.976,4.514,0.447,5.008
7.043,3.948,7.157,0.836,2.254,2.759,8.917,4.548,11.586,1.169,A3,1.783,0.453,10.206,4.481,4.182,3.151
3.406,8.639,5.374,1.419,1.342,4.262,0.152,1.863,1.751,2.992,A3,1.309,1.602,0.581,0.233,2.027,5.162
7.316,1.367,6.492,3.057,10.506,3.604,2.583,5.353,2.184,6.826,A3,4.296,2.081,3.428,3.945,1.642,5.645
0.143,1.332,0.451,7.579,8.868,1.448,4.432,3.919,2.069,1.46,A3,3.633,1.785,2.25,8.762,3.214,0.028
14.076,8.569,6.996,0.626,0.976,9.968,5.809,3.542,7.918,0.51,A3,0.089,2.271,1.747,6.614,3.469,4.13
9.047,0.521,7.555,5.667,6.197,10.801,8.932,0.661,4.637,0.3,A3,0.965,8.275,5.159,0.469,1.025,2.374
2.98,7.934,2.66,5.102,1.042,0.923,11.254,4.71,1.554,1.116,A3,2.209,5.611,3.919,2.977,8.452,1.433
7.549,3.709,1.395,8.132,5.811,7.066,13.159,0.57,1.948,2.339,A3,4.16,0.772,2.449,2.986,9.449,0.034
3.959,4.647,2.269,5.311,6.051,8.954,0.416,3.353,4.294,3.19,A3,2.058,8.135,3.288,9.49,0.729,0.269
17.252,2.06,5.843,0.3,4.459,1.839,2.203,2.822,1.167,3.593,A3,8.55,0.593,0.761,3.318,0.291,2.388
18.178,11.856,11.297,1.005,6.29,2.905,3.105,1.521,1.44,0.469,A3,1.133,7.439,1.377,1.201,5.492,1.015
0.043,3.954,4.395,2.148,17.659,0.766,1.986,2.249,8.617,1.489,A3,2.09,2.444,6.477,0.853,5.081,3.47
18.091,5.801,4.702,5.318,0.217,1.535,7.493,3.849,4.962,5.23,A3,11.798,4.682,3.313,1.437,0.194,5.498
6.384,0.346,5.199,7.456,10.306,8.657,4.177,4.87,0.531,4.927,A3,1.632,0.003,6.617,2.54,1.897,1.807
1.821,9.443,4.059,4.076,1.196,3.091,6.172,2.766,1.02,1.798,A3,4.634,5.028,0.917,4.557,4.842,1.946
7.369,7.485,6.996,1.256,9.354,6.856,3.524,0.101,1.554,0.504,A3,2.639,2.371,7.63,2.768,3.674,1.852
2.521,1.85,9.569,1.518,5.637,2.427,4.099,5.821,6.182,6.407,A3,6.656,1.462,2.959,0.792,2.416,2.196
2.188,2.381,5.116,2.847,6.41,0.86,4.69,5.402,6.068,1.768,A3,4.408,2.055,5.33,4.184,0.918,2.622
3.027,6.262,2.968,7.649,7.176,10.195,3.509,6.562,1.376,2.952,A3,5.699,0.253,0.124,1.323,0.202,1.953
5.318,4.164,2.878,4.502,5.271,5.318,4.161,3.745,1.624,7.025,A3,0.589,3.759,1.125,2.287,0.702,2.988
3.779,7.514,4.367,2.544,7.775,7.636,0.96,1.374,8.973,1.64,A3,3.31,4.482,6.029,0.702,3.362,5.776
11.139,1.081,4.171,10.562,6.41,5.329,6.959,1.018,3.245,5.865,A3,1.402,0.576,1.43,1.515,5.795,2.676
7.182,0.277,1.765,0.067,4.019,3.167,2.483,4.165,9.78,8.132,A3,0.423,5.501,2.931,7.547,1.675,3.61
8.721,12.171,8.22,8.248,1.701,4.123,6.095,8.129,3.69,2.218,A3,1.047,4.928,1.392,1.673,0.365,2.211
16.693,2.416,0.221,7.129,10.113,8.511,3.531,8.878,8.267,0.486,A3,0.907,3.18,2.486,1.087,4.283,1.192
1.815,3.214,3.052,0.23,2.814,7.992,3.5,2.864,2.006,2.066,A3,0.563,0.177,0.693,1.955,1.568,2.186
8.108,5.836,5.423,16.15,10.006,9.524,3.151,3.919,5.947,2.357,A3,0.556,2.784,7.717,2.407,1.14,2.831
9.181,0.353,2.129,4.472,4.232,6.71,5.908,4.738,0.251,6.069,A3,0.104,2.484,4.286,7.243,0.885,0.104
7.043,8.423,6.968,5.761,4.399,3.849,3.447,3.116,1.434,1.448,A3,4.285,8.538,1.448,0.163,1.099,2.04
4.752,8.045,12.975,0.889,0.682,1.92,5.84,1.549,3.239,4.146,A3,3.274,2.984,2.374,3.561,0.497,1.044
1.955,8.773,4.646,0.043,1.801,9.041,2.878,1.843,3.703,6.069,A3,3.833,3.074,10.39,5.458,2.759,2.917
7.975,11.185,3.779,8.854,7.529,2.077,7.571,0.305,2.749,4.327,A3,0.143,1.605,0.183,0.493,0.53,0.424
1.302,2.87,0.619,6.593,6.437,4.968,12.544,1.829,2.622,2.945,A3,2.762,4.219,9.712,2.188,1.147,3.136
11.005,5.556,7.549,6.763,10.246,3.377,4.783,3.661,4.212,2.141,A3,1.299,1.522,1.094,1.894,0.579,0.587
8.948,3.849,0.305,2.101,0.796,2.322,3.851,0.605,4.142,3.919,A3,1.144,2.81,7.192,4.63,5.237,1.45
2.847,11.716,4.612,4.915,2.001,3.36,9.607,1.745,1.637,2.427,A3,0.395,0.916,0.659,3.965,5.203,1.388
0.516,0.667,2.66,8.208,9.008,3.196,4.758,0.507,0.219,3.796,A3,4.22,5.281,2.607,2.835,0.875,3.391
2.894,3.5,13.647,1.885,0.137,0.888,8.512,9.695,1.828,5.737,A3,1.811,4.762,1.253,4.286,3.944,3.625
16.5,8.213,4.702,2.398,4.232,4.612,2.521,2.912,5.146,1.244,A3,2.676,1.931,5.041,3.561,0.383,5.886
5.924,11.331,7.835,5.201,7.929,4.444,2.862,2.828,1.478,4.158,A3,5.828,0.896,1.887,4.514,3.501,0.447
0.143,4.723,9.849,7.182,4.439,7.025,1.06,3.234,12.914,2.066,A3,0.632,2.005,5.6,0.117,1.165,1.667
0.883,6.29,7.717,0.603,1.395,6.308,5.047,0.71,5.648,5.691,A3,3.327,8.225,1.756,4.138,4.036,2.802
7.456,0.947,9.395,2.404,8.128,9.717,4.541,3.094,8.223,3.773,A3,3.278,1.032,1.085,0.029,4.043,1.332
5.784,13.289,2.856,6.297,13.623,8.517,2.157,2.039,2.393,4.146,A3,5.92,4.422,0.351,2.101,0.729,3.509
11.791,6.955,9.143,1.512,0.456,5.888,1.588,1.206,0.747,4.176,A3,8.384,1.335,2.101,0.556,3.228,1.138
4.472,5.241,3.969,1.658,8.894,1.839,4.168,0.94,10.836,6.32,A3,0.901,1.961,2.654,1.203,8.018,4.051
8.901,1.92,7.074,5.195,0.663,7.042,5.722,0.367,5.178,7.001,A3,1.38,0.203,4.022,3.441,4.232,1.316
7.369,2.689,2.766,0.05,11.225,8.948,0.214,0.87,0.938,5.999,A3,9.701,3.184,1.346,0.897,2.671,3.103
2.141,6.955,1.088,0.58,3.134,3.738,0.314,5.877,7.562,2.025,A3,4.451,2.294,1.756,1.279,3.674,1.915
5.784,6.856,0.535,9.14,10.812,0.598,1.675,1.983,9.132,0.871,A3,0.53,0.846,1.377,1.087,5.171,3.066
1.116,1.605,3.801,4.525,1.715,1.174,2.98,12.164,1.98,9.892,A3,0.111,6.357,1.722,0.626,0.77,1.59
4.945,3.115,2.017,11.681,0.816,4.315,3.944,4.976,9.628,2.386,A3,5.296,6.16,3.894,0.431,1.978,4.727
4.239,2.409,10.045,0.772,1.615,6.78,5.364,7.773,5.845,4.356,A3,5.838,1.482,5.75,3.406,1.445,7.905
5.737,0.871,1.983,1.489,3.233,13.08,0.401,4.199,0.448,1.005,A3,4.612,7.909,1.498,1.186,3.682,5.217
4.938,4.857,0.948,0.096,6.97,1.646,2.685,4.234,6.513,5.556,A3,3.177,3.393,6.98,1.437,2.613,0.679
3.866,4.577,1.234,0.702,0.942,0.737,0.618,2.66,2.578,5.306,A3,4.365,7.915,1.467,3.991,0.875,6.001
7.316,1.43,4.556,0.493,7.016,6.553,0.143,1.765,3.207,4.146,A3,6.0,3.533,1.377,4.365,1.476,4.253
14.822,1.262,0.836,6.966,9.234,3.465,10.191,1.528,8.617,1.495,A3,1.122,0.486,1.616,0.912,5.449,2.398
13.103,1.57,7.416,2.887,0.896,2.025,3.695,5.304,4.568,1.518,A3,0.745,4.429,0.479,2.969,0.801,4.494
15.194,5.248,2.346,8.971,2.454,0.399,4.012,1.675,3.665,0.172,A3,0.933,9.387,0.068,3.729,2.416,2.879
3.913,11.745,14.038,0.26,12.071,2.235,13.367,5.717,3.5,6.255,A3,5.914,4.309,1.628,0.309,5.361,2.235
5.778,3.843,7.164,6.57,1.575,0.073,4.55,5.199,5.833,8.225,A3,1.671,4.229,14.141,3.895,3.064,5.039
11.005,3.283,13.513,1.868,0.882,8.062,2.723,2.976,0.277,1.71,A3,5.156,3.689,4.845,0.215,9.143,0.284
8.441,0.667,7.241,1.605,4.952,2.556,16.003,8.948,5.057,0.999,A3,6.06,4.798,5.19,0.737,0.655,0.469
9.927,3.773,5.591,3.523,0.816,0.871,10.865,3.2,5.998,4.012,A3,7.667,8.478,2.141,6.131,1.213,0.485
3.12,6.675,7.829,12.404,4.598,2.916,4.541,0.367,6.309,5.463,A3,6.652,1.582,6.374,0.222,0.184,2.809
6.437,5.283,1.905,6.367,6.437,2.416,4.556,7.717,0.791,8.907,A3,0.444,2.714,4.631,1.008,1.831,4.045
3.779,1.542,3.248,2.987,2.115,2.112,3.649,0.814,5.324,2.031,A3,0.793,3.114,1.364,3.01,0.49,1.192
11.325,4.863,0.053,4.385,6.836,0.807,8.108,2.968,0.06,0.673,A3,4.263,1.592,0.115,3.272,6.957,2.382
7.083,1.5,5.262,6.314,3.5,2.776,0.19,8.71,4.409,0.05,A3,4.629,2.531,4.441,1.955,4.026,1.862
4.752,3.878,0.752,2.98,3.06,2.223,1.628,6.856,3.004,6.593,A3,1.299,3.164,3.77,4.68,1.278,5.467
8.621,5.737,3.36,16.849,13.469,0.486,0.982,6.101,4.917,3.406,A3,2.977,0.163,0.015,1.839,4.003,6.057
9.7,11.262,9.731,4.146,3.659,5.276,6.312,5.625,1.885,5.987,A3,3.267,3.923,4.329,0.172,0.655,5.428
10.906,7.136,0.591,4.362,7.149,0.329,3.235,1.339,1.669,1.425,A3,6.194,0.023,9.569,1.218,3.394,6.538
7.602,10.003,6.409,2.87,6.77,2.811,7.851,0.542,2.616,4.95,A3,1.961,3.573,2.875,5.268,1.371,0.315
15.288,1.99,3.214,6.826,7.715,0.556,1.262,4.898,1.968,0.498,A3,1.316,2.594,2.036,4.07,4.053,2.646
15.381,7.724,0.954,13.586,9.387,4.56,7.555,4.479,4.733,2.013,A3,1.417,1.532,3.192,1.448,4.627,6.935
1.542,3.5,0.199,7.619,4.978,7.077,0.323,3.038,0.887,0.831,A3,2.342,3.589,0.64,2.348,3.271,0.516
12.112,20.385,19.154,2.397,10.049,0.888,11.978,4.636,7.732,11.516,B1,1.36,15.642,3.02,9.266,5.279,2.891
19.63,18.955,9.468,8.062,3.696,4.461,7.566,8.528,2.087,7.756,B1,4.309,0.44,1.336,1.533,1.747,8.45
9.331,1.812,0.951,16.69,9.011,7.757,17.502,3.064,1.062,1.06,B1,6.703,3.684,2.614,2.527,10.221,0.182
7.372,8.881,18.264,9.463,12.681,0.82,1.382,1.65,16.107,1.376,B1,5.213,3.265,0.369,4.711,7.391,13.584
2.953,2.686,4.446,2.582,4.087,2.675,12.341,2.305,2.996,2.754,B1,1.755,5.346,0.828,5.504,10.642,2.818
12.772,3.441,8.198,5.466,3.248,6.03,5.529,0.383,0.859,2.714,B1,5.653,7.984,10.132,3.002,1.261,4.786
1.601,0.224,9.309,3.588,13.952,9.703,0.252,12.721,0.094,10.563,B1,3.437,3.753,6.087,5.941,3.064,1.645
3.771,12.959,6.101,2.845,6.447,7.094,2.882,10.338,4.527,6.551,B1,6.052,0.133,2.024,2.497,1.588,0.526
10.442,16.493,10.072,23.626,3.27,8.682,4.912,8.086,2.534,0.98,B1,12.723,4.683,5.907,4.779,3.504,8.272
9.066,9.635,14.17,10.815,0.547,8.007,5.935,4.735,1.133,16.491,B1,7.754,6.248,2.448,7.114,1.467,7.921
14.706,0.304,7.273,9.622,1.336,7.908,5.889,8.242,3.891,9.134,B1,4.83,3.962,2.649,6.963,9.128,5.474
41.362,8.563,12.8,4.938,12.046,6.2,23.23,1.698,3.241,2.514,B1,2.741,7.615,7.326,3.24,2.719,1.768
6.129,7.837,6.99,7.795,2.499,4.521,6.412,1.46,12.223,9.304,B1,0.713,0.394,7.086,8.383,8.306,1.294
6.659,14.241,4.449,1.68,2.794,5.188,6.772,7.59,2.996,1.296,B1,10.601,0.201,3.009,0.898,1.028,3.217
0.464,13.158,8.706,2.503,6.901,1.007,9.348,5.497,5.248,8.075,B1,2.696,8.977,3.154,2.069,8.427,1.717
31.913,10.707,5.72,6.895,10.667,6.367,9.429,4.179,2.693,2.569,B1,0.957,5.766,8.791,2.119,3.784,10.003
4.195,6.367,11.819,16.533,6.061,12.999,1.724,5.656,3.011,0.304,B1,4.158,1.795,3.133,1.533,0.514,4.363
29.185,8.75,2.698,0.941,4.949,1.614,3.436,4.751,8.772,3.321,B1,0.301,0.003,5.886,0.967,6.83,2.026
2.607,1.007,15.313,5.282,12.256,4.493,0.242,1.126,14.721,6.063,B1,4.187,4.717,1.057,3.56,6.877,3.041
2.66,6.129,0.094,2.368,9.079,9.445,1.294,1.936,13.161,3.692,B1,11.359,10.004,0.898,4.006,1.224,2.75
13.33,0.304,12.864,11.369,3.043,3.965,2.801,9.497,14.865,4.184,B1,3.218,5.131,3.111,10.428,6.111,0.844
0.912,5.902,14.583,5.494,2.38,12.562,0.754,1.415,7.443,10.879,B1,7.311,3.35,10.407,4.928,2.906,1.55
9.571,1.455,11.434,2.555,3.945,7.987,1.124,0.732,9.364,4.223,B1,4.578,4.7,8.618,1.98,6.083,1.698
9.489,1.217,6.292,9.2,10.571,6.141,7.972,6.768,0.715,4.779,B1,9.037,4.053,12.631,0.85,2.84,4.629
5.572,31.792,6.828,10.575,1.75,7.709,1.964,7.546,3.69,4.976,B1,0.994,8.308,8.282,2.021,1.224,10.065
0.358,5.613,1.11,9.968,4.218,5.752,4.248,3.051,11.992,5.242,B1,3.584,5.783,5.487,5.783,2.027,6.341
9.888,14.269,3.937,6.156,8.512,11.907,5.766,6.53,1.335,8.035,B1,18.38,9.255,1.378,4.155,4.709,0.612
0.729,20.595,6.8,3.771,8.052,0.244,11.018,7.149,10.981,0.742,B1,0.493,1.79,2.19,0.75,3.635,4.806
6.341,1.455,10.93,12.668,3.242,8.841,5.519,15.853,7.732,4.051,B1,4.427,1.665,4.163,0.153,6.895,1.574
1.283,15.699,1.078,11.874,1.812,4.533,3.447,0.637,7.574,8.869,B1,2.708,14.61,7.488,1.386,1.784,1.698
16.902,6.129,19.598,4.409,16.652,14.618,13.16,10.513,0.701,2.21,B1,5.799,2.595,7.527,7.797,5.363,6.315
13.143,6.01,4.827,8.695,4.218,8.035,0.012,17.759,0.18,8.523,B1,3.095,3.508,2.956,5.017,0.093,6.383
13.541,23.93,6.546,9.569,5.307,11.609,1.364,3.191,6.765,2.765,B1,9.037,1.12,10.008,6.766,12.875,9.225
11.741,4.382,4.894,3.189,5.398,8.154,12.154,3.191,7.603,4.859,B1,8.561,7.746,1.505,2.665,4.391,12.093
13.778,8.881,1.908,3.215,12.551,8.067,2.088,5.526,19.269,7.663,B1,6.752,4.972,1.216,0.055,3.868,3.877
11.237,8.035,6.006,17.353,2.13,10.648,6.401,4.255,4.989,0.899,B1,3.551,8.767,5.42,2.507,1.177,5.759
6.26,22.41,7.435,0.464,6.328,1.475,7.647,5.764,10.721,7.703,B1,11.383,0.683,6.736,1.604,0.747,4.594
22.489,16.096,6.796,1.733,0.32,1.455,8.3,8.579,5.365,13.727,B1,14.128,9.692,4.128,1.693,2.261,0.535
4.036,1.177,1.177,0.252,9.164,0.272,2.67,20.587,5.898,9.226,B1,3.804,3.253,1.682,2.645,4.429,1.539
30.508,12.375,8.988,1.257,9.465,4.473,3.207,16.902,7.79,0.477,B1,0.53,6.657,7.986,5.912,1.392,0.949
13.594,3.667,6.987,7.53,7.672,12.554,8.925,8.512,0.6,0.914,B1,8.487,2.737,2.137,3.292,1.42,3.111
17.142,4.819,8.039,7.797,0.95,5.573,3.189,2.651,11.227,7.069,B1,9.815,3.145,7.128,6.697,8.194,5.22
23.943,6.855,8.734,2.608,4.45,0.125,7.118,7.352,10.779,0.979,B1,0.521,1.12,4.873,2.259,3.205,0.455
1.918,18.161,3.591,2.953,1.563,7.133,1.848,12.025,7.616,2.792,B1,4.733,0.468,0.687,11.569,4.429,3.253
15.024,4.711,5.303,1.152,7.621,0.173,4.071,2.972,2.737,10.112,B1,0.692,4.881,2.317,3.172,0.813,4.056
6.129,12.522,4.731,1.814,1.722,5.088,15.959,2.937,7.487,0.701,B1,2.057,4.728,3.069,1.356,6.503,5.353
2.264,10.191,0.856,6.738,5.511,9.504,4.294,0.574,5.061,14.375,B1,3.279,1.506,9.648,6.338,0.075,2.889
20.078,21.627,16.104,3.851,4.246,9.504,4.823,0.538,4.83,2.026,B1,0.676,1.994,1.216,4.293,9.502,8.406
20.343,27.373,17.406,8.113,9.096,12.752,10.566,1.952,8.815,2.13,B1,11.391,10.991,2.963,0.065,5.989,0.295
3.006,4.184,16.803,9.172,10.009,8.067,9.631,5.688,4.671,12.282,B1,4.036,1.807,1.29,0.898,4.139,2.695
3.27,1.086,0.478,22.701,10.735,12.681,3.277,9.878,14.836,1.682,B1,3.967,0.644,7.103,12.206,3.532,8.062
11.925,11.887,12.073,15.128,2.794,8.75,3.517,3.29,4.513,12.072,B1,0.167,0.604,2.741,4.303,13.548,0.694
2.847,15.432,6.225,7.478,7.167,5.454,2.818,6.371,0.05,11.238,B1,4.883,7.962,1.64,0.79,2.055,6.262
6.26,5.653,4.604,5.944,3.543,0.769,0.235,2.67,1.119,6.142,B1,0.664,0.706,3.726,6.745,0.906,9.341
8.618,9.584,22.048,6.286,7.803,11.013,5.917,1.237,8.065,15.99,B1,8.679,6.878,0.792,4.362,0.439,3.147
5.441,16.346,13.979,9.331,7.309,10.1,6.172,11.45,2.823,0.385,B1,3.144,3.696,3.238,0.024,1.448,5.819
2.105,7.61,17.346,5.414,1.41,11.998,1.258,5.736,4.295,6.857,B1,2.289,0.718,6.563,7.868,0.28,5.148
3.27,10.112,15.758,2.236,3.083,2.507,2.864,3.75,8.96,0.886,B1,2.68,10.344,6.641,10.35,3.177,6.48
33.819,9.028,12.133,4.62,10.185,8.047,0.976,0.221,1.885,7.32,B1,2.733,7.116,0.87,6.577,0.551,3.553
5.73,16.215,2.003,2.448,4.677,13.526,9.253,2.765,9.884,0.356,B1,2.94,4.694,2.825,3.768,0.421,5.642
3.718,9.147,3.591,1.391,12.868,8.909,1.354,7.225,1.87,2.011,B1,6.907,8.03,7.763,3.181,2.653,1.655
11.53,17.923,9.338,13.99,6.192,0.669,15.278,9.484,7.342,0.689,B1,0.151,0.859,1.83,1.455,1.869,11.132
21.324,21.298,12.641,8.457,9.187,3.262,11.854,9.929,9.725,4.753,B1,1.975,1.245,4.311,11.343,8.811,5.273
11.343,8.71,8.861,4.567,10.032,9.088,8.501,8.388,0.628,1.589,B1,6.007,3.282,3.581,5.039,4.98,1.071
11.212,3.996,1.047,1.76,5.653,7.729,12.906,15.25,0.498,3.666,B1,3.576,3.65,4.573,6.3,5.905,6.013
20.212,4.949,21.981,6.048,10.707,5.287,7.347,12.693,6.592,5.851,B1,3.755,4.422,1.608,0.313,6.344,4.506
9.147,23.522,5.18,0.729,5.239,4.104,11.777,0.732,2.043,3.493,B1,6.789,4.252,0.401,1.266,4.569,4.656
17.696,5.534,2.381,1.258,1.994,18.538,12.648,2.051,1.956,0.304,B1,12.699,5.568,2.741,2.476,7.222,7.859
4.46,15.143,6.256,6.103,8.716,6.498,10.584,11.466,9.378,1.654,B1,9.306,5.596,3.683,8.264,5.438,6.685
2.289,9.278,5.97,7.718,6.628,20.595,7.213,6.113,8.18,6.908,B1,6.74,2.465,0.499,7.102,1.102,1.108
0.277,2.675,11.374,5.677,0.139,4.036,1.223,6.006,5.408,4.011,B1,0.924,8.325,3.514,3.401,4.176,5.069
2.741,8.206,11.403,2.529,1.886,4.612,6.542,2.464,4.281,5.916,B1,1.58,4.11,0.023,2.565,7.101,0.27
11.106,9.198,17.057,5.017,3.65,3.191,14.819,9.897,5.71,10.127,B1,0.432,7.837,0.023,4.809,7.671,2.518
3.482,15.342,11.978,3.853,12.233,4.314,8.183,1.396,0.238,5.611,B1,6.687,6.504,3.217,0.492,4.27,1.938
2.818,1.217,9.341,1.894,6.237,6.677,12.447,5.605,10.231,2.355,B1,0.859,8.58,8.491,13.268,4.989,2.105
5.36,5.812,16.422,10.153,1.177,5.454,0.03,10.135,4.353,2.833,B1,6.736,0.19,0.104,7.41,0.953,8.281
29.848,24.526,3.718,18.49,2.38,13.019,8.96,6.466,14.085,0.661,B1,8.508,6.657,3.104,7.143,3.448,3.498
7.213,7.332,4.926,12.933,2.998,5.188,5.042,0.395,2.693,7.094,B1,3.523,10.554,4.393,0.947,6.12,8.362
15.26,9.873,2.797,6.789,7.536,6.855,4.777,2.019,1.48,13.129,B1,4.724,2.181,4.989,4.195,10.931,4.998
6.472,2.039,2.19,5.704,12.051,14.349,5.176,6.892,3.039,1.587,B1,0.151,3.69,10.375,20.346,4.363,3.588
24.978,3.56,10.04,0.145,2.266,3.004,6.429,8.245,1.87,0.807,B1,17.024,6.753,2.37,0.512,1.093,2.421
4.964,6.419,4.195,6.101,7.196,4.791,5.564,5.18,17.536,2.845,B1,5.502,1.205,12.01,3.5,1.953,4.038
17.777,5.97,4.033,28.894,9.459,10.815,13.319,4.592,3.646,4.301,B1,5.539,0.014,12.793,0.383,8.904,9.004
23.389,9.425,6.383,11.978,10.509,17.517,1.488,3.893,13.581,0.199,B1,8.622,6.748,3.546,7.64,8.558,0.597
4.223,6.01,9.373,2.474,5.766,6.626,0.923,10.818,6.072,1.627,B1,2.191,7.298,4.668,2.744,3.354,4.989
11.318,2.607,9.401,9.703,1.387,15.381,10.054,4.783,11.068,6.975,B1,1.434,9.465,8.875,6.894,0.131,0.401
3.588,8.393,8.035,10.391,5.199,2.428,8.918,5.446,12.035,3.745,B1,2.256,4.819,2.882,3.768,6.054,5.033
4.354,9.663,7.463,0.649,1.109,0.888,9.384,9.782,1.177,3.467,B1,9.999,6.816,2.077,0.949,0.738,7.215
19.284,25.24,27.607,7.003,1.024,2.873,0.552,6.256,7.126,4.01,B1,5.702,3.077,3.009,3.47,2.009,0.711
0.146,8.869,5.307,1.151,16.544,14.182,6.666,16.851,2.087,3.654,B1,2.549,2.919,6.436,1.285,5.083,5.977
7.294,13.685,7.273,1.232,3.361,11.501,6.736,3.75,2.678,2.516,B1,10.015,9.539,4.287,1.334,2.037,11.21
8.642,20.078,13.69,7.294,5.08,14.369,6.888,3.556,7.632,2.741,B1,2.46,4.257,4.022,3.24,9.334,4.488
21.218,15.262,2.571,6.076,6.969,2.655,1.805,9.516,4.786,15.765,B1,7.18,1.568,1.968,2.0,8.521,0.852
18.889,7.888,0.224,8.325,9.306,3.846,10.647,7.086,1.48,5.679,B1,9.375,5.976,1.195,1.396,2.793,3.639
2.342,10.151,8.198,4.777,10.803,7.102,6.454,10.199,9.652,5.534,B1,4.468,9.516,5.137,3.707,1.392,0.868
8.406,17.049,2.285,8.115,15.5,12.185,3.853,6.435,6.231,3.614,B1,7.058,3.333,4.636,4.471,7.456,3.906
3.959,4.91,8.706,3.904,14.746,9.326,9.401,3.21,8.757,7.332,B1,7.091,13.606,0.274,8.204,0.775,0.923
15.553,16.93,14.071,8.75,13.158,8.651,5.335,3.223,15.718,10.669,B1,10.063,6.084,6.217,2.466,6.643,7.418
19.312,14.031,12.864,7.292,2.221,2.575,3.224,2.095,9.942,8.801,B1,3.857,8.37,4.499,3.419,1.457,0.136
1.548,3.191,0.859,14.759,0.774,0.233,2.035,0.602,0.065,2.196,B1,5.567,5.693,3.154,5.108,3.261,1.309
10.837,2.027,4.832,6.51,7.699,5.203,7.067,0.068,1.381,19.264,B2,14.026,6.83,4.707,3.308,9.545,1.931
3.313,15.18,10.476,0.5,0.628,11.923,12.84,1.751,0.928,11.44,B2,2.717,4.445,12.361,0.729,5.92,3.953
17.885,4.445,18.961,19.141,14.615,6.352,2.439,0.314,2.91,0.91,B2,9.135,7.473,11.645,7.315,4.859,0.536
3.805,4.731,1.232,9.635,10.377,13.275,2.53,10.471,3.104,2.753,B2,0.472,13.14,0.544,3.779,2.565,0.438
9.963,12.273,5.324,0.183,7.731,13.953,1.256,7.133,11.022,10.728,B2,0.624,2.478,2.281,9.016,8.272,1.538
9.378,14.527,5.461,4.051,5.764,14.975,9.633,17.01,3.557,9.143,B2,16.22,4.535,6.433,3.697,13.999,6.273
2.915,22.269,7.815,7.52,3.352,5.817,10.272,1.134,2.359,7.875,B2,14.884,4.453,1.789,4.98,5.013,3.231
32.035,2.683,0.577,13.487,1.315,0.757,5.774,5.707,3.163,15.494,B2,2.894,3.742,0.789,6.588,3.172,6.038
6.794,3.873,6.504,4.308,4.757,9.382,8.488,9.88,3.661,0.882,B2,5.352,9.818,1.161,5.871,4.531,1.613
34.876,1.579,3.423,10.81,0.886,2.603,0.363,5.149,10.882,3.587,B2,6.172,6.611,0.571,0.421,13.922,2.924
18.54,6.207,20.403,7.586,12.101,6.25,11.638,14.508,1.48,4.704,B2,6.638,2.361,1.789,3.238,4.127,8.021
39.481,17.436,1.068,4.09,7.091,6.862,5.483,4.559,10.956,2.781,B2,4.331,6.704,5.996,0.165,11.801,2.97
11.93,5.387,0.997,6.903,7.473,6.493,0.545,5.739,1.122,3.243,B2,5.68,0.968,4.472,0.186,9.911,13.368
0.636,17.6,13.197,0.227,5.264,9.528,2.439,0.03,4.883,8.884,B2,6.449,0.004,10.755,3.113,1.668,5.235
22.365,0.921,10.935,0.374,16.808,15.611,1.239,15.754,22.891,5.128,B2,8.58,0.324,6.455,3.482,5.148,0.921
8.925,3.013,12.083,5.811,4.257,2.58,12.091,2.609,8.408,0.06,B2,5.504,6.037,14.825,6.473,0.405,8.506
14.279,17.272,6.832,1.756,0.66,2.642,6.154,4.177,2.314,9.432,B2,1.847,2.264,0.096,7.889,9.314,2.878
11.329,4.895,4.832,11.071,3.025,3.359,0.001,4.046,3.238,8.791,B2,0.409,0.543,9.023,3.502,8.118,8.579
1.658,13.459,13.027,3.106,5.155,1.394,1.856,7.389,8.936,3.832,B2,3.385,12.753,6.056,5.523,0.096,1.501
4.117,0.88,7.094,16.89,7.918,19.485,15.353,9.034,11.186,16.792,B2,10.635,7.137,3.445,3.912,3.914,1.765
34.931,32.8,4.74,5.018,12.476,12.988,1.385,4.799,6.724,7.122,B2,1.393,5.03,0.282,3.144,3.056,17.976
10.782,8.176,3.128,1.265,1.705,19.137,8.469,4.291,3.348,7.887,B2,11.202,5.487,5.964,0.657,1.639,5.337
25.752,18.212,5.199,6.111,2.439,13.787,5.226,1.429,1.694,7.138,B2,9.916,13.023,0.614,4.365,0.299,0.72
1.713,4.895,1.653,7.684,0.394,4.386,2.569,5.57,2.35,6.113,B2,5.189,5.533,9.438,4.795,0.019,5.171
6.685,1.128,5.193,6.084,13.202,1.822,11.31,14.224,0.273,3.873,B2,7.823,7.887,5.99,7.51,2.883,4.299
6.919,22.925,0.937,5.21,10.564,10.161,8.067,7.034,5.732,9.692,B2,7.761,5.823,1.423,15.029,3.779,7.95
19.469,13.626,15.0,9.596,2.463,13.07,4.716,11.001,0.019,0.702,B2,5.252,3.013,1.095,4.178,3.548,4.927
6.302,9.198,13.82,6.248,11.094,9.997,5.098,3.314,9.904,0.77,B2,3.914,14.954,2.161,1.802,1.745,3.423
1.183,5.346,0.21,6.619,0.066,11.247,12.364,5.291,1.262,9.143,B2,3.524,4.383,3.215,5.039,5.939,2.159
4.679,16.942,4.144,12.612,5.428,1.968,7.994,7.788,7.997,1.699,B2,5.567,9.21,4.821,11.759,0.887,9.023
20.562,1.945,14.803,9.498,8.972,5.94,1.711,1.249,4.102,6.685,B2,10.218,3.368,1.396,3.126,7.665,0.545
8.542,6.043,1.593,11.891,15.294,7.354,3.68,5.723,10.873,0.019,B2,7.319,7.196,2.882,2.908,4.503,7.438
12.312,32.474,1.161,1.194,2.15,7.579,1.094,6.488,13.295,5.319,B2,0.952,3.563,9.69,2.519,1.562,4.443
12.858,10.511,18.535,3.696,16.394,0.634,1.931,7.717,1.882,13.036,B2,8.529,6.947,5.007,1.484,0.424,7.195
30.778,7.356,12.798,0.991,4.991,13.398,4.151,1.21,15.322,10.621,B2,13.471,3.446,3.953,2.419,3.239,1.813
10.072,18.499,14.142,25.178,8.012,13.357,4.115,1.407,7.282,7.042,B2,18.149,5.112,5.756,10.563,4.435,9.107
15.59,16.901,11.126,25.085,18.353,2.929,16.592,4.789,9.085,3.805,B2,3.322,7.064,4.843,2.634,11.02,5.972
17.409,1.453,14.47,0.975,7.606,12.519,2.767,8.444,1.173,6.589,B2,6.852,3.516,6.116,0.913,1.726,1.492
6.029,16.573,14.535,2.177,6.388,1.763,3.222,5.297,4.862,3.666,B2,0.322,12.16,1.336,8.962,16.024,3.698
1.44,11.37,9.585,1.647,6.411,6.924,4.37,5.111,0.025,4.188,B2,8.744,2.135,6.81,2.365,4.522,3.844
5.116,20.384,3.297,2.423,13.249,0.245,9.617,4.1,7.461,1.852,B2,2.352,3.68,9.438,6.486,5.303,3.113
1.221,2.478,3.33,1.729,6.396,2.56,4.115,0.423,6.903,1.945,B2,1.81,4.593,12.011,1.177,1.128,6.084
2.002,8.296,3.98,6.548,1.026,0.511,3.316,2.314,5.011,0.5,B2,11.265,15.973,3.565,0.91,0.656,9.489
3.313,9.405,6.018,11.645,8.8,2.744,10.416,13.24,1.822,8.982,B2,2.414,2.548,3.871,11.802,3.182,5.89
4.679,11.167,5.586,5.28,3.54,5.94,3.842,10.493,4.46,6.821,B2,1.582,1.936,5.996,0.647,0.54,5.637
2.221,10.716,19.551,2.303,1.565,12.599,14.095,1.767,11.141,3.095,B2,11.619,15.809,14.852,0.411,18.56,3.989
1.51,7.641,8.635,2.45,3.657,3.628,7.377,10.192,9.591,6.113,B2,13.333,0.476,1.5,1.917,1.504,4.597
7.138,0.798,23.261,4.117,11.126,3.832,0.183,2.865,3.005,3.967,B2,3.814,12.991,1.582,6.217,3.172,15.308
6.865,9.241,0.276,15.59,2.744,10.573,2.35,1.767,8.697,6.96,B2,3.537,1.889,5.958,0.575,6.383,12.266
4.718,18.458,2.997,13.311,7.231,13.644,3.313,7.985,8.915,2.139,B2,0.964,4.348,1.27,12.417,2.941,5.681
11.618,8.831,19.229,0.227,6.35,14.793,5.155,12.279,13.444,3.967,B2,0.888,4.757,9.116,3.799,3.953,0.693
14.17,19.69,2.576,5.892,0.09,11.31,4.008,1.134,10.792,11.645,B2,1.696,4.129,1.106,8.801,6.286,10.698
6.466,4.404,19.884,10.662,1.729,12.97,0.982,10.847,2.812,6.507,B2,2.54,17.803,3.182,13.677,4.001,3.368
6.63,15.019,3.297,8.968,1.026,0.593,1.458,9.831,16.878,2.029,B2,4.999,4.851,5.592,2.201,6.402,0.828
23.255,12.148,13.689,20.168,3.048,2.992,11.272,9.116,7.291,5.373,B2,10.005,4.585,2.216,4.926,9.699,0.645
7.559,0.677,1.456,3.313,4.734,1.74,1.019,3.882,6.56,7.504,B2,1.62,3.879,11.197,1.22,5.929,2.275
17.775,5.387,0.577,6.439,14.076,9.382,4.481,2.177,3.551,5.838,B2,5.919,3.45,1.178,1.72,7.347,0.973
1.073,5.963,12.634,9.007,1.901,3.628,7.395,7.69,16.812,16.125,B2,9.891,5.405,16.218,6.411,5.949,0.864
2.806,7.479,7.526,4.8,2.173,4.304,2.02,3.603,1.971,0.292,B2,3.776,3.551,0.068,6.586,5.978,0.154
10.454,10.14,7.821,22.818,2.182,0.45,13.33,1.986,16.565,3.887,B2,6.008,1.948,1.636,0.982,0.559,0.409
16.371,3.748,16.6,20.496,2.431,0.163,0.072,4.455,2.627,1.524,B2,2.213,0.999,7.57,1.825,1.813,0.374
4.554,4.201,11.814,5.128,14.326,5.451,9.034,2.57,3.074,9.965,B2,3.473,1.494,0.478,5.133,4.29,0.037
6.209,17.027,3.56,1.385,8.144,0.224,1.349,6.455,1.852,8.613,B2,16.674,1.924,2.172,5.533,4.319,7.22
7.176,12.107,8.313,12.629,5.803,0.409,3.496,13.962,2.201,7.998,B2,16.082,7.278,13.481,0.347,1.523,9.687
32.472,9.938,14.705,8.558,3.133,11.413,7.065,0.675,5.264,11.766,B2,2.642,0.426,1.702,3.126,2.121,0.83
1.167,13.459,9.159,2.958,6.365,6.619,10.234,2.603,2.976,5.51,B2,3.448,9.452,2.86,1.935,1.003,5.519
1.057,6.002,27.883,13.76,0.16,22.743,3.206,3.265,10.166,0.623,B2,4.986,1.237,0.516,2.816,3.076,2.587
3.259,14.445,6.772,2.794,4.593,13.912,1.438,0.702,5.941,12.902,B2,10.522,5.311,9.476,2.726,4.242,0.354
0.199,18.909,14.41,4.226,17.003,2.583,2.949,0.068,4.683,7.192,B2,4.028,6.502,8.526,0.81,0.848,1.51
6.903,5.144,0.413,7.247,4.476,2.539,5.009,7.914,2.26,5.059,B2,1.595,8.504,13.809,1.814,0.858,0.903
13.639,24.812,7.526,5.198,5.858,17.19,8.998,3.652,7.857,11.165,B2,5.163,0.297,6.696,5.951,2.285,3.224
18.868,10.143,0.8,9.225,18.845,8.378,8.54,7.881,2.29,1.044,B2,3.524,9.35,1.358,5.735,2.989,12.175
19.797,1.62,8.706,3.587,4.406,9.18,5.754,2.15,13.608,1.563,B2,11.795,5.814,8.378,5.018,7.212,9.223
3.625,3.75,13.683,9.061,0.59,16.799,3.058,1.134,14.3,2.601,B2,2.881,6.119,15.967,0.286,8.725,9.587
3.423,8.299,4.379,11.329,16.511,10.778,2.712,3.619,0.228,2.521,B2,3.7,7.485,8.012,2.918,7.337,10.436
4.39,8.911,0.839,14.907,4.211,8.77,7.686,0.921,1.986,5.729,B2,0.019,8.995,4.887,2.263,2.719,0.818
18.049,7.518,11.323,13.104,1.565,2.58,2.949,5.199,1.42,17.42,B2,13.775,3.025,4.351,1.384,10.364,6.147
23.146,4.731,7.291,18.01,5.288,11.72,0.584,2.035,5.905,1.592,B2,6.954,1.034,6.455,2.795,2.651,3.798
21.07,1.904,4.543,6.712,4.0,3.464,3.623,5.576,2.558,4.215,B2,7.168,2.065,4.204,12.22,2.208,0.409
7.848,8.34,14.011,11.099,2.767,2.501,3.186,2.554,2.529,4.294,B2,11.48,6.338,3.27,3.051,3.23,5.954
8.285,11.943,17.813,13.421,0.028,17.887,5.772,6.264,7.559,3.407,B2,1.356,12.944,5.63,4.888,8.571,3.334
19.321,19.606,7.624,10.525,10.322,1.597,2.822,9.766,4.117,7.846,B2,2.73,4.129,3.188,0.05,7.414,0.782
10.618,12.722,11.749,14.634,3.563,1.804,2.039,10.886,10.569,1.265,B2,7.255,4.851,7.64,7.948,9.651,3.077
9.416,23.539,15.328,21.19,8.519,9.241,13.933,4.166,1.635,0.063,B2,0.914,10.977,2.041,1.23,3.259,4.98
9.252,11.741,3.494,7.477,6.724,13.605,0.857,5.439,4.928,2.888,B2,0.208,10.263,4.362,10.11,0.434,1.483
32.16,21.573,7.487,9.526,4.64,5.449,6.867,0.767,2.895,3.68,B2,14.127,2.463,7.127,7.787,2.767,0.309
2.259,6.411,4.865,2.669,16.316,4.322,0.566,2.576,4.519,7.944,B2,5.819,5.171,3.658,2.437,2.497,3.696
6.302,2.357,18.475,10.088,1.986,11.923,13.969,5.783,8.474,6.439,B2,6.902,2.076,2.035,3.126,10.191,0.709
24.512,15.224,9.749,7.93,2.158,13.728,11.62,18.403,2.135,4.24,B2,1.368,2.185,3.139,4.506,5.341,10.379
18.83,16.573,4.576,11.7,14.49,2.378,3.352,7.936,1.635,2.355,B2,5.05,4.254,11.973,2.388,0.202,4.688
8.324,3.461,12.044,5.018,3.836,17.928,1.677,12.372,0.913,8.818,B2,3.676,1.986,12.787,1.73,4.705,7.12
13.475,0.265,28.407,25.178,0.745,4.386,4.06,7.657,5.181,8.08,B2,5.63,0.297,0.013,4.148,11.656,1.611
6.138,13.91,15.098,2.614,8.87,5.635,8.123,5.608,3.482,6.343,B2,0.75,10.67,5.22,14.156,5.418,0.547
29.046,9.405,19.944,9.569,6.599,6.534,5.499,7.444,0.66,1.019,B2,6.776,0.191,1.882,2.562,3.027,5.581
5.553,15.549,5.521,0.882,8.152,8.481,13.202,17.622,2.821,11.561,B2,6.36,4.152,1.385,7.057,1.996,3.744
17.174,12.929,2.183,2.439,10.517,3.891,2.569,8.346,5.652,1.481,B2,7.496,5.272,3.286,1.331,6.546,5.135
14.186,3.955,5.592,2.696,6.131,2.808,3.516,10.23,5.226,1.768,B2,3.713,0.156,7.734,3.484,7.25,6.129
20.195,11.124,21.19,2.778,0.168,2.521,13.876,11.929,2.499,2.385,B2,2.301,4.055,5.548,3.351,9.439,0.928
6.537,15.674,11.126,2.767,13.374,0.78,19.615,6.477,9.362,2.164,B2,3.776,4.69,3.16,0.616,2.285,2.539
2.221,4.322,15.426,4.854,13.623,0.245,3.332,3.882,4.078,6.605,B2,0.133,8.597,7.362,10.304,1.591,12.84
3.157,17.353,10.501,0.597,2.062,7.301,0.587,0.288,2.436,4.324,C,4.365,8.186,9.626,1.134,3.858,3.731
1.828,12.601,0.212,13.721,0.642,15.558,5.844,0.061,8.458,2.668,C,0.813,1.994,0.797,4.793,2.321,5.481
7.317,3.204,1.764,0.191,5.834,11.414,1.664,0.488,5.447,5.96,C,7.443,0.183,5.87,1.631,6.073,0.349
9.782,2.968,3.119,1.706,0.885,3.208,7.527,4.225,0.008,4.036,C,2.798,2.94,7.935,1.043,5.016,6.107
0.376,7.084,2.854,0.002,0.602,4.722,9.651,7.859,2.623,0.455,C,2.385,6.347,3.889,0.156,1.353,7.695
2.08,1.339,1.756,7.127,8.754,2.853,6.879,0.629,0.059,3.251,C,15.518,2.765,1.201,5.018,1.252,7.127
0.503,1.217,7.064,6.658,5.239,2.258,0.208,7.188,5.962,5.807,C,2.638,3.792,2.105,3.468,0.418,5.554
6.749,20.334,5.096,8.11,0.723,7.845,1.365,6.591,0.732,6.658,C,6.709,3.224,3.089,13.65,1.175,2.789
3.598,4.414,3.619,7.289,3.752,2.589,9.062,4.539,8.715,1.197,C,2.24,2.602,4.175,1.666,4.593,1.674
5.365,1.197,5.436,3.504,6.307,3.37,3.914,9.146,1.506,7.285,C,4.059,0.723,0.532,6.99,3.156,9.935
20.444,3.961,19.216,2.21,10.877,10.823,2.021,11.986,5.308,0.381,C,3.302,0.669,6.223,4.71,7.588,1.253
0.633,9.951,0.242,4.509,0.318,4.316,0.734,8.475,2.109,7.585,C,0.367,9.471,5.479,4.225,5.149,6.107
6.627,3.799,13.454,2.742,2.237,0.392,5.933,3.146,13.343,4.083,C,7.778,3.481,6.307,2.695,0.351,5.918
23.536,13.851,0.477,9.561,6.334,3.961,5.277,1.159,2.745,1.039,C,1.954,0.602,3.506,3.985,2.956,3.357
16.15,4.414,3.232,9.84,0.899,3.941,5.34,1.386,1.126,1.433,C,4.292,5.523,4.528,2.66,2.233,0.412
0.629,4.056,0.932,4.103,7.808,4.225,6.139,7.51,9.541,9.588,C,8.666,1.886,4.906,1.962,0.84,8.73
5.487,9.024,1.643,0.85,0.899,5.665,1.411,4.566,2.555,0.156,C,3.652,0.534,0.641,3.314,4.326,1.838
4.229,3.819,2.257,2.81,3.955,6.615,4.961,2.627,0.474,6.938,C,4.283,1.169,6.147,4.746,3.011,3.847
2.715,0.865,13.538,13.437,8.146,3.89,1.264,4.595,8.181,3.988,C,2.391,5.847,1.617,6.213,4.949,0.261
5.807,11.844,4.633,4.324,2.792,4.036,17.58,1.15,3.742,2.033,C,0.449,4.022,5.361,1.055,0.718,7.232
5.05,0.629,14.173,11.422,7.308,4.979,2.189,5.134,1.402,1.043,C,5.894,9.322,2.021,1.95,1.498,0.255
6.059,4.083,2.332,1.296,4.428,0.602,11.695,0.894,2.9,1.674,C,7.627,1.683,4.785,3.37,0.819,1.106
2.837,2.711,6.829,19.182,0.034,0.98,11.632,2.048,2.245,12.053,C,4.278,8.132,4.166,2.522,3.435,0.681
16.028,16.974,3.611,2.269,9.93,1.832,9.588,0.667,3.312,4.892,C,6.637,0.858,9.908,1.682,7.833,2.484
11.548,9.261,14.068,10.381,11.931,3.468,8.099,2.787,1.558,0.302,C,5.448,4.157,2.69,5.677,5.171,11.638
7.254,4.367,1.983,0.66,21.895,12.029,6.206,1.056,8.217,1.154,C,1.837,2.711,4.263,5.183,1.419,11.359
25.239,8.646,4.755,12.621,2.143,14.206,8.684,3.733,5.927,6.575,C,13.844,3.278,1.411,1.004,2.366,3.609
4.923,2.806,8.646,1.134,0.331,7.75,3.514,4.717,7.476,4.225,C,0.44,4.36,13.491,3.926,3.324,5.449
4.86,18.941,9.1,8.736,9.687,3.468,2.126,1.556,2.229,0.349,C,2.152,2.292,6.009,3.515,8.535,2.316
4.73,11.418,1.272,6.091,1.116,8.622,7.426,0.837,6.254,4.083,C,3.637,3.333,2.395,1.619,1.787,7.716
13.121,21.639,3.922,10.976,4.887,0.885,2.038,7.851,1.574,1.501,C,5.026,10.417,2.993,2.518,4.482,1.228
2.395,2.542,14.816,8.894,8.97,14.443,4.797,4.301,0.128,4.103,C,4.656,0.832,0.616,5.357,6.374,9.525
5.87,11.654,9.941,8.105,11.485,4.742,5.214,3.354,0.61,0.85,C,6.715,4.793,4.086,8.007,7.143,0.66
10.854,5.455,15.573,7.601,7.794,4.505,3.762,5.834,1.47,4.446,C,1.555,3.914,7.838,4.036,1.542,0.376
3.153,4.556,7.889,0.187,19.354,0.014,9.024,3.373,5.256,2.952,C,7.719,12.932,1.933,2.806,8.479,0.692
15.649,1.832,19.216,8.705,5.199,0.369,4.208,7.746,0.267,10.881,C,1.896,3.495,4.086,7.025,3.958,5.287
20.318,9.194,7.556,3.662,8.2,4.462,12.364,3.563,0.971,7.679,C,3.39,0.128,0.027,5.727,0.874,0.822
14.829,4.103,4.52,7.069,2.021,8.173,11.796,7.529,5.962,1.296,C,8.617,0.466,0.048,1.82,1.776,2.606
10.412,17.826,0.288,0.696,6.023,2.849,8.242,0.175,3.055,2.679,C,0.483,7.551,0.654,0.519,6.33,0.387
10.034,6.733,2.135,1.327,4.292,2.636,0.738,15.157,7.183,6.465,C,0.23,5.009,2.244,2.179,3.135,3.552
16.532,0.27,3.998,10.881,1.088,5.053,2.021,3.8,0.541,12.191,C,12.693,3.197,7.826,5.215,10.015,9.378
18.484,8.599,7.481,7.979,8.092,4.13,7.506,8.532,3.726,1.938,C,6.957,8.578,7.153,5.594,2.377,6.753
8.646,0.44,5.542,0.791,3.265,0.389,4.944,2.57,1.885,7.021,C,16.77,4.117,7.939,10.894,2.478,0.156
3.472,8.437,0.431,5.897,13.824,4.363,2.463,6.402,1.042,7.159,C,1.002,8.281,2.105,1.764,1.409,4.278
13.058,13.168,3.279,6.086,3.022,6.946,1.491,2.173,4.827,0.171,C,1.328,4.725,3.127,3.823,3.201,0.507
0.696,12.573,1.802,5.05,8.876,4.343,6.711,6.023,5.256,5.093,C,0.847,1.764,2.017,8.457,4.949,1.043
3.662,14.493,3.619,0.093,1.102,19.154,9.109,6.894,4.432,7.553,C,2.545,0.899,0.482,2.391,0.796,0.282
5.235,1.055,3.771,3.973,0.088,7.254,7.022,3.979,10.506,3.267,C,10.34,2.008,2.766,8.93,9.013,7.033
2.017,8.977,4.452,4.86,9.051,5.239,0.881,0.856,0.491,3.977,C,14.281,3.008,6.749,4.896,2.032,0.86
3.977,8.389,8.578,3.626,8.254,11.441,10.724,12.261,8.527,0.113,C,11.383,0.899,1.087,1.812,5.55,3.483
28.142,6.658,7.775,4.824,2.778,2.826,3.577,2.57,4.5,4.766,C,0.469,7.416,4.949,9.655,8.245,3.02
15.266,2.711,10.652,10.219,16.514,4.343,8.852,8.03,1.298,3.709,C,5.696,0.128,2.168,6.769,5.149,5.807
12.616,3.914,4.49,2.49,5.55,3.799,3.783,8.684,5.498,2.068,C,5.676,7.916,4.25,8.551,3.435,0.681
22.274,11.627,6.042,13.504,2.116,3.373,3.851,9.241,3.054,7.668,C,0.469,3.13,6.989,1.702,1.487,6.581
17.033,6.895,2.816,2.463,3.779,9.832,3.22,3.327,9.093,0.428,C,4.968,5.807,0.62,0.755,2.232,2.578
0.755,2.968,10.652,1.579,2.63,4.269,5.723,0.355,5.154,0.46,C,0.9,6.118,4.402,2.116,9.402,12.101
5.05,6.686,4.671,6.56,7.754,6.895,0.486,11.088,9.232,4.714,C,5.792,5.199,3.46,1.962,0.496,6.753
11.485,16.008,2.673,1.106,11.364,2.829,6.353,6.591,7.39,5.156,C,7.632,3.779,4.843,3.137,1.442,9.546
11.418,16.501,8.427,6.406,0.885,21.564,1.891,6.175,12.053,4.194,C,10.559,2.359,7.531,8.176,2.222,4.271
3.089,4.245,6.799,3.472,0.683,9.856,6.496,1.386,2.78,1.027,C,2.987,11.364,3.039,3.35,0.272,0.433
2.774,7.632,0.099,0.723,7.186,3.157,7.211,7.491,2.659,3.835,C,5.792,2.927,1.352,4.876,3.224,2.936
2.021,10.255,7.321,4.257,8.321,4.58,0.229,3.752,2.348,13.011,C,4.589,8.213,4.553,0.783,7.287,4.639
15.077,12.317,6.004,7.226,15.054,2.758,6.059,4.377,3.294,2.064,C,8.986,3.076,1.176,4.154,1.052,7.689
28.772,6.942,4.747,11.355,0.467,1.903,8.179,5.607,2.658,5.791,C,0.944,3.752,2.501,1.055,2.455,3.174
5.113,7.51,15.271,11.422,2.697,9.241,6.707,8.778,2.847,8.393,C,6.191,4.793,5.361,2.51,9.536,7.363
3.977,0.98,12.053,10.476,7.483,0.412,7.317,7.718,11.624,0.586,C,9.132,11.674,1.285,0.392,1.91,0.843
3.342,10.539,10.736,0.345,7.132,2.068,0.376,4.225,5.617,4.781,C,1.57,10.836,13.037,0.144,3.702,1.79
1.138,8.078,14.249,0.822,10.769,18.468,6.959,8.248,3.019,1.911,C,4.181,1.764,13.214,2.329,5.428,1.144
1.512,4.083,8.532,11.327,4.793,0.483,3.447,11.172,0.698,0.045,C,5.798,6.347,5.693,2.53,0.239,0.997
6.879,2.616,2.824,11.891,2.129,8.034,5.718,1.832,2.642,2.431,C,3.468,3.563,7.38,0.176,2.155,4.597
0.25,0.96,7.632,4.766,13.851,1.954,7.506,5.02,9.283,4.419,C,3.856,0.71,13.176,2.959,2.979,1.764
12.49,1.007,9.033,2.053,15.541,3.231,3.931,10.131,7.735,0.775,C,7.379,4.752,8.583,4.71,4.27,0.097
14.635,0.061,2.862,2.111,1.791,1.027,1.007,0.156,0.266,1.658,C,5.967,2.278,10.862,0.732,2.566,5.045
1.643,7.348,13.264,1.733,1.67,0.676,2.753,8.703,3.019,6.007,C,2.623,6.767,1.537,4.659,4.081,1.506
13.378,0.392,1.575,1.197,2.711,5.665,1.748,9.952,2.933,1.228,C,7.778,2.819,0.553,10.578,0.495,0.187
13.5,0.318,0.848,11.296,2.44,2.427,8.158,7.708,2.436,3.405,C,1.633,9.322,0.772,8.46,1.531,4.151
1.516,9.876,2.173,1.512,0.926,2.167,1.007,8.181,0.818,2.127,C,8.957,8.268,0.62,3.098,3.702,4.814
20.503,1.69,2.854,5.361,6.929,4.174,2.522,8.135,6.961,4.194,C,0.483,6.861,7.72,0.72,3.112,1.033
9.272,3.137,10.585,3.153,9.43,6.706,7.636,8.238,10.539,2.952,C,6.773,1.48,5.226,3.642,0.172,6.128
1.954,2.494,0.961,9.182,6.929,1.43,9.508,1.51,0.422,3.515,C,0.856,0.196,2.433,1.761,2.833,2.978
2.395,1.812,3.657,6.595,17.704,3.725,6.564,0.961,1.541,10.803,C,0.367,0.182,0.995,3.125,0.685,4.85
14.198,2.92,13.954,2.427,5.509,5.475,5.235,3.176,6.908,2.384,C,6.802,7.943,7.329,5.242,1.153,0.57
14.198,4.955,12.318,1.926,0.602,3.941,4.124,1.245,3.003,11.765,C,4.079,1.25,3.354,3.882,1.041,6.833
18.484,1.623,3.346,4.383,4.941,1.572,0.949,2.559,4.191,2.285,C,1.939,0.155,5.567,1.67,4.57,0.717
4.414,6.354,2.816,0.507,0.209,9.478,5.466,4.936,3.346,3.673,C,17.833,2.467,0.339,12.254,0.239,3.552
0.381,1.67,4.717,3.788,4.752,2.687,8.032,1.954,3.692,0.376,C,2.123,0.25,0.124,5.455,8.167,3.153
8.772,6.848,8.351,5.014,9.782,3.37,9.003,6.677,7.906,1.386,C,2.778,8.349,0.482,7.451,6.775,4.724
4.414,7.206,3.952,0.507,6.983,7.013,6.69,2.162,2.453,2.253,C,0.862,2.089,5.807,2.53,3.78,0.738
16.023,2.068,19.7,13.184,1.197,3.583,2.627,14.57,4.604,5.471,C,2.429,1.007,1.87,2.636,2.344,8.52
12.747,22.936,12.932,6.785,8.578,10.424,0.04,1.499,0.784,0.534,C,2.653,4.09,3.573,3.929,4.114,0.85
3.089,9.998,4.263,7.479,3.306,1.051,4.313,7.718,3.931,0.286,C,5.011,5.847,7.056,2.025,1.398,3.237
17.727,11.864,5.087,25.555,3.143,4.032,1.39,7.964,3.088,2.853,C,1.919,2.359,4.583,4.434,0.251,6.028
18.488,3.441,8.011,3.5,1.507,0.27,10.471,13.424,9.747,10.471,C,0.177,2.157,4.048,5.061,3.924,2.095
14.888,5.192,1.113,2.522,5.158,3.776,2.526,2.229,10.539,1.875,C,4.627,2.549,0.44,5.822,3.123,0.019
0.318,16.359,5.512,11.075,0.831,4.411,7.279,0.564,1.696,10.55,C,6.496,1.548,3.468,2.048,0.796,3.5
0.44,7.159,1.87,3.441,4.82,2.64,6.753,1.67,2.59,0.933,C,8.427,2.292,2.017,4.13,4.47,6.543
17.79,10.803,4.982,0.282,1.602,6.398,0.334,3.384,0.817,8.551,C,4.351,7.686,4.898,0.392,0.751,6.875
9.588,2.826,3.014,7.636,5.185,8.129,1.054,0.961,4.206,1.165,C,2.551,1.521,3.876,1.962,1.142,2.568
3.788,7.463,14.703,4.761,4.374,14.091,5.786,12.677,0.059,6.938,C,2.764,1.413,4.541,1.56,9.592,3.777
3.216,2.474,6.61,0.597,0.642,7.652,6.728,2.324,2.709,9.056,C,1.482,0.169,0.393,3.847,0.618,6.658
